Simulation,Agent,Episode,Reward
0,0,0,17.0
0,1,0,19.0
0,2,0,53.0
0,3,0,15.0
0,4,0,19.0
0,0,1,17.0
0,1,1,22.0
0,2,1,12.0
0,3,1,20.0
0,4,1,34.0
0,0,2,48.0
0,1,2,8.0
0,2,2,18.0
0,3,2,8.0
0,4,2,15.0
0,0,3,21.0
0,1,3,28.0
0,2,3,32.0
0,3,3,11.0
0,4,3,16.0
0,0,4,19.0
0,1,4,18.0
0,2,4,17.0
0,3,4,15.0
0,4,4,14.0
0,0,5,22.0
0,1,5,14.0
0,2,5,19.0
0,3,5,16.0
0,4,5,24.0
0,0,6,28.0
0,1,6,15.0
0,2,6,22.0
0,3,6,15.0
0,4,6,24.0
0,0,7,17.0
0,1,7,17.0
0,2,7,35.0
0,3,7,37.0
0,4,7,17.0
0,0,8,17.0
0,1,8,25.0
0,2,8,20.0
0,3,8,26.0
0,4,8,32.0
0,0,9,31.0
0,1,9,16.0
0,2,9,27.0
0,3,9,39.0
0,4,9,28.0
0,0,10,26.0
0,1,10,15.0
0,2,10,30.0
0,3,10,14.0
0,4,10,39.0
0,0,11,18.0
0,1,11,17.0
0,2,11,27.0
0,3,11,14.0
0,4,11,50.0
0,0,12,58.0
0,1,12,10.0
0,2,12,20.0
0,3,12,57.0
0,4,12,23.0
0,0,13,13.0
0,1,13,22.0
0,2,13,21.0
0,3,13,13.0
0,4,13,24.0
0,0,14,24.0
0,1,14,15.0
0,2,14,16.0
0,3,14,12.0
0,4,14,30.0
0,0,15,22.0
0,1,15,14.0
0,2,15,16.0
0,3,15,22.0
0,4,15,23.0
0,0,16,16.0
0,1,16,24.0
0,2,16,37.0
0,3,16,43.0
0,4,16,14.0
0,0,17,20.0
0,1,17,11.0
0,2,17,28.0
0,3,17,13.0
0,4,17,36.0
0,0,18,15.0
0,1,18,24.0
0,2,18,11.0
0,3,18,24.0
0,4,18,13.0
0,0,19,14.0
0,1,19,29.0
0,2,19,15.0
0,3,19,12.0
0,4,19,12.0
0,0,20,22.0
0,1,20,17.0
0,2,20,13.0
0,3,20,22.0
0,4,20,14.0
0,0,21,26.0
0,1,21,12.0
0,2,21,16.0
0,3,21,12.0
0,4,21,11.0
0,0,22,43.0
0,1,22,15.0
0,2,22,16.0
0,3,22,10.0
0,4,22,39.0
0,0,23,19.0
0,1,23,50.0
0,2,23,17.0
0,3,23,43.0
0,4,23,24.0
0,0,24,25.0
0,1,24,16.0
0,2,24,22.0
0,3,24,25.0
0,4,24,19.0
0,0,25,14.0
0,1,25,17.0
0,2,25,25.0
0,3,25,24.0
0,4,25,30.0
0,0,26,15.0
0,1,26,10.0
0,2,26,20.0
0,3,26,18.0
0,4,26,14.0
0,0,27,68.0
0,1,27,17.0
0,2,27,18.0
0,3,27,25.0
0,4,27,34.0
0,0,28,14.0
0,1,28,27.0
0,2,28,33.0
0,3,28,20.0
0,4,28,26.0
0,0,29,27.0
0,1,29,15.0
0,2,29,27.0
0,3,29,16.0
0,4,29,20.0
0,0,30,33.0
0,1,30,57.0
0,2,30,18.0
0,3,30,32.0
0,4,30,26.0
0,0,31,19.0
0,1,31,15.0
0,2,31,27.0
0,3,31,23.0
0,4,31,17.0
0,0,32,13.0
0,1,32,17.0
0,2,32,16.0
0,3,32,12.0
0,4,32,35.0
0,0,33,17.0
0,1,33,12.0
0,2,33,16.0
0,3,33,14.0
0,4,33,16.0
0,0,34,11.0
0,1,34,15.0
0,2,34,15.0
0,3,34,13.0
0,4,34,15.0
0,0,35,15.0
0,1,35,32.0
0,2,35,15.0
0,3,35,40.0
0,4,35,29.0
0,0,36,14.0
0,1,36,29.0
0,2,36,12.0
0,3,36,38.0
0,4,36,27.0
0,0,37,19.0
0,1,37,25.0
0,2,37,13.0
0,3,37,13.0
0,4,37,33.0
0,0,38,27.0
0,1,38,17.0
0,2,38,18.0
0,3,38,36.0
0,4,38,9.0
0,0,39,13.0
0,1,39,17.0
0,2,39,14.0
0,3,39,17.0
0,4,39,17.0
0,0,40,8.0
0,1,40,12.0
0,2,40,17.0
0,3,40,11.0
0,4,40,14.0
0,0,41,18.0
0,1,41,26.0
0,2,41,21.0
0,3,41,33.0
0,4,41,33.0
0,0,42,20.0
0,1,42,26.0
0,2,42,36.0
0,3,42,19.0
0,4,42,12.0
0,0,43,31.0
0,1,43,15.0
0,2,43,16.0
0,3,43,15.0
0,4,43,24.0
0,0,44,22.0
0,1,44,22.0
0,2,44,11.0
0,3,44,12.0
0,4,44,16.0
0,0,45,15.0
0,1,45,20.0
0,2,45,11.0
0,3,45,18.0
0,4,45,16.0
0,0,46,38.0
0,1,46,9.0
0,2,46,13.0
0,3,46,14.0
0,4,46,18.0
0,0,47,12.0
0,1,47,43.0
0,2,47,40.0
0,3,47,21.0
0,4,47,49.0
0,0,48,15.0
0,1,48,35.0
0,2,48,19.0
0,3,48,17.0
0,4,48,23.0
0,0,49,14.0
0,1,49,23.0
0,2,49,36.0
0,3,49,29.0
0,4,49,16.0
0,0,50,17.0
0,1,50,11.0
0,2,50,13.0
0,3,50,40.0
0,4,50,12.0
0,0,51,20.0
0,1,51,25.0
0,2,51,16.0
0,3,51,20.0
0,4,51,24.0
0,0,52,31.0
0,1,52,34.0
0,2,52,15.0
0,3,52,17.0
0,4,52,13.0
0,0,53,14.0
0,1,53,12.0
0,2,53,25.0
0,3,53,35.0
0,4,53,16.0
0,0,54,22.0
0,1,54,18.0
0,2,54,16.0
0,3,54,18.0
0,4,54,51.0
0,0,55,18.0
0,1,55,25.0
0,2,55,25.0
0,3,55,17.0
0,4,55,24.0
0,0,56,49.0
0,1,56,42.0
0,2,56,14.0
0,3,56,17.0
0,4,56,17.0
0,0,57,18.0
0,1,57,40.0
0,2,57,18.0
0,3,57,19.0
0,4,57,23.0
0,0,58,9.0
0,1,58,15.0
0,2,58,17.0
0,3,58,22.0
0,4,58,36.0
0,0,59,13.0
0,1,59,11.0
0,2,59,9.0
0,3,59,14.0
0,4,59,35.0
0,0,60,44.0
0,1,60,12.0
0,2,60,14.0
0,3,60,19.0
0,4,60,13.0
0,0,61,19.0
0,1,61,14.0
0,2,61,11.0
0,3,61,14.0
0,4,61,36.0
0,0,62,64.0
0,1,62,12.0
0,2,62,16.0
0,3,62,25.0
0,4,62,25.0
0,0,63,30.0
0,1,63,14.0
0,2,63,17.0
0,3,63,35.0
0,4,63,42.0
0,0,64,26.0
0,1,64,15.0
0,2,64,14.0
0,3,64,13.0
0,4,64,18.0
0,0,65,22.0
0,1,65,18.0
0,2,65,10.0
0,3,65,28.0
0,4,65,33.0
0,0,66,24.0
0,1,66,21.0
0,2,66,25.0
0,3,66,27.0
0,4,66,19.0
0,0,67,23.0
0,1,67,12.0
0,2,67,10.0
0,3,67,9.0
0,4,67,15.0
0,0,68,22.0
0,1,68,25.0
0,2,68,15.0
0,3,68,19.0
0,4,68,29.0
0,0,69,20.0
0,1,69,15.0
0,2,69,16.0
0,3,69,28.0
0,4,69,16.0
0,0,70,10.0
0,1,70,20.0
0,2,70,28.0
0,3,70,19.0
0,4,70,17.0
0,0,71,45.0
0,1,71,43.0
0,2,71,23.0
0,3,71,13.0
0,4,71,20.0
0,0,72,20.0
0,1,72,53.0
0,2,72,13.0
0,3,72,30.0
0,4,72,15.0
0,0,73,15.0
0,1,73,31.0
0,2,73,30.0
0,3,73,11.0
0,4,73,15.0
0,0,74,14.0
0,1,74,11.0
0,2,74,32.0
0,3,74,26.0
0,4,74,13.0
0,0,75,10.0
0,1,75,30.0
0,2,75,14.0
0,3,75,13.0
0,4,75,33.0
0,0,76,31.0
0,1,76,14.0
0,2,76,19.0
0,3,76,19.0
0,4,76,31.0
0,0,77,20.0
0,1,77,28.0
0,2,77,14.0
0,3,77,12.0
0,4,77,33.0
0,0,78,19.0
0,1,78,21.0
0,2,78,18.0
0,3,78,17.0
0,4,78,20.0
0,0,79,20.0
0,1,79,15.0
0,2,79,41.0
0,3,79,24.0
0,4,79,19.0
0,0,80,14.0
0,1,80,25.0
0,2,80,10.0
0,3,80,19.0
0,4,80,14.0
0,0,81,12.0
0,1,81,14.0
0,2,81,25.0
0,3,81,18.0
0,4,81,19.0
0,0,82,28.0
0,1,82,13.0
0,2,82,14.0
0,3,82,12.0
0,4,82,11.0
0,0,83,30.0
0,1,83,19.0
0,2,83,10.0
0,3,83,17.0
0,4,83,15.0
0,0,84,25.0
0,1,84,53.0
0,2,84,35.0
0,3,84,38.0
0,4,84,16.0
0,0,85,33.0
0,1,85,23.0
0,2,85,13.0
0,3,85,14.0
0,4,85,20.0
0,0,86,27.0
0,1,86,18.0
0,2,86,9.0
0,3,86,15.0
0,4,86,45.0
0,0,87,29.0
0,1,87,11.0
0,2,87,31.0
0,3,87,10.0
0,4,87,55.0
0,0,88,15.0
0,1,88,38.0
0,2,88,17.0
0,3,88,19.0
0,4,88,25.0
0,0,89,13.0
0,1,89,25.0
0,2,89,26.0
0,3,89,31.0
0,4,89,49.0
0,0,90,15.0
0,1,90,36.0
0,2,90,21.0
0,3,90,18.0
0,4,90,23.0
0,0,91,17.0
0,1,91,27.0
0,2,91,12.0
0,3,91,16.0
0,4,91,16.0
0,0,92,34.0
0,1,92,21.0
0,2,92,21.0
0,3,92,14.0
0,4,92,33.0
0,0,93,14.0
0,1,93,13.0
0,2,93,80.0
0,3,93,16.0
0,4,93,13.0
0,0,94,25.0
0,1,94,12.0
0,2,94,18.0
0,3,94,18.0
0,4,94,10.0
0,0,95,29.0
0,1,95,19.0
0,2,95,19.0
0,3,95,49.0
0,4,95,17.0
0,0,96,10.0
0,1,96,38.0
0,2,96,20.0
0,3,96,18.0
0,4,96,19.0
0,0,97,11.0
0,1,97,14.0
0,2,97,26.0
0,3,97,26.0
0,4,97,46.0
0,0,98,45.0
0,1,98,20.0
0,2,98,16.0
0,3,98,22.0
0,4,98,28.0
0,0,99,18.0
0,1,99,39.0
0,2,99,13.0
0,3,99,27.0
0,4,99,11.0
0,0,100,12.0
0,1,100,21.0
0,2,100,38.0
0,3,100,19.0
0,4,100,18.0
0,0,101,14.0
0,1,101,14.0
0,2,101,11.0
0,3,101,9.0
0,4,101,9.0
0,0,102,11.0
0,1,102,53.0
0,2,102,14.0
0,3,102,11.0
0,4,102,32.0
0,0,103,25.0
0,1,103,13.0
0,2,103,28.0
0,3,103,12.0
0,4,103,31.0
0,0,104,14.0
0,1,104,25.0
0,2,104,17.0
0,3,104,19.0
0,4,104,10.0
0,0,105,10.0
0,1,105,16.0
0,2,105,11.0
0,3,105,14.0
0,4,105,12.0
0,0,106,11.0
0,1,106,19.0
0,2,106,21.0
0,3,106,10.0
0,4,106,12.0
0,0,107,43.0
0,1,107,16.0
0,2,107,21.0
0,3,107,38.0
0,4,107,18.0
0,0,108,10.0
0,1,108,24.0
0,2,108,44.0
0,3,108,19.0
0,4,108,9.0
0,0,109,28.0
0,1,109,18.0
0,2,109,26.0
0,3,109,15.0
0,4,109,19.0
0,0,110,22.0
0,1,110,11.0
0,2,110,20.0
0,3,110,19.0
0,4,110,21.0
0,0,111,50.0
0,1,111,24.0
0,2,111,39.0
0,3,111,15.0
0,4,111,15.0
0,0,112,26.0
0,1,112,9.0
0,2,112,19.0
0,3,112,19.0
0,4,112,11.0
0,0,113,26.0
0,1,113,38.0
0,2,113,12.0
0,3,113,20.0
0,4,113,31.0
0,0,114,18.0
0,1,114,21.0
0,2,114,34.0
0,3,114,25.0
0,4,114,48.0
0,0,115,9.0
0,1,115,44.0
0,2,115,16.0
0,3,115,28.0
0,4,115,23.0
0,0,116,12.0
0,1,116,12.0
0,2,116,28.0
0,3,116,16.0
0,4,116,20.0
0,0,117,33.0
0,1,117,10.0
0,2,117,30.0
0,3,117,27.0
0,4,117,24.0
0,0,118,13.0
0,1,118,22.0
0,2,118,14.0
0,3,118,10.0
0,4,118,38.0
0,0,119,36.0
0,1,119,34.0
0,2,119,11.0
0,3,119,15.0
0,4,119,12.0
0,0,120,19.0
0,1,120,15.0
0,2,120,23.0
0,3,120,13.0
0,4,120,40.0
0,0,121,49.0
0,1,121,25.0
0,2,121,11.0
0,3,121,11.0
0,4,121,31.0
0,0,122,16.0
0,1,122,15.0
0,2,122,14.0
0,3,122,13.0
0,4,122,17.0
0,0,123,28.0
0,1,123,33.0
0,2,123,18.0
0,3,123,11.0
0,4,123,15.0
0,0,124,12.0
0,1,124,19.0
0,2,124,11.0
0,3,124,10.0
0,4,124,35.0
0,0,125,19.0
0,1,125,12.0
0,2,125,14.0
0,3,125,12.0
0,4,125,29.0
0,0,126,12.0
0,1,126,24.0
0,2,126,20.0
0,3,126,13.0
0,4,126,28.0
0,0,127,28.0
0,1,127,22.0
0,2,127,13.0
0,3,127,12.0
0,4,127,18.0
0,0,128,24.0
0,1,128,28.0
0,2,128,21.0
0,3,128,11.0
0,4,128,13.0
0,0,129,29.0
0,1,129,27.0
0,2,129,41.0
0,3,129,31.0
0,4,129,22.0
0,0,130,17.0
0,1,130,32.0
0,2,130,11.0
0,3,130,15.0
0,4,130,16.0
0,0,131,11.0
0,1,131,12.0
0,2,131,19.0
0,3,131,9.0
0,4,131,27.0
0,0,132,15.0
0,1,132,34.0
0,2,132,13.0
0,3,132,29.0
0,4,132,13.0
0,0,133,21.0
0,1,133,19.0
0,2,133,22.0
0,3,133,19.0
0,4,133,12.0
0,0,134,22.0
0,1,134,10.0
0,2,134,11.0
0,3,134,11.0
0,4,134,28.0
0,0,135,50.0
0,1,135,27.0
0,2,135,15.0
0,3,135,16.0
0,4,135,13.0
0,0,136,18.0
0,1,136,22.0
0,2,136,10.0
0,3,136,15.0
0,4,136,29.0
0,0,137,46.0
0,1,137,20.0
0,2,137,61.0
0,3,137,16.0
0,4,137,15.0
0,0,138,35.0
0,1,138,10.0
0,2,138,14.0
0,3,138,20.0
0,4,138,14.0
0,0,139,10.0
0,1,139,13.0
0,2,139,47.0
0,3,139,13.0
0,4,139,16.0
0,0,140,10.0
0,1,140,19.0
0,2,140,29.0
0,3,140,22.0
0,4,140,25.0
0,0,141,18.0
0,1,141,21.0
0,2,141,13.0
0,3,141,24.0
0,4,141,27.0
0,0,142,17.0
0,1,142,9.0
0,2,142,8.0
0,3,142,22.0
0,4,142,20.0
0,0,143,26.0
0,1,143,42.0
0,2,143,19.0
0,3,143,24.0
0,4,143,33.0
0,0,144,26.0
0,1,144,28.0
0,2,144,29.0
0,3,144,12.0
0,4,144,10.0
0,0,145,17.0
0,1,145,28.0
0,2,145,21.0
0,3,145,18.0
0,4,145,15.0
0,0,146,30.0
0,1,146,38.0
0,2,146,44.0
0,3,146,14.0
0,4,146,14.0
0,0,147,40.0
0,1,147,17.0
0,2,147,18.0
0,3,147,11.0
0,4,147,23.0
0,0,148,16.0
0,1,148,16.0
0,2,148,15.0
0,3,148,13.0
0,4,148,68.0
0,0,149,24.0
0,1,149,15.0
0,2,149,18.0
0,3,149,18.0
0,4,149,19.0
0,0,150,25.0
0,1,150,30.0
0,2,150,14.0
0,3,150,29.0
0,4,150,12.0
0,0,151,31.0
0,1,151,12.0
0,2,151,11.0
0,3,151,16.0
0,4,151,18.0
0,0,152,80.0
0,1,152,27.0
0,2,152,11.0
0,3,152,14.0
0,4,152,15.0
0,0,153,11.0
0,1,153,25.0
0,2,153,11.0
0,3,153,14.0
0,4,153,19.0
0,0,154,20.0
0,1,154,24.0
0,2,154,13.0
0,3,154,20.0
0,4,154,24.0
0,0,155,16.0
0,1,155,9.0
0,2,155,23.0
0,3,155,16.0
0,4,155,27.0
0,0,156,29.0
0,1,156,32.0
0,2,156,26.0
0,3,156,14.0
0,4,156,11.0
0,0,157,10.0
0,1,157,12.0
0,2,157,14.0
0,3,157,14.0
0,4,157,20.0
0,0,158,17.0
0,1,158,23.0
0,2,158,33.0
0,3,158,48.0
0,4,158,19.0
0,0,159,23.0
0,1,159,20.0
0,2,159,17.0
0,3,159,24.0
0,4,159,18.0
0,0,160,11.0
0,1,160,14.0
0,2,160,11.0
0,3,160,21.0
0,4,160,28.0
0,0,161,38.0
0,1,161,49.0
0,2,161,13.0
0,3,161,19.0
0,4,161,12.0
0,0,162,31.0
0,1,162,13.0
0,2,162,40.0
0,3,162,27.0
0,4,162,12.0
0,0,163,12.0
0,1,163,13.0
0,2,163,34.0
0,3,163,14.0
0,4,163,11.0
0,0,164,22.0
0,1,164,46.0
0,2,164,17.0
0,3,164,25.0
0,4,164,13.0
0,0,165,22.0
0,1,165,9.0
0,2,165,25.0
0,3,165,18.0
0,4,165,14.0
0,0,166,14.0
0,1,166,24.0
0,2,166,17.0
0,3,166,28.0
0,4,166,17.0
0,0,167,38.0
0,1,167,10.0
0,2,167,14.0
0,3,167,22.0
0,4,167,9.0
0,0,168,20.0
0,1,168,11.0
0,2,168,16.0
0,3,168,33.0
0,4,168,17.0
0,0,169,42.0
0,1,169,18.0
0,2,169,11.0
0,3,169,18.0
0,4,169,20.0
0,0,170,29.0
0,1,170,25.0
0,2,170,16.0
0,3,170,20.0
0,4,170,26.0
0,0,171,38.0
0,1,171,14.0
0,2,171,47.0
0,3,171,39.0
0,4,171,17.0
0,0,172,16.0
0,1,172,21.0
0,2,172,48.0
0,3,172,33.0
0,4,172,11.0
0,0,173,12.0
0,1,173,63.0
0,2,173,36.0
0,3,173,13.0
0,4,173,33.0
0,0,174,11.0
0,1,174,21.0
0,2,174,12.0
0,3,174,39.0
0,4,174,43.0
0,0,175,43.0
0,1,175,9.0
0,2,175,10.0
0,3,175,22.0
0,4,175,23.0
0,0,176,14.0
0,1,176,53.0
0,2,176,26.0
0,3,176,14.0
0,4,176,26.0
0,0,177,28.0
0,1,177,35.0
0,2,177,18.0
0,3,177,23.0
0,4,177,28.0
0,0,178,21.0
0,1,178,26.0
0,2,178,15.0
0,3,178,27.0
0,4,178,15.0
0,0,179,26.0
0,1,179,35.0
0,2,179,10.0
0,3,179,13.0
0,4,179,15.0
0,0,180,21.0
0,1,180,29.0
0,2,180,11.0
0,3,180,28.0
0,4,180,15.0
0,0,181,13.0
0,1,181,16.0
0,2,181,13.0
0,3,181,23.0
0,4,181,12.0
0,0,182,22.0
0,1,182,17.0
0,2,182,15.0
0,3,182,46.0
0,4,182,19.0
0,0,183,31.0
0,1,183,63.0
0,2,183,16.0
0,3,183,25.0
0,4,183,13.0
0,0,184,16.0
0,1,184,16.0
0,2,184,10.0
0,3,184,12.0
0,4,184,9.0
0,0,185,14.0
0,1,185,10.0
0,2,185,21.0
0,3,185,19.0
0,4,185,28.0
0,0,186,26.0
0,1,186,15.0
0,2,186,15.0
0,3,186,17.0
0,4,186,9.0
0,0,187,16.0
0,1,187,13.0
0,2,187,26.0
0,3,187,19.0
0,4,187,13.0
0,0,188,24.0
0,1,188,19.0
0,2,188,18.0
0,3,188,12.0
0,4,188,31.0
0,0,189,15.0
0,1,189,45.0
0,2,189,22.0
0,3,189,13.0
0,4,189,34.0
0,0,190,15.0
0,1,190,34.0
0,2,190,15.0
0,3,190,11.0
0,4,190,20.0
0,0,191,65.0
0,1,191,28.0
0,2,191,17.0
0,3,191,12.0
0,4,191,19.0
0,0,192,16.0
0,1,192,34.0
0,2,192,18.0
0,3,192,53.0
0,4,192,15.0
0,0,193,20.0
0,1,193,10.0
0,2,193,11.0
0,3,193,20.0
0,4,193,26.0
0,0,194,36.0
0,1,194,16.0
0,2,194,19.0
0,3,194,39.0
0,4,194,32.0
0,0,195,14.0
0,1,195,16.0
0,2,195,27.0
0,3,195,32.0
0,4,195,22.0
0,0,196,14.0
0,1,196,29.0
0,2,196,16.0
0,3,196,39.0
0,4,196,21.0
0,0,197,13.0
0,1,197,16.0
0,2,197,12.0
0,3,197,9.0
0,4,197,21.0
0,0,198,20.0
0,1,198,22.0
0,2,198,26.0
0,3,198,16.0
0,4,198,14.0
0,0,199,10.0
0,1,199,10.0
0,2,199,23.0
0,3,199,15.0
0,4,199,19.0
0,0,200,14.0
0,1,200,58.0
0,2,200,14.0
0,3,200,15.0
0,4,200,9.0
0,0,201,27.0
0,1,201,24.0
0,2,201,16.0
0,3,201,21.0
0,4,201,18.0
0,0,202,52.0
0,1,202,24.0
0,2,202,31.0
0,3,202,22.0
0,4,202,17.0
0,0,203,16.0
0,1,203,41.0
0,2,203,14.0
0,3,203,12.0
0,4,203,26.0
0,0,204,11.0
0,1,204,24.0
0,2,204,12.0
0,3,204,31.0
0,4,204,12.0
0,0,205,15.0
0,1,205,17.0
0,2,205,13.0
0,3,205,16.0
0,4,205,36.0
0,0,206,14.0
0,1,206,11.0
0,2,206,46.0
0,3,206,16.0
0,4,206,21.0
0,0,207,12.0
0,1,207,12.0
0,2,207,11.0
0,3,207,49.0
0,4,207,17.0
0,0,208,40.0
0,1,208,21.0
0,2,208,32.0
0,3,208,48.0
0,4,208,17.0
0,0,209,12.0
0,1,209,16.0
0,2,209,14.0
0,3,209,21.0
0,4,209,21.0
0,0,210,12.0
0,1,210,14.0
0,2,210,27.0
0,3,210,19.0
0,4,210,27.0
0,0,211,27.0
0,1,211,11.0
0,2,211,29.0
0,3,211,32.0
0,4,211,36.0
0,0,212,31.0
0,1,212,13.0
0,2,212,17.0
0,3,212,60.0
0,4,212,24.0
0,0,213,9.0
0,1,213,17.0
0,2,213,38.0
0,3,213,42.0
0,4,213,39.0
0,0,214,15.0
0,1,214,18.0
0,2,214,14.0
0,3,214,55.0
0,4,214,38.0
0,0,215,11.0
0,1,215,57.0
0,2,215,12.0
0,3,215,12.0
0,4,215,26.0
0,0,216,11.0
0,1,216,19.0
0,2,216,27.0
0,3,216,27.0
0,4,216,16.0
0,0,217,13.0
0,1,217,26.0
0,2,217,14.0
0,3,217,16.0
0,4,217,20.0
0,0,218,23.0
0,1,218,16.0
0,2,218,13.0
0,3,218,23.0
0,4,218,19.0
0,0,219,21.0
0,1,219,27.0
0,2,219,20.0
0,3,219,23.0
0,4,219,10.0
0,0,220,13.0
0,1,220,19.0
0,2,220,20.0
0,3,220,12.0
0,4,220,34.0
0,0,221,16.0
0,1,221,34.0
0,2,221,19.0
0,3,221,15.0
0,4,221,16.0
0,0,222,59.0
0,1,222,23.0
0,2,222,47.0
0,3,222,11.0
0,4,222,47.0
0,0,223,18.0
0,1,223,11.0
0,2,223,22.0
0,3,223,16.0
0,4,223,16.0
0,0,224,26.0
0,1,224,20.0
0,2,224,15.0
0,3,224,17.0
0,4,224,24.0
0,0,225,12.0
0,1,225,29.0
0,2,225,23.0
0,3,225,27.0
0,4,225,15.0
0,0,226,14.0
0,1,226,10.0
0,2,226,17.0
0,3,226,21.0
0,4,226,10.0
0,0,227,19.0
0,1,227,11.0
0,2,227,31.0
0,3,227,9.0
0,4,227,11.0
0,0,228,13.0
0,1,228,22.0
0,2,228,10.0
0,3,228,14.0
0,4,228,27.0
0,0,229,22.0
0,1,229,17.0
0,2,229,18.0
0,3,229,22.0
0,4,229,25.0
0,0,230,16.0
0,1,230,21.0
0,2,230,21.0
0,3,230,15.0
0,4,230,56.0
0,0,231,10.0
0,1,231,20.0
0,2,231,20.0
0,3,231,17.0
0,4,231,31.0
0,0,232,49.0
0,1,232,13.0
0,2,232,24.0
0,3,232,18.0
0,4,232,27.0
0,0,233,24.0
0,1,233,14.0
0,2,233,17.0
0,3,233,24.0
0,4,233,18.0
0,0,234,14.0
0,1,234,12.0
0,2,234,12.0
0,3,234,17.0
0,4,234,27.0
0,0,235,31.0
0,1,235,15.0
0,2,235,11.0
0,3,235,11.0
0,4,235,21.0
0,0,236,34.0
0,1,236,17.0
0,2,236,34.0
0,3,236,37.0
0,4,236,40.0
0,0,237,17.0
0,1,237,46.0
0,2,237,47.0
0,3,237,19.0
0,4,237,25.0
0,0,238,18.0
0,1,238,36.0
0,2,238,17.0
0,3,238,9.0
0,4,238,54.0
0,0,239,53.0
0,1,239,13.0
0,2,239,32.0
0,3,239,24.0
0,4,239,16.0
0,0,240,44.0
0,1,240,13.0
0,2,240,26.0
0,3,240,19.0
0,4,240,14.0
0,0,241,39.0
0,1,241,19.0
0,2,241,10.0
0,3,241,27.0
0,4,241,13.0
0,0,242,33.0
0,1,242,17.0
0,2,242,12.0
0,3,242,12.0
0,4,242,44.0
0,0,243,10.0
0,1,243,11.0
0,2,243,23.0
0,3,243,18.0
0,4,243,18.0
0,0,244,20.0
0,1,244,46.0
0,2,244,30.0
0,3,244,14.0
0,4,244,16.0
0,0,245,13.0
0,1,245,18.0
0,2,245,24.0
0,3,245,15.0
0,4,245,17.0
0,0,246,22.0
0,1,246,18.0
0,2,246,21.0
0,3,246,16.0
0,4,246,11.0
0,0,247,12.0
0,1,247,42.0
0,2,247,17.0
0,3,247,19.0
0,4,247,15.0
0,0,248,26.0
0,1,248,16.0
0,2,248,15.0
0,3,248,15.0
0,4,248,23.0
0,0,249,37.0
0,1,249,20.0
0,2,249,38.0
0,3,249,26.0
0,4,249,20.0
0,0,250,13.0
0,1,250,14.0
0,2,250,14.0
0,3,250,15.0
0,4,250,13.0
0,0,251,12.0
0,1,251,26.0
0,2,251,22.0
0,3,251,14.0
0,4,251,14.0
0,0,252,16.0
0,1,252,11.0
0,2,252,12.0
0,3,252,15.0
0,4,252,17.0
0,0,253,15.0
0,1,253,16.0
0,2,253,9.0
0,3,253,15.0
0,4,253,16.0
0,0,254,10.0
0,1,254,23.0
0,2,254,12.0
0,3,254,23.0
0,4,254,12.0
0,0,255,71.0
0,1,255,10.0
0,2,255,24.0
0,3,255,14.0
0,4,255,26.0
0,0,256,18.0
0,1,256,14.0
0,2,256,40.0
0,3,256,14.0
0,4,256,11.0
0,0,257,29.0
0,1,257,23.0
0,2,257,74.0
0,3,257,10.0
0,4,257,16.0
0,0,258,19.0
0,1,258,18.0
0,2,258,14.0
0,3,258,11.0
0,4,258,33.0
0,0,259,16.0
0,1,259,20.0
0,2,259,21.0
0,3,259,26.0
0,4,259,18.0
0,0,260,21.0
0,1,260,41.0
0,2,260,17.0
0,3,260,17.0
0,4,260,15.0
0,0,261,15.0
0,1,261,16.0
0,2,261,16.0
0,3,261,16.0
0,4,261,18.0
0,0,262,15.0
0,1,262,36.0
0,2,262,26.0
0,3,262,19.0
0,4,262,17.0
0,0,263,18.0
0,1,263,20.0
0,2,263,32.0
0,3,263,14.0
0,4,263,16.0
0,0,264,22.0
0,1,264,26.0
0,2,264,53.0
0,3,264,41.0
0,4,264,15.0
0,0,265,59.0
0,1,265,36.0
0,2,265,12.0
0,3,265,33.0
0,4,265,39.0
0,0,266,23.0
0,1,266,32.0
0,2,266,14.0
0,3,266,18.0
0,4,266,16.0
0,0,267,10.0
0,1,267,17.0
0,2,267,37.0
0,3,267,27.0
0,4,267,49.0
0,0,268,14.0
0,1,268,16.0
0,2,268,36.0
0,3,268,29.0
0,4,268,11.0
0,0,269,9.0
0,1,269,19.0
0,2,269,24.0
0,3,269,14.0
0,4,269,26.0
0,0,270,35.0
0,1,270,44.0
0,2,270,17.0
0,3,270,26.0
0,4,270,40.0
0,0,271,26.0
0,1,271,39.0
0,2,271,18.0
0,3,271,14.0
0,4,271,30.0
0,0,272,57.0
0,1,272,9.0
0,2,272,12.0
0,3,272,46.0
0,4,272,17.0
0,0,273,21.0
0,1,273,16.0
0,2,273,8.0
0,3,273,12.0
0,4,273,22.0
0,0,274,23.0
0,1,274,15.0
0,2,274,17.0
0,3,274,13.0
0,4,274,15.0
0,0,275,23.0
0,1,275,13.0
0,2,275,54.0
0,3,275,15.0
0,4,275,16.0
0,0,276,16.0
0,1,276,14.0
0,2,276,10.0
0,3,276,12.0
0,4,276,13.0
0,0,277,30.0
0,1,277,31.0
0,2,277,15.0
0,3,277,13.0
0,4,277,26.0
0,0,278,19.0
0,1,278,11.0
0,2,278,27.0
0,3,278,18.0
0,4,278,18.0
0,0,279,16.0
0,1,279,36.0
0,2,279,27.0
0,3,279,52.0
0,4,279,16.0
0,0,280,18.0
0,1,280,27.0
0,2,280,11.0
0,3,280,16.0
0,4,280,17.0
0,0,281,18.0
0,1,281,19.0
0,2,281,14.0
0,3,281,30.0
0,4,281,11.0
0,0,282,10.0
0,1,282,10.0
0,2,282,22.0
0,3,282,14.0
0,4,282,21.0
0,0,283,24.0
0,1,283,19.0
0,2,283,9.0
0,3,283,17.0
0,4,283,13.0
0,0,284,29.0
0,1,284,11.0
0,2,284,20.0
0,3,284,18.0
0,4,284,12.0
0,0,285,18.0
0,1,285,13.0
0,2,285,20.0
0,3,285,12.0
0,4,285,13.0
0,0,286,38.0
0,1,286,21.0
0,2,286,17.0
0,3,286,10.0
0,4,286,52.0
0,0,287,11.0
0,1,287,11.0
0,2,287,13.0
0,3,287,34.0
0,4,287,15.0
0,0,288,33.0
0,1,288,14.0
0,2,288,23.0
0,3,288,12.0
0,4,288,14.0
0,0,289,11.0
0,1,289,20.0
0,2,289,37.0
0,3,289,19.0
0,4,289,17.0
0,0,290,11.0
0,1,290,25.0
0,2,290,17.0
0,3,290,20.0
0,4,290,22.0
0,0,291,10.0
0,1,291,49.0
0,2,291,12.0
0,3,291,17.0
0,4,291,29.0
0,0,292,13.0
0,1,292,18.0
0,2,292,38.0
0,3,292,18.0
0,4,292,29.0
0,0,293,32.0
0,1,293,45.0
0,2,293,12.0
0,3,293,14.0
0,4,293,18.0
0,0,294,28.0
0,1,294,33.0
0,2,294,11.0
0,3,294,14.0
0,4,294,26.0
0,0,295,13.0
0,1,295,16.0
0,2,295,42.0
0,3,295,17.0
0,4,295,22.0
0,0,296,18.0
0,1,296,10.0
0,2,296,13.0
0,3,296,11.0
0,4,296,14.0
0,0,297,9.0
0,1,297,17.0
0,2,297,27.0
0,3,297,39.0
0,4,297,22.0
0,0,298,21.0
0,1,298,15.0
0,2,298,15.0
0,3,298,13.0
0,4,298,46.0
0,0,299,11.0
0,1,299,13.0
0,2,299,21.0
0,3,299,23.0
0,4,299,35.0
0,0,300,25.0
0,1,300,14.0
0,2,300,14.0
0,3,300,26.0
0,4,300,23.0
0,0,301,13.0
0,1,301,14.0
0,2,301,21.0
0,3,301,13.0
0,4,301,21.0
0,0,302,12.0
0,1,302,29.0
0,2,302,19.0
0,3,302,16.0
0,4,302,14.0
0,0,303,29.0
0,1,303,15.0
0,2,303,22.0
0,3,303,37.0
0,4,303,12.0
0,0,304,15.0
0,1,304,19.0
0,2,304,18.0
0,3,304,9.0
0,4,304,16.0
0,0,305,14.0
0,1,305,18.0
0,2,305,13.0
0,3,305,13.0
0,4,305,33.0
0,0,306,19.0
0,1,306,16.0
0,2,306,13.0
0,3,306,19.0
0,4,306,14.0
0,0,307,14.0
0,1,307,23.0
0,2,307,13.0
0,3,307,15.0
0,4,307,16.0
0,0,308,10.0
0,1,308,31.0
0,2,308,20.0
0,3,308,36.0
0,4,308,12.0
0,0,309,32.0
0,1,309,17.0
0,2,309,32.0
0,3,309,15.0
0,4,309,12.0
0,0,310,13.0
0,1,310,19.0
0,2,310,18.0
0,3,310,28.0
0,4,310,12.0
0,0,311,17.0
0,1,311,22.0
0,2,311,31.0
0,3,311,23.0
0,4,311,22.0
0,0,312,20.0
0,1,312,14.0
0,2,312,10.0
0,3,312,14.0
0,4,312,34.0
0,0,313,21.0
0,1,313,10.0
0,2,313,56.0
0,3,313,11.0
0,4,313,13.0
0,0,314,31.0
0,1,314,21.0
0,2,314,24.0
0,3,314,13.0
0,4,314,14.0
0,0,315,11.0
0,1,315,11.0
0,2,315,15.0
0,3,315,44.0
0,4,315,42.0
0,0,316,13.0
0,1,316,22.0
0,2,316,13.0
0,3,316,20.0
0,4,316,19.0
0,0,317,22.0
0,1,317,33.0
0,2,317,11.0
0,3,317,25.0
0,4,317,19.0
0,0,318,14.0
0,1,318,11.0
0,2,318,16.0
0,3,318,14.0
0,4,318,46.0
0,0,319,15.0
0,1,319,21.0
0,2,319,13.0
0,3,319,28.0
0,4,319,40.0
0,0,320,21.0
0,1,320,18.0
0,2,320,19.0
0,3,320,13.0
0,4,320,14.0
0,0,321,19.0
0,1,321,25.0
0,2,321,36.0
0,3,321,15.0
0,4,321,17.0
0,0,322,31.0
0,1,322,19.0
0,2,322,22.0
0,3,322,54.0
0,4,322,13.0
0,0,323,22.0
0,1,323,16.0
0,2,323,13.0
0,3,323,39.0
0,4,323,26.0
0,0,324,23.0
0,1,324,16.0
0,2,324,12.0
0,3,324,13.0
0,4,324,48.0
0,0,325,42.0
0,1,325,14.0
0,2,325,13.0
0,3,325,77.0
0,4,325,9.0
0,0,326,24.0
0,1,326,13.0
0,2,326,13.0
0,3,326,13.0
0,4,326,12.0
0,0,327,20.0
0,1,327,16.0
0,2,327,22.0
0,3,327,18.0
0,4,327,37.0
0,0,328,13.0
0,1,328,9.0
0,2,328,24.0
0,3,328,19.0
0,4,328,23.0
0,0,329,15.0
0,1,329,10.0
0,2,329,9.0
0,3,329,21.0
0,4,329,12.0
0,0,330,13.0
0,1,330,24.0
0,2,330,88.0
0,3,330,13.0
0,4,330,17.0
0,0,331,20.0
0,1,331,12.0
0,2,331,11.0
0,3,331,12.0
0,4,331,21.0
0,0,332,17.0
0,1,332,13.0
0,2,332,12.0
0,3,332,9.0
0,4,332,17.0
0,0,333,23.0
0,1,333,23.0
0,2,333,16.0
0,3,333,47.0
0,4,333,21.0
0,0,334,20.0
0,1,334,16.0
0,2,334,15.0
0,3,334,15.0
0,4,334,17.0
0,0,335,16.0
0,1,335,10.0
0,2,335,26.0
0,3,335,15.0
0,4,335,20.0
0,0,336,11.0
0,1,336,9.0
0,2,336,21.0
0,3,336,15.0
0,4,336,24.0
0,0,337,16.0
0,1,337,11.0
0,2,337,17.0
0,3,337,12.0
0,4,337,18.0
0,0,338,18.0
0,1,338,15.0
0,2,338,13.0
0,3,338,13.0
0,4,338,13.0
0,0,339,16.0
0,1,339,24.0
0,2,339,78.0
0,3,339,11.0
0,4,339,16.0
0,0,340,32.0
0,1,340,16.0
0,2,340,10.0
0,3,340,19.0
0,4,340,12.0
0,0,341,14.0
0,1,341,11.0
0,2,341,13.0
0,3,341,14.0
0,4,341,11.0
0,0,342,15.0
0,1,342,13.0
0,2,342,12.0
0,3,342,12.0
0,4,342,16.0
0,0,343,26.0
0,1,343,12.0
0,2,343,18.0
0,3,343,20.0
0,4,343,19.0
0,0,344,45.0
0,1,344,17.0
0,2,344,58.0
0,3,344,15.0
0,4,344,13.0
0,0,345,11.0
0,1,345,33.0
0,2,345,11.0
0,3,345,45.0
0,4,345,56.0
0,0,346,17.0
0,1,346,14.0
0,2,346,33.0
0,3,346,12.0
0,4,346,25.0
0,0,347,20.0
0,1,347,13.0
0,2,347,23.0
0,3,347,9.0
0,4,347,19.0
0,0,348,13.0
0,1,348,14.0
0,2,348,13.0
0,3,348,16.0
0,4,348,10.0
0,0,349,25.0
0,1,349,18.0
0,2,349,20.0
0,3,349,25.0
0,4,349,21.0
0,0,350,45.0
0,1,350,11.0
0,2,350,16.0
0,3,350,16.0
0,4,350,10.0
0,0,351,20.0
0,1,351,18.0
0,2,351,15.0
0,3,351,9.0
0,4,351,26.0
0,0,352,15.0
0,1,352,19.0
0,2,352,30.0
0,3,352,11.0
0,4,352,11.0
0,0,353,24.0
0,1,353,40.0
0,2,353,37.0
0,3,353,14.0
0,4,353,16.0
0,0,354,11.0
0,1,354,18.0
0,2,354,40.0
0,3,354,23.0
0,4,354,15.0
0,0,355,10.0
0,1,355,12.0
0,2,355,37.0
0,3,355,13.0
0,4,355,12.0
0,0,356,12.0
0,1,356,45.0
0,2,356,19.0
0,3,356,21.0
0,4,356,17.0
0,0,357,14.0
0,1,357,20.0
0,2,357,15.0
0,3,357,10.0
0,4,357,17.0
0,0,358,33.0
0,1,358,16.0
0,2,358,13.0
0,3,358,23.0
0,4,358,52.0
0,0,359,28.0
0,1,359,23.0
0,2,359,26.0
0,3,359,11.0
0,4,359,14.0
0,0,360,17.0
0,1,360,20.0
0,2,360,21.0
0,3,360,16.0
0,4,360,16.0
0,0,361,12.0
0,1,361,11.0
0,2,361,11.0
0,3,361,15.0
0,4,361,18.0
0,0,362,46.0
0,1,362,23.0
0,2,362,17.0
0,3,362,14.0
0,4,362,10.0
0,0,363,17.0
0,1,363,22.0
0,2,363,20.0
0,3,363,9.0
0,4,363,17.0
0,0,364,13.0
0,1,364,31.0
0,2,364,13.0
0,3,364,36.0
0,4,364,16.0
0,0,365,10.0
0,1,365,19.0
0,2,365,15.0
0,3,365,18.0
0,4,365,24.0
0,0,366,12.0
0,1,366,11.0
0,2,366,12.0
0,3,366,12.0
0,4,366,12.0
0,0,367,9.0
0,1,367,12.0
0,2,367,11.0
0,3,367,25.0
0,4,367,14.0
0,0,368,18.0
0,1,368,23.0
0,2,368,16.0
0,3,368,12.0
0,4,368,20.0
0,0,369,18.0
0,1,369,37.0
0,2,369,11.0
0,3,369,39.0
0,4,369,34.0
0,0,370,39.0
0,1,370,12.0
0,2,370,25.0
0,3,370,26.0
0,4,370,14.0
0,0,371,19.0
0,1,371,11.0
0,2,371,40.0
0,3,371,10.0
0,4,371,12.0
0,0,372,14.0
0,1,372,22.0
0,2,372,14.0
0,3,372,10.0
0,4,372,27.0
0,0,373,18.0
0,1,373,24.0
0,2,373,19.0
0,3,373,14.0
0,4,373,15.0
0,0,374,18.0
0,1,374,14.0
0,2,374,21.0
0,3,374,14.0
0,4,374,33.0
0,0,375,23.0
0,1,375,19.0
0,2,375,27.0
0,3,375,12.0
0,4,375,24.0
0,0,376,19.0
0,1,376,16.0
0,2,376,19.0
0,3,376,36.0
0,4,376,19.0
0,0,377,27.0
0,1,377,16.0
0,2,377,20.0
0,3,377,17.0
0,4,377,13.0
0,0,378,17.0
0,1,378,14.0
0,2,378,12.0
0,3,378,40.0
0,4,378,9.0
0,0,379,14.0
0,1,379,38.0
0,2,379,13.0
0,3,379,12.0
0,4,379,13.0
0,0,380,10.0
0,1,380,11.0
0,2,380,22.0
0,3,380,20.0
0,4,380,32.0
0,0,381,27.0
0,1,381,27.0
0,2,381,33.0
0,3,381,17.0
0,4,381,28.0
0,0,382,41.0
0,1,382,34.0
0,2,382,11.0
0,3,382,31.0
0,4,382,12.0
0,0,383,23.0
0,1,383,29.0
0,2,383,23.0
0,3,383,18.0
0,4,383,15.0
0,0,384,15.0
0,1,384,29.0
0,2,384,12.0
0,3,384,14.0
0,4,384,24.0
0,0,385,42.0
0,1,385,9.0
0,2,385,11.0
0,3,385,17.0
0,4,385,14.0
0,0,386,12.0
0,1,386,17.0
0,2,386,29.0
0,3,386,23.0
0,4,386,17.0
0,0,387,28.0
0,1,387,10.0
0,2,387,52.0
0,3,387,13.0
0,4,387,19.0
0,0,388,16.0
0,1,388,17.0
0,2,388,15.0
0,3,388,11.0
0,4,388,26.0
0,0,389,17.0
0,1,389,13.0
0,2,389,10.0
0,3,389,15.0
0,4,389,8.0
0,0,390,12.0
0,1,390,15.0
0,2,390,9.0
0,3,390,14.0
0,4,390,23.0
0,0,391,14.0
0,1,391,11.0
0,2,391,15.0
0,3,391,17.0
0,4,391,22.0
0,0,392,23.0
0,1,392,20.0
0,2,392,21.0
0,3,392,17.0
0,4,392,14.0
0,0,393,32.0
0,1,393,25.0
0,2,393,17.0
0,3,393,12.0
0,4,393,13.0
0,0,394,14.0
0,1,394,16.0
0,2,394,12.0
0,3,394,13.0
0,4,394,17.0
0,0,395,15.0
0,1,395,20.0
0,2,395,20.0
0,3,395,15.0
0,4,395,11.0
0,0,396,12.0
0,1,396,9.0
0,2,396,14.0
0,3,396,15.0
0,4,396,24.0
0,0,397,19.0
0,1,397,21.0
0,2,397,11.0
0,3,397,12.0
0,4,397,24.0
0,0,398,10.0
0,1,398,10.0
0,2,398,21.0
0,3,398,11.0
0,4,398,12.0
0,0,399,17.0
0,1,399,13.0
0,2,399,10.0
0,3,399,17.0
0,4,399,13.0
0,0,400,29.0
0,1,400,17.0
0,2,400,12.0
0,3,400,14.0
0,4,400,26.0
0,0,401,30.0
0,1,401,21.0
0,2,401,16.0
0,3,401,10.0
0,4,401,15.0
0,0,402,13.0
0,1,402,12.0
0,2,402,37.0
0,3,402,11.0
0,4,402,18.0
0,0,403,12.0
0,1,403,17.0
0,2,403,12.0
0,3,403,9.0
0,4,403,19.0
0,0,404,21.0
0,1,404,49.0
0,2,404,9.0
0,3,404,10.0
0,4,404,14.0
0,0,405,21.0
0,1,405,19.0
0,2,405,11.0
0,3,405,32.0
0,4,405,24.0
0,0,406,27.0
0,1,406,12.0
0,2,406,12.0
0,3,406,13.0
0,4,406,32.0
0,0,407,31.0
0,1,407,10.0
0,2,407,9.0
0,3,407,9.0
0,4,407,11.0
0,0,408,17.0
0,1,408,11.0
0,2,408,18.0
0,3,408,23.0
0,4,408,34.0
0,0,409,13.0
0,1,409,18.0
0,2,409,17.0
0,3,409,34.0
0,4,409,8.0
0,0,410,27.0
0,1,410,52.0
0,2,410,34.0
0,3,410,14.0
0,4,410,22.0
0,0,411,28.0
0,1,411,11.0
0,2,411,62.0
0,3,411,18.0
0,4,411,22.0
0,0,412,31.0
0,1,412,14.0
0,2,412,21.0
0,3,412,32.0
0,4,412,10.0
0,0,413,14.0
0,1,413,17.0
0,2,413,10.0
0,3,413,9.0
0,4,413,12.0
0,0,414,15.0
0,1,414,15.0
0,2,414,20.0
0,3,414,26.0
0,4,414,16.0
0,0,415,32.0
0,1,415,10.0
0,2,415,10.0
0,3,415,12.0
0,4,415,46.0
0,0,416,22.0
0,1,416,10.0
0,2,416,10.0
0,3,416,43.0
0,4,416,27.0
0,0,417,19.0
0,1,417,17.0
0,2,417,16.0
0,3,417,18.0
0,4,417,15.0
0,0,418,14.0
0,1,418,14.0
0,2,418,22.0
0,3,418,16.0
0,4,418,32.0
0,0,419,19.0
0,1,419,16.0
0,2,419,22.0
0,3,419,35.0
0,4,419,15.0
0,0,420,11.0
0,1,420,29.0
0,2,420,38.0
0,3,420,10.0
0,4,420,33.0
0,0,421,18.0
0,1,421,10.0
0,2,421,18.0
0,3,421,13.0
0,4,421,27.0
0,0,422,36.0
0,1,422,11.0
0,2,422,13.0
0,3,422,62.0
0,4,422,11.0
0,0,423,18.0
0,1,423,19.0
0,2,423,9.0
0,3,423,20.0
0,4,423,14.0
0,0,424,33.0
0,1,424,23.0
0,2,424,22.0
0,3,424,11.0
0,4,424,39.0
0,0,425,14.0
0,1,425,10.0
0,2,425,18.0
0,3,425,17.0
0,4,425,16.0
0,0,426,10.0
0,1,426,12.0
0,2,426,34.0
0,3,426,14.0
0,4,426,14.0
0,0,427,17.0
0,1,427,17.0
0,2,427,12.0
0,3,427,23.0
0,4,427,13.0
0,0,428,17.0
0,1,428,15.0
0,2,428,31.0
0,3,428,11.0
0,4,428,21.0
0,0,429,16.0
0,1,429,15.0
0,2,429,9.0
0,3,429,29.0
0,4,429,17.0
0,0,430,12.0
0,1,430,11.0
0,2,430,14.0
0,3,430,34.0
0,4,430,15.0
0,0,431,27.0
0,1,431,12.0
0,2,431,17.0
0,3,431,15.0
0,4,431,13.0
0,0,432,13.0
0,1,432,16.0
0,2,432,13.0
0,3,432,20.0
0,4,432,18.0
0,0,433,9.0
0,1,433,20.0
0,2,433,13.0
0,3,433,16.0
0,4,433,10.0
0,0,434,10.0
0,1,434,11.0
0,2,434,22.0
0,3,434,10.0
0,4,434,20.0
0,0,435,27.0
0,1,435,16.0
0,2,435,11.0
0,3,435,24.0
0,4,435,18.0
0,0,436,10.0
0,1,436,14.0
0,2,436,21.0
0,3,436,38.0
0,4,436,10.0
0,0,437,17.0
0,1,437,12.0
0,2,437,15.0
0,3,437,23.0
0,4,437,17.0
0,0,438,10.0
0,1,438,9.0
0,2,438,14.0
0,3,438,23.0
0,4,438,21.0
0,0,439,12.0
0,1,439,18.0
0,2,439,19.0
0,3,439,12.0
0,4,439,30.0
0,0,440,27.0
0,1,440,26.0
0,2,440,10.0
0,3,440,32.0
0,4,440,11.0
0,0,441,17.0
0,1,441,11.0
0,2,441,16.0
0,3,441,14.0
0,4,441,12.0
0,0,442,16.0
0,1,442,33.0
0,2,442,19.0
0,3,442,17.0
0,4,442,34.0
0,0,443,10.0
0,1,443,10.0
0,2,443,13.0
0,3,443,15.0
0,4,443,14.0
0,0,444,17.0
0,1,444,13.0
0,2,444,10.0
0,3,444,17.0
0,4,444,19.0
0,0,445,15.0
0,1,445,11.0
0,2,445,13.0
0,3,445,12.0
0,4,445,13.0
0,0,446,15.0
0,1,446,12.0
0,2,446,17.0
0,3,446,35.0
0,4,446,19.0
0,0,447,21.0
0,1,447,17.0
0,2,447,32.0
0,3,447,16.0
0,4,447,16.0
0,0,448,13.0
0,1,448,11.0
0,2,448,15.0
0,3,448,10.0
0,4,448,14.0
0,0,449,19.0
0,1,449,35.0
0,2,449,18.0
0,3,449,12.0
0,4,449,10.0
0,0,450,14.0
0,1,450,20.0
0,2,450,10.0
0,3,450,12.0
0,4,450,14.0
0,0,451,49.0
0,1,451,27.0
0,2,451,11.0
0,3,451,16.0
0,4,451,24.0
0,0,452,9.0
0,1,452,13.0
0,2,452,26.0
0,3,452,29.0
0,4,452,20.0
0,0,453,11.0
0,1,453,14.0
0,2,453,14.0
0,3,453,30.0
0,4,453,16.0
0,0,454,17.0
0,1,454,15.0
0,2,454,11.0
0,3,454,56.0
0,4,454,23.0
0,0,455,11.0
0,1,455,12.0
0,2,455,19.0
0,3,455,13.0
0,4,455,28.0
0,0,456,19.0
0,1,456,14.0
0,2,456,48.0
0,3,456,17.0
0,4,456,18.0
0,0,457,11.0
0,1,457,19.0
0,2,457,16.0
0,3,457,17.0
0,4,457,23.0
0,0,458,9.0
0,1,458,16.0
0,2,458,16.0
0,3,458,15.0
0,4,458,13.0
0,0,459,21.0
0,1,459,14.0
0,2,459,20.0
0,3,459,13.0
0,4,459,12.0
0,0,460,24.0
0,1,460,19.0
0,2,460,14.0
0,3,460,26.0
0,4,460,11.0
0,0,461,19.0
0,1,461,11.0
0,2,461,16.0
0,3,461,24.0
0,4,461,33.0
0,0,462,13.0
0,1,462,60.0
0,2,462,15.0
0,3,462,23.0
0,4,462,15.0
0,0,463,37.0
0,1,463,14.0
0,2,463,10.0
0,3,463,22.0
0,4,463,14.0
0,0,464,16.0
0,1,464,17.0
0,2,464,18.0
0,3,464,14.0
0,4,464,11.0
0,0,465,25.0
0,1,465,26.0
0,2,465,13.0
0,3,465,9.0
0,4,465,17.0
0,0,466,28.0
0,1,466,12.0
0,2,466,32.0
0,3,466,22.0
0,4,466,11.0
0,0,467,24.0
0,1,467,12.0
0,2,467,13.0
0,3,467,24.0
0,4,467,17.0
0,0,468,29.0
0,1,468,19.0
0,2,468,24.0
0,3,468,27.0
0,4,468,13.0
0,0,469,26.0
0,1,469,25.0
0,2,469,19.0
0,3,469,16.0
0,4,469,11.0
0,0,470,14.0
0,1,470,22.0
0,2,470,12.0
0,3,470,9.0
0,4,470,13.0
0,0,471,29.0
0,1,471,14.0
0,2,471,12.0
0,3,471,13.0
0,4,471,19.0
0,0,472,17.0
0,1,472,9.0
0,2,472,17.0
0,3,472,16.0
0,4,472,12.0
0,0,473,17.0
0,1,473,18.0
0,2,473,22.0
0,3,473,12.0
0,4,473,15.0
0,0,474,25.0
0,1,474,30.0
0,2,474,28.0
0,3,474,25.0
0,4,474,12.0
0,0,475,25.0
0,1,475,17.0
0,2,475,22.0
0,3,475,17.0
0,4,475,38.0
0,0,476,22.0
0,1,476,17.0
0,2,476,12.0
0,3,476,22.0
0,4,476,32.0
0,0,477,13.0
0,1,477,30.0
0,2,477,9.0
0,3,477,15.0
0,4,477,21.0
0,0,478,14.0
0,1,478,25.0
0,2,478,17.0
0,3,478,24.0
0,4,478,28.0
0,0,479,13.0
0,1,479,25.0
0,2,479,25.0
0,3,479,21.0
0,4,479,17.0
0,0,480,47.0
0,1,480,29.0
0,2,480,12.0
0,3,480,25.0
0,4,480,23.0
0,0,481,16.0
0,1,481,13.0
0,2,481,14.0
0,3,481,12.0
0,4,481,11.0
0,0,482,14.0
0,1,482,25.0
0,2,482,16.0
0,3,482,17.0
0,4,482,11.0
0,0,483,16.0
0,1,483,19.0
0,2,483,36.0
0,3,483,23.0
0,4,483,15.0
0,0,484,12.0
0,1,484,25.0
0,2,484,15.0
0,3,484,19.0
0,4,484,17.0
0,0,485,11.0
0,1,485,41.0
0,2,485,16.0
0,3,485,18.0
0,4,485,19.0
0,0,486,16.0
0,1,486,11.0
0,2,486,22.0
0,3,486,13.0
0,4,486,15.0
0,0,487,12.0
0,1,487,13.0
0,2,487,12.0
0,3,487,14.0
0,4,487,12.0
0,0,488,35.0
0,1,488,10.0
0,2,488,13.0
0,3,488,19.0
0,4,488,22.0
0,0,489,42.0
0,1,489,14.0
0,2,489,20.0
0,3,489,9.0
0,4,489,9.0
0,0,490,28.0
0,1,490,22.0
0,2,490,17.0
0,3,490,17.0
0,4,490,19.0
0,0,491,10.0
0,1,491,13.0
0,2,491,10.0
0,3,491,26.0
0,4,491,10.0
0,0,492,11.0
0,1,492,42.0
0,2,492,15.0
0,3,492,13.0
0,4,492,11.0
0,0,493,14.0
0,1,493,19.0
0,2,493,24.0
0,3,493,21.0
0,4,493,27.0
0,0,494,11.0
0,1,494,25.0
0,2,494,13.0
0,3,494,17.0
0,4,494,21.0
0,0,495,23.0
0,1,495,23.0
0,2,495,37.0
0,3,495,24.0
0,4,495,68.0
0,0,496,13.0
0,1,496,23.0
0,2,496,32.0
0,3,496,13.0
0,4,496,9.0
0,0,497,10.0
0,1,497,13.0
0,2,497,10.0
0,3,497,16.0
0,4,497,22.0
0,0,498,16.0
0,1,498,13.0
0,2,498,14.0
0,3,498,15.0
0,4,498,26.0
0,0,499,36.0
0,1,499,37.0
0,2,499,11.0
0,3,499,11.0
0,4,499,14.0
0,0,500,29.0
0,1,500,11.0
0,2,500,15.0
0,3,500,16.0
0,4,500,21.0
0,0,501,14.0
0,1,501,12.0
0,2,501,12.0
0,3,501,9.0
0,4,501,22.0
0,0,502,15.0
0,1,502,14.0
0,2,502,14.0
0,3,502,13.0
0,4,502,13.0
0,0,503,15.0
0,1,503,38.0
0,2,503,23.0
0,3,503,21.0
0,4,503,15.0
0,0,504,18.0
0,1,504,17.0
0,2,504,11.0
0,3,504,12.0
0,4,504,34.0
0,0,505,17.0
0,1,505,15.0
0,2,505,28.0
0,3,505,26.0
0,4,505,25.0
0,0,506,10.0
0,1,506,27.0
0,2,506,30.0
0,3,506,13.0
0,4,506,17.0
0,0,507,23.0
0,1,507,16.0
0,2,507,10.0
0,3,507,15.0
0,4,507,23.0
0,0,508,13.0
0,1,508,20.0
0,2,508,12.0
0,3,508,13.0
0,4,508,17.0
0,0,509,27.0
0,1,509,15.0
0,2,509,20.0
0,3,509,15.0
0,4,509,27.0
0,0,510,13.0
0,1,510,22.0
0,2,510,16.0
0,3,510,21.0
0,4,510,22.0
0,0,511,27.0
0,1,511,23.0
0,2,511,13.0
0,3,511,17.0
0,4,511,12.0
0,0,512,14.0
0,1,512,22.0
0,2,512,11.0
0,3,512,16.0
0,4,512,13.0
0,0,513,36.0
0,1,513,13.0
0,2,513,13.0
0,3,513,20.0
0,4,513,12.0
0,0,514,27.0
0,1,514,26.0
0,2,514,19.0
0,3,514,11.0
0,4,514,19.0
0,0,515,17.0
0,1,515,19.0
0,2,515,14.0
0,3,515,16.0
0,4,515,9.0
0,0,516,14.0
0,1,516,11.0
0,2,516,26.0
0,3,516,11.0
0,4,516,16.0
0,0,517,29.0
0,1,517,11.0
0,2,517,17.0
0,3,517,16.0
0,4,517,12.0
0,0,518,15.0
0,1,518,34.0
0,2,518,20.0
0,3,518,11.0
0,4,518,17.0
0,0,519,12.0
0,1,519,15.0
0,2,519,20.0
0,3,519,18.0
0,4,519,12.0
0,0,520,13.0
0,1,520,39.0
0,2,520,11.0
0,3,520,11.0
0,4,520,35.0
0,0,521,9.0
0,1,521,22.0
0,2,521,9.0
0,3,521,34.0
0,4,521,31.0
0,0,522,9.0
0,1,522,15.0
0,2,522,12.0
0,3,522,9.0
0,4,522,37.0
0,0,523,36.0
0,1,523,18.0
0,2,523,17.0
0,3,523,17.0
0,4,523,20.0
0,0,524,16.0
0,1,524,27.0
0,2,524,12.0
0,3,524,26.0
0,4,524,12.0
0,0,525,14.0
0,1,525,13.0
0,2,525,23.0
0,3,525,18.0
0,4,525,18.0
0,0,526,19.0
0,1,526,11.0
0,2,526,11.0
0,3,526,42.0
0,4,526,35.0
0,0,527,19.0
0,1,527,19.0
0,2,527,15.0
0,3,527,13.0
0,4,527,15.0
0,0,528,17.0
0,1,528,12.0
0,2,528,9.0
0,3,528,14.0
0,4,528,21.0
0,0,529,21.0
0,1,529,12.0
0,2,529,19.0
0,3,529,12.0
0,4,529,13.0
0,0,530,39.0
0,1,530,21.0
0,2,530,11.0
0,3,530,10.0
0,4,530,16.0
0,0,531,22.0
0,1,531,14.0
0,2,531,24.0
0,3,531,9.0
0,4,531,8.0
0,0,532,24.0
0,1,532,12.0
0,2,532,12.0
0,3,532,24.0
0,4,532,8.0
0,0,533,25.0
0,1,533,13.0
0,2,533,11.0
0,3,533,52.0
0,4,533,14.0
0,0,534,29.0
0,1,534,19.0
0,2,534,14.0
0,3,534,13.0
0,4,534,24.0
0,0,535,14.0
0,1,535,29.0
0,2,535,28.0
0,3,535,14.0
0,4,535,16.0
0,0,536,19.0
0,1,536,32.0
0,2,536,9.0
0,3,536,24.0
0,4,536,48.0
0,0,537,9.0
0,1,537,34.0
0,2,537,16.0
0,3,537,25.0
0,4,537,14.0
0,0,538,12.0
0,1,538,12.0
0,2,538,15.0
0,3,538,10.0
0,4,538,23.0
0,0,539,21.0
0,1,539,14.0
0,2,539,8.0
0,3,539,14.0
0,4,539,15.0
0,0,540,11.0
0,1,540,14.0
0,2,540,12.0
0,3,540,20.0
0,4,540,32.0
0,0,541,18.0
0,1,541,31.0
0,2,541,13.0
0,3,541,24.0
0,4,541,31.0
0,0,542,15.0
0,1,542,23.0
0,2,542,19.0
0,3,542,22.0
0,4,542,15.0
0,0,543,19.0
0,1,543,16.0
0,2,543,9.0
0,3,543,16.0
0,4,543,12.0
0,0,544,23.0
0,1,544,23.0
0,2,544,13.0
0,3,544,13.0
0,4,544,34.0
0,0,545,23.0
0,1,545,31.0
0,2,545,8.0
0,3,545,12.0
0,4,545,13.0
0,0,546,9.0
0,1,546,17.0
0,2,546,15.0
0,3,546,19.0
0,4,546,17.0
0,0,547,33.0
0,1,547,14.0
0,2,547,8.0
0,3,547,13.0
0,4,547,11.0
0,0,548,10.0
0,1,548,11.0
0,2,548,16.0
0,3,548,13.0
0,4,548,15.0
0,0,549,41.0
0,1,549,11.0
0,2,549,25.0
0,3,549,20.0
0,4,549,17.0
0,0,550,30.0
0,1,550,13.0
0,2,550,18.0
0,3,550,14.0
0,4,550,24.0
0,0,551,13.0
0,1,551,30.0
0,2,551,18.0
0,3,551,37.0
0,4,551,39.0
0,0,552,26.0
0,1,552,21.0
0,2,552,26.0
0,3,552,36.0
0,4,552,24.0
0,0,553,19.0
0,1,553,13.0
0,2,553,19.0
0,3,553,30.0
0,4,553,47.0
0,0,554,17.0
0,1,554,10.0
0,2,554,10.0
0,3,554,16.0
0,4,554,17.0
0,0,555,43.0
0,1,555,18.0
0,2,555,18.0
0,3,555,10.0
0,4,555,25.0
0,0,556,13.0
0,1,556,18.0
0,2,556,29.0
0,3,556,26.0
0,4,556,32.0
0,0,557,38.0
0,1,557,29.0
0,2,557,18.0
0,3,557,31.0
0,4,557,18.0
0,0,558,22.0
0,1,558,21.0
0,2,558,24.0
0,3,558,12.0
0,4,558,13.0
0,0,559,13.0
0,1,559,13.0
0,2,559,18.0
0,3,559,20.0
0,4,559,11.0
0,0,560,11.0
0,1,560,38.0
0,2,560,10.0
0,3,560,17.0
0,4,560,13.0
0,0,561,13.0
0,1,561,15.0
0,2,561,10.0
0,3,561,41.0
0,4,561,15.0
0,0,562,12.0
0,1,562,20.0
0,2,562,15.0
0,3,562,9.0
0,4,562,15.0
0,0,563,15.0
0,1,563,26.0
0,2,563,16.0
0,3,563,16.0
0,4,563,11.0
0,0,564,14.0
0,1,564,27.0
0,2,564,17.0
0,3,564,19.0
0,4,564,18.0
0,0,565,14.0
0,1,565,12.0
0,2,565,20.0
0,3,565,18.0
0,4,565,16.0
0,0,566,14.0
0,1,566,14.0
0,2,566,11.0
0,3,566,16.0
0,4,566,11.0
0,0,567,33.0
0,1,567,17.0
0,2,567,9.0
0,3,567,11.0
0,4,567,8.0
0,0,568,15.0
0,1,568,23.0
0,2,568,27.0
0,3,568,9.0
0,4,568,19.0
0,0,569,18.0
0,1,569,17.0
0,2,569,11.0
0,3,569,33.0
0,4,569,16.0
0,0,570,14.0
0,1,570,17.0
0,2,570,28.0
0,3,570,17.0
0,4,570,49.0
0,0,571,22.0
0,1,571,15.0
0,2,571,22.0
0,3,571,16.0
0,4,571,19.0
0,0,572,12.0
0,1,572,15.0
0,2,572,13.0
0,3,572,11.0
0,4,572,12.0
0,0,573,25.0
0,1,573,33.0
0,2,573,41.0
0,3,573,11.0
0,4,573,31.0
0,0,574,14.0
0,1,574,18.0
0,2,574,16.0
0,3,574,35.0
0,4,574,12.0
0,0,575,17.0
0,1,575,23.0
0,2,575,31.0
0,3,575,36.0
0,4,575,39.0
0,0,576,58.0
0,1,576,20.0
0,2,576,12.0
0,3,576,32.0
0,4,576,18.0
0,0,577,14.0
0,1,577,18.0
0,2,577,31.0
0,3,577,26.0
0,4,577,10.0
0,0,578,31.0
0,1,578,42.0
0,2,578,12.0
0,3,578,10.0
0,4,578,24.0
0,0,579,9.0
0,1,579,18.0
0,2,579,27.0
0,3,579,24.0
0,4,579,43.0
0,0,580,18.0
0,1,580,33.0
0,2,580,24.0
0,3,580,17.0
0,4,580,13.0
0,0,581,12.0
0,1,581,26.0
0,2,581,18.0
0,3,581,11.0
0,4,581,18.0
0,0,582,13.0
0,1,582,12.0
0,2,582,11.0
0,3,582,13.0
0,4,582,18.0
0,0,583,34.0
0,1,583,54.0
0,2,583,12.0
0,3,583,14.0
0,4,583,15.0
0,0,584,24.0
0,1,584,20.0
0,2,584,9.0
0,3,584,22.0
0,4,584,18.0
0,0,585,55.0
0,1,585,23.0
0,2,585,17.0
0,3,585,9.0
0,4,585,13.0
0,0,586,25.0
0,1,586,15.0
0,2,586,13.0
0,3,586,21.0
0,4,586,15.0
0,0,587,13.0
0,1,587,17.0
0,2,587,10.0
0,3,587,16.0
0,4,587,16.0
0,0,588,17.0
0,1,588,31.0
0,2,588,18.0
0,3,588,35.0
0,4,588,13.0
0,0,589,18.0
0,1,589,16.0
0,2,589,40.0
0,3,589,65.0
0,4,589,36.0
0,0,590,24.0
0,1,590,12.0
0,2,590,20.0
0,3,590,32.0
0,4,590,19.0
0,0,591,29.0
0,1,591,20.0
0,2,591,12.0
0,3,591,19.0
0,4,591,10.0
0,0,592,24.0
0,1,592,15.0
0,2,592,43.0
0,3,592,15.0
0,4,592,13.0
0,0,593,17.0
0,1,593,27.0
0,2,593,17.0
0,3,593,13.0
0,4,593,12.0
0,0,594,50.0
0,1,594,22.0
0,2,594,12.0
0,3,594,27.0
0,4,594,13.0
0,0,595,14.0
0,1,595,17.0
0,2,595,12.0
0,3,595,16.0
0,4,595,14.0
0,0,596,90.0
0,1,596,17.0
0,2,596,17.0
0,3,596,41.0
0,4,596,28.0
0,0,597,13.0
0,1,597,29.0
0,2,597,15.0
0,3,597,17.0
0,4,597,45.0
0,0,598,31.0
0,1,598,11.0
0,2,598,11.0
0,3,598,14.0
0,4,598,15.0
0,0,599,30.0
0,1,599,13.0
0,2,599,21.0
0,3,599,11.0
0,4,599,9.0
0,0,600,14.0
0,1,600,18.0
0,2,600,12.0
0,3,600,11.0
0,4,600,15.0
0,0,601,21.0
0,1,601,9.0
0,2,601,12.0
0,3,601,16.0
0,4,601,21.0
0,0,602,14.0
0,1,602,18.0
0,2,602,12.0
0,3,602,16.0
0,4,602,18.0
0,0,603,14.0
0,1,603,12.0
0,2,603,14.0
0,3,603,31.0
0,4,603,14.0
0,0,604,36.0
0,1,604,16.0
0,2,604,18.0
0,3,604,28.0
0,4,604,30.0
0,0,605,24.0
0,1,605,24.0
0,2,605,13.0
0,3,605,11.0
0,4,605,12.0
0,0,606,28.0
0,1,606,14.0
0,2,606,50.0
0,3,606,24.0
0,4,606,11.0
0,0,607,16.0
0,1,607,14.0
0,2,607,29.0
0,3,607,40.0
0,4,607,14.0
0,0,608,13.0
0,1,608,21.0
0,2,608,27.0
0,3,608,22.0
0,4,608,17.0
0,0,609,13.0
0,1,609,14.0
0,2,609,14.0
0,3,609,19.0
0,4,609,27.0
0,0,610,10.0
0,1,610,23.0
0,2,610,12.0
0,3,610,10.0
0,4,610,12.0
0,0,611,20.0
0,1,611,33.0
0,2,611,19.0
0,3,611,51.0
0,4,611,10.0
0,0,612,30.0
0,1,612,25.0
0,2,612,17.0
0,3,612,10.0
0,4,612,11.0
0,0,613,21.0
0,1,613,19.0
0,2,613,15.0
0,3,613,11.0
0,4,613,18.0
0,0,614,16.0
0,1,614,30.0
0,2,614,12.0
0,3,614,17.0
0,4,614,19.0
0,0,615,27.0
0,1,615,48.0
0,2,615,10.0
0,3,615,14.0
0,4,615,18.0
0,0,616,14.0
0,1,616,22.0
0,2,616,28.0
0,3,616,14.0
0,4,616,28.0
0,0,617,36.0
0,1,617,25.0
0,2,617,14.0
0,3,617,37.0
0,4,617,12.0
0,0,618,46.0
0,1,618,10.0
0,2,618,34.0
0,3,618,40.0
0,4,618,65.0
0,0,619,13.0
0,1,619,11.0
0,2,619,21.0
0,3,619,9.0
0,4,619,16.0
0,0,620,14.0
0,1,620,23.0
0,2,620,21.0
0,3,620,18.0
0,4,620,14.0
0,0,621,41.0
0,1,621,15.0
0,2,621,38.0
0,3,621,14.0
0,4,621,35.0
0,0,622,13.0
0,1,622,34.0
0,2,622,13.0
0,3,622,32.0
0,4,622,43.0
0,0,623,33.0
0,1,623,24.0
0,2,623,21.0
0,3,623,10.0
0,4,623,11.0
0,0,624,13.0
0,1,624,28.0
0,2,624,40.0
0,3,624,13.0
0,4,624,18.0
0,0,625,31.0
0,1,625,14.0
0,2,625,9.0
0,3,625,32.0
0,4,625,13.0
0,0,626,15.0
0,1,626,23.0
0,2,626,20.0
0,3,626,12.0
0,4,626,11.0
0,0,627,9.0
0,1,627,28.0
0,2,627,13.0
0,3,627,13.0
0,4,627,34.0
0,0,628,38.0
0,1,628,11.0
0,2,628,20.0
0,3,628,11.0
0,4,628,12.0
0,0,629,10.0
0,1,629,19.0
0,2,629,31.0
0,3,629,18.0
0,4,629,16.0
0,0,630,15.0
0,1,630,24.0
0,2,630,26.0
0,3,630,9.0
0,4,630,13.0
0,0,631,30.0
0,1,631,18.0
0,2,631,17.0
0,3,631,20.0
0,4,631,21.0
0,0,632,12.0
0,1,632,24.0
0,2,632,14.0
0,3,632,15.0
0,4,632,10.0
0,0,633,15.0
0,1,633,23.0
0,2,633,30.0
0,3,633,51.0
0,4,633,26.0
0,0,634,12.0
0,1,634,23.0
0,2,634,40.0
0,3,634,29.0
0,4,634,20.0
0,0,635,12.0
0,1,635,8.0
0,2,635,31.0
0,3,635,12.0
0,4,635,10.0
0,0,636,18.0
0,1,636,16.0
0,2,636,21.0
0,3,636,32.0
0,4,636,16.0
0,0,637,44.0
0,1,637,58.0
0,2,637,10.0
0,3,637,16.0
0,4,637,29.0
0,0,638,21.0
0,1,638,24.0
0,2,638,21.0
0,3,638,46.0
0,4,638,14.0
0,0,639,12.0
0,1,639,22.0
0,2,639,13.0
0,3,639,12.0
0,4,639,25.0
0,0,640,39.0
0,1,640,15.0
0,2,640,11.0
0,3,640,21.0
0,4,640,20.0
0,0,641,12.0
0,1,641,26.0
0,2,641,14.0
0,3,641,23.0
0,4,641,25.0
0,0,642,19.0
0,1,642,13.0
0,2,642,28.0
0,3,642,11.0
0,4,642,21.0
0,0,643,12.0
0,1,643,14.0
0,2,643,9.0
0,3,643,26.0
0,4,643,17.0
0,0,644,13.0
0,1,644,24.0
0,2,644,22.0
0,3,644,13.0
0,4,644,12.0
0,0,645,29.0
0,1,645,22.0
0,2,645,12.0
0,3,645,11.0
0,4,645,14.0
0,0,646,18.0
0,1,646,11.0
0,2,646,14.0
0,3,646,18.0
0,4,646,14.0
0,0,647,21.0
0,1,647,12.0
0,2,647,10.0
0,3,647,34.0
0,4,647,11.0
0,0,648,11.0
0,1,648,25.0
0,2,648,12.0
0,3,648,13.0
0,4,648,13.0
0,0,649,82.0
0,1,649,99.0
0,2,649,31.0
0,3,649,23.0
0,4,649,13.0
0,0,650,12.0
0,1,650,42.0
0,2,650,47.0
0,3,650,12.0
0,4,650,15.0
0,0,651,13.0
0,1,651,42.0
0,2,651,16.0
0,3,651,14.0
0,4,651,44.0
0,0,652,22.0
0,1,652,41.0
0,2,652,16.0
0,3,652,19.0
0,4,652,19.0
0,0,653,18.0
0,1,653,79.0
0,2,653,13.0
0,3,653,32.0
0,4,653,14.0
0,0,654,10.0
0,1,654,18.0
0,2,654,19.0
0,3,654,34.0
0,4,654,19.0
0,0,655,11.0
0,1,655,23.0
0,2,655,33.0
0,3,655,28.0
0,4,655,20.0
0,0,656,9.0
0,1,656,13.0
0,2,656,22.0
0,3,656,16.0
0,4,656,26.0
0,0,657,16.0
0,1,657,19.0
0,2,657,20.0
0,3,657,10.0
0,4,657,12.0
0,0,658,32.0
0,1,658,23.0
0,2,658,15.0
0,3,658,13.0
0,4,658,10.0
0,0,659,16.0
0,1,659,13.0
0,2,659,17.0
0,3,659,20.0
0,4,659,21.0
0,0,660,36.0
0,1,660,24.0
0,2,660,10.0
0,3,660,10.0
0,4,660,11.0
0,0,661,20.0
0,1,661,21.0
0,2,661,28.0
0,3,661,69.0
0,4,661,18.0
0,0,662,24.0
0,1,662,18.0
0,2,662,22.0
0,3,662,14.0
0,4,662,30.0
0,0,663,23.0
0,1,663,9.0
0,2,663,13.0
0,3,663,19.0
0,4,663,19.0
0,0,664,33.0
0,1,664,11.0
0,2,664,12.0
0,3,664,17.0
0,4,664,17.0
0,0,665,16.0
0,1,665,56.0
0,2,665,11.0
0,3,665,21.0
0,4,665,10.0
0,0,666,23.0
0,1,666,42.0
0,2,666,22.0
0,3,666,10.0
0,4,666,9.0
0,0,667,12.0
0,1,667,15.0
0,2,667,14.0
0,3,667,8.0
0,4,667,26.0
0,0,668,15.0
0,1,668,15.0
0,2,668,16.0
0,3,668,24.0
0,4,668,22.0
0,0,669,79.0
0,1,669,46.0
0,2,669,34.0
0,3,669,19.0
0,4,669,20.0
0,0,670,11.0
0,1,670,14.0
0,2,670,9.0
0,3,670,11.0
0,4,670,20.0
0,0,671,21.0
0,1,671,33.0
0,2,671,19.0
0,3,671,22.0
0,4,671,20.0
0,0,672,50.0
0,1,672,28.0
0,2,672,30.0
0,3,672,55.0
0,4,672,13.0
0,0,673,14.0
0,1,673,58.0
0,2,673,15.0
0,3,673,29.0
0,4,673,33.0
0,0,674,25.0
0,1,674,19.0
0,2,674,15.0
0,3,674,16.0
0,4,674,12.0
0,0,675,12.0
0,1,675,14.0
0,2,675,16.0
0,3,675,19.0
0,4,675,15.0
0,0,676,28.0
0,1,676,20.0
0,2,676,19.0
0,3,676,39.0
0,4,676,22.0
0,0,677,23.0
0,1,677,15.0
0,2,677,12.0
0,3,677,13.0
0,4,677,17.0
0,0,678,15.0
0,1,678,26.0
0,2,678,30.0
0,3,678,16.0
0,4,678,13.0
0,0,679,55.0
0,1,679,38.0
0,2,679,18.0
0,3,679,9.0
0,4,679,18.0
0,0,680,24.0
0,1,680,24.0
0,2,680,15.0
0,3,680,71.0
0,4,680,13.0
0,0,681,22.0
0,1,681,37.0
0,2,681,21.0
0,3,681,24.0
0,4,681,21.0
0,0,682,37.0
0,1,682,32.0
0,2,682,11.0
0,3,682,33.0
0,4,682,44.0
0,0,683,12.0
0,1,683,13.0
0,2,683,10.0
0,3,683,23.0
0,4,683,8.0
0,0,684,61.0
0,1,684,25.0
0,2,684,40.0
0,3,684,15.0
0,4,684,15.0
0,0,685,23.0
0,1,685,48.0
0,2,685,12.0
0,3,685,19.0
0,4,685,9.0
0,0,686,11.0
0,1,686,26.0
0,2,686,17.0
0,3,686,16.0
0,4,686,20.0
0,0,687,13.0
0,1,687,27.0
0,2,687,19.0
0,3,687,20.0
0,4,687,13.0
0,0,688,22.0
0,1,688,32.0
0,2,688,32.0
0,3,688,16.0
0,4,688,31.0
0,0,689,56.0
0,1,689,30.0
0,2,689,17.0
0,3,689,33.0
0,4,689,9.0
0,0,690,24.0
0,1,690,14.0
0,2,690,20.0
0,3,690,29.0
0,4,690,11.0
0,0,691,20.0
0,1,691,18.0
0,2,691,22.0
0,3,691,23.0
0,4,691,12.0
0,0,692,23.0
0,1,692,62.0
0,2,692,28.0
0,3,692,16.0
0,4,692,20.0
0,0,693,42.0
0,1,693,28.0
0,2,693,18.0
0,3,693,33.0
0,4,693,16.0
0,0,694,24.0
0,1,694,29.0
0,2,694,19.0
0,3,694,24.0
0,4,694,13.0
0,0,695,17.0
0,1,695,10.0
0,2,695,27.0
0,3,695,21.0
0,4,695,10.0
0,0,696,17.0
0,1,696,46.0
0,2,696,14.0
0,3,696,10.0
0,4,696,16.0
0,0,697,13.0
0,1,697,14.0
0,2,697,17.0
0,3,697,22.0
0,4,697,22.0
0,0,698,16.0
0,1,698,24.0
0,2,698,22.0
0,3,698,22.0
0,4,698,17.0
0,0,699,15.0
0,1,699,13.0
0,2,699,12.0
0,3,699,19.0
0,4,699,22.0
0,0,700,23.0
0,1,700,25.0
0,2,700,10.0
0,3,700,26.0
0,4,700,23.0
0,0,701,18.0
0,1,701,21.0
0,2,701,19.0
0,3,701,16.0
0,4,701,29.0
0,0,702,25.0
0,1,702,14.0
0,2,702,20.0
0,3,702,36.0
0,4,702,16.0
0,0,703,15.0
0,1,703,17.0
0,2,703,16.0
0,3,703,17.0
0,4,703,18.0
0,0,704,32.0
0,1,704,12.0
0,2,704,9.0
0,3,704,26.0
0,4,704,14.0
0,0,705,41.0
0,1,705,17.0
0,2,705,22.0
0,3,705,17.0
0,4,705,14.0
0,0,706,31.0
0,1,706,16.0
0,2,706,24.0
0,3,706,24.0
0,4,706,18.0
0,0,707,22.0
0,1,707,20.0
0,2,707,42.0
0,3,707,16.0
0,4,707,23.0
0,0,708,24.0
0,1,708,33.0
0,2,708,30.0
0,3,708,60.0
0,4,708,40.0
0,0,709,22.0
0,1,709,16.0
0,2,709,10.0
0,3,709,12.0
0,4,709,11.0
0,0,710,17.0
0,1,710,30.0
0,2,710,18.0
0,3,710,22.0
0,4,710,16.0
0,0,711,15.0
0,1,711,12.0
0,2,711,38.0
0,3,711,13.0
0,4,711,19.0
0,0,712,18.0
0,1,712,44.0
0,2,712,12.0
0,3,712,49.0
0,4,712,26.0
0,0,713,20.0
0,1,713,65.0
0,2,713,10.0
0,3,713,58.0
0,4,713,10.0
0,0,714,21.0
0,1,714,25.0
0,2,714,22.0
0,3,714,14.0
0,4,714,28.0
0,0,715,66.0
0,1,715,21.0
0,2,715,21.0
0,3,715,16.0
0,4,715,28.0
0,0,716,53.0
0,1,716,25.0
0,2,716,26.0
0,3,716,18.0
0,4,716,39.0
0,0,717,17.0
0,1,717,32.0
0,2,717,45.0
0,3,717,12.0
0,4,717,19.0
0,0,718,28.0
0,1,718,17.0
0,2,718,14.0
0,3,718,22.0
0,4,718,17.0
0,0,719,12.0
0,1,719,12.0
0,2,719,15.0
0,3,719,34.0
0,4,719,15.0
0,0,720,38.0
0,1,720,18.0
0,2,720,62.0
0,3,720,13.0
0,4,720,15.0
0,0,721,14.0
0,1,721,22.0
0,2,721,13.0
0,3,721,25.0
0,4,721,43.0
0,0,722,17.0
0,1,722,25.0
0,2,722,11.0
0,3,722,138.0
0,4,722,27.0
0,0,723,27.0
0,1,723,36.0
0,2,723,32.0
0,3,723,17.0
0,4,723,21.0
0,0,724,39.0
0,1,724,22.0
0,2,724,26.0
0,3,724,26.0
0,4,724,13.0
0,0,725,48.0
0,1,725,20.0
0,2,725,27.0
0,3,725,18.0
0,4,725,43.0
0,0,726,32.0
0,1,726,14.0
0,2,726,17.0
0,3,726,32.0
0,4,726,18.0
0,0,727,18.0
0,1,727,27.0
0,2,727,20.0
0,3,727,24.0
0,4,727,20.0
0,0,728,19.0
0,1,728,52.0
0,2,728,24.0
0,3,728,47.0
0,4,728,12.0
0,0,729,17.0
0,1,729,18.0
0,2,729,24.0
0,3,729,28.0
0,4,729,27.0
0,0,730,17.0
0,1,730,10.0
0,2,730,18.0
0,3,730,20.0
0,4,730,24.0
0,0,731,32.0
0,1,731,16.0
0,2,731,19.0
0,3,731,23.0
0,4,731,22.0
0,0,732,25.0
0,1,732,37.0
0,2,732,21.0
0,3,732,30.0
0,4,732,14.0
0,0,733,27.0
0,1,733,13.0
0,2,733,12.0
0,3,733,20.0
0,4,733,22.0
0,0,734,35.0
0,1,734,17.0
0,2,734,13.0
0,3,734,13.0
0,4,734,14.0
0,0,735,37.0
0,1,735,16.0
0,2,735,47.0
0,3,735,25.0
0,4,735,12.0
0,0,736,14.0
0,1,736,35.0
0,2,736,13.0
0,3,736,37.0
0,4,736,9.0
0,0,737,30.0
0,1,737,26.0
0,2,737,38.0
0,3,737,11.0
0,4,737,35.0
0,0,738,35.0
0,1,738,42.0
0,2,738,20.0
0,3,738,28.0
0,4,738,14.0
0,0,739,27.0
0,1,739,39.0
0,2,739,17.0
0,3,739,17.0
0,4,739,98.0
0,0,740,15.0
0,1,740,13.0
0,2,740,28.0
0,3,740,18.0
0,4,740,17.0
0,0,741,21.0
0,1,741,11.0
0,2,741,44.0
0,3,741,13.0
0,4,741,11.0
0,0,742,78.0
0,1,742,52.0
0,2,742,25.0
0,3,742,18.0
0,4,742,20.0
0,0,743,12.0
0,1,743,10.0
0,2,743,24.0
0,3,743,32.0
0,4,743,23.0
0,0,744,24.0
0,1,744,11.0
0,2,744,26.0
0,3,744,16.0
0,4,744,45.0
0,0,745,18.0
0,1,745,42.0
0,2,745,14.0
0,3,745,36.0
0,4,745,36.0
0,0,746,26.0
0,1,746,27.0
0,2,746,20.0
0,3,746,20.0
0,4,746,25.0
0,0,747,16.0
0,1,747,34.0
0,2,747,23.0
0,3,747,58.0
0,4,747,14.0
0,0,748,12.0
0,1,748,20.0
0,2,748,17.0
0,3,748,60.0
0,4,748,16.0
0,0,749,17.0
0,1,749,26.0
0,2,749,11.0
0,3,749,31.0
0,4,749,20.0
0,0,750,30.0
0,1,750,40.0
0,2,750,22.0
0,3,750,20.0
0,4,750,19.0
0,0,751,22.0
0,1,751,26.0
0,2,751,11.0
0,3,751,70.0
0,4,751,23.0
0,0,752,28.0
0,1,752,27.0
0,2,752,12.0
0,3,752,13.0
0,4,752,13.0
0,0,753,19.0
0,1,753,21.0
0,2,753,18.0
0,3,753,29.0
0,4,753,15.0
0,0,754,34.0
0,1,754,23.0
0,2,754,28.0
0,3,754,21.0
0,4,754,49.0
0,0,755,22.0
0,1,755,25.0
0,2,755,17.0
0,3,755,32.0
0,4,755,12.0
0,0,756,21.0
0,1,756,43.0
0,2,756,14.0
0,3,756,26.0
0,4,756,41.0
0,0,757,15.0
0,1,757,25.0
0,2,757,15.0
0,3,757,18.0
0,4,757,17.0
0,0,758,34.0
0,1,758,11.0
0,2,758,18.0
0,3,758,22.0
0,4,758,9.0
0,0,759,35.0
0,1,759,20.0
0,2,759,15.0
0,3,759,30.0
0,4,759,12.0
0,0,760,19.0
0,1,760,24.0
0,2,760,27.0
0,3,760,30.0
0,4,760,30.0
0,0,761,62.0
0,1,761,22.0
0,2,761,19.0
0,3,761,55.0
0,4,761,16.0
0,0,762,13.0
0,1,762,16.0
0,2,762,28.0
0,3,762,13.0
0,4,762,32.0
0,0,763,13.0
0,1,763,34.0
0,2,763,25.0
0,3,763,19.0
0,4,763,18.0
0,0,764,39.0
0,1,764,32.0
0,2,764,15.0
0,3,764,44.0
0,4,764,15.0
0,0,765,44.0
0,1,765,40.0
0,2,765,24.0
0,3,765,28.0
0,4,765,12.0
0,0,766,15.0
0,1,766,104.0
0,2,766,15.0
0,3,766,30.0
0,4,766,18.0
0,0,767,49.0
0,1,767,22.0
0,2,767,26.0
0,3,767,41.0
0,4,767,20.0
0,0,768,26.0
0,1,768,18.0
0,2,768,22.0
0,3,768,33.0
0,4,768,14.0
0,0,769,12.0
0,1,769,25.0
0,2,769,20.0
0,3,769,23.0
0,4,769,32.0
0,0,770,14.0
0,1,770,16.0
0,2,770,18.0
0,3,770,48.0
0,4,770,16.0
0,0,771,17.0
0,1,771,29.0
0,2,771,12.0
0,3,771,23.0
0,4,771,43.0
0,0,772,14.0
0,1,772,14.0
0,2,772,21.0
0,3,772,18.0
0,4,772,33.0
0,0,773,20.0
0,1,773,36.0
0,2,773,55.0
0,3,773,23.0
0,4,773,44.0
0,0,774,28.0
0,1,774,58.0
0,2,774,32.0
0,3,774,35.0
0,4,774,34.0
0,0,775,55.0
0,1,775,20.0
0,2,775,40.0
0,3,775,32.0
0,4,775,36.0
0,0,776,18.0
0,1,776,18.0
0,2,776,25.0
0,3,776,11.0
0,4,776,19.0
0,0,777,13.0
0,1,777,19.0
0,2,777,42.0
0,3,777,39.0
0,4,777,31.0
0,0,778,25.0
0,1,778,54.0
0,2,778,13.0
0,3,778,40.0
0,4,778,46.0
0,0,779,28.0
0,1,779,45.0
0,2,779,41.0
0,3,779,19.0
0,4,779,49.0
0,0,780,19.0
0,1,780,19.0
0,2,780,22.0
0,3,780,14.0
0,4,780,34.0
0,0,781,20.0
0,1,781,36.0
0,2,781,16.0
0,3,781,37.0
0,4,781,23.0
0,0,782,45.0
0,1,782,22.0
0,2,782,16.0
0,3,782,28.0
0,4,782,25.0
0,0,783,27.0
0,1,783,18.0
0,2,783,17.0
0,3,783,14.0
0,4,783,8.0
0,0,784,25.0
0,1,784,16.0
0,2,784,14.0
0,3,784,24.0
0,4,784,18.0
0,0,785,30.0
0,1,785,25.0
0,2,785,45.0
0,3,785,20.0
0,4,785,16.0
0,0,786,22.0
0,1,786,11.0
0,2,786,12.0
0,3,786,16.0
0,4,786,25.0
0,0,787,20.0
0,1,787,60.0
0,2,787,20.0
0,3,787,18.0
0,4,787,27.0
0,0,788,40.0
0,1,788,22.0
0,2,788,45.0
0,3,788,15.0
0,4,788,14.0
0,0,789,25.0
0,1,789,26.0
0,2,789,24.0
0,3,789,31.0
0,4,789,9.0
0,0,790,13.0
0,1,790,15.0
0,2,790,26.0
0,3,790,21.0
0,4,790,18.0
0,0,791,17.0
0,1,791,17.0
0,2,791,9.0
0,3,791,21.0
0,4,791,19.0
0,0,792,13.0
0,1,792,22.0
0,2,792,24.0
0,3,792,20.0
0,4,792,21.0
0,0,793,19.0
0,1,793,32.0
0,2,793,89.0
0,3,793,48.0
0,4,793,25.0
0,0,794,17.0
0,1,794,37.0
0,2,794,19.0
0,3,794,39.0
0,4,794,32.0
0,0,795,26.0
0,1,795,20.0
0,2,795,28.0
0,3,795,26.0
0,4,795,20.0
0,0,796,13.0
0,1,796,16.0
0,2,796,15.0
0,3,796,14.0
0,4,796,15.0
0,0,797,17.0
0,1,797,56.0
0,2,797,33.0
0,3,797,20.0
0,4,797,55.0
0,0,798,19.0
0,1,798,47.0
0,2,798,14.0
0,3,798,24.0
0,4,798,22.0
0,0,799,19.0
0,1,799,36.0
0,2,799,12.0
0,3,799,43.0
0,4,799,12.0
0,0,800,13.0
0,1,800,10.0
0,2,800,24.0
0,3,800,19.0
0,4,800,26.0
0,0,801,36.0
0,1,801,36.0
0,2,801,19.0
0,3,801,15.0
0,4,801,14.0
0,0,802,18.0
0,1,802,12.0
0,2,802,32.0
0,3,802,26.0
0,4,802,19.0
0,0,803,20.0
0,1,803,24.0
0,2,803,14.0
0,3,803,24.0
0,4,803,65.0
0,0,804,22.0
0,1,804,12.0
0,2,804,37.0
0,3,804,18.0
0,4,804,13.0
0,0,805,12.0
0,1,805,30.0
0,2,805,17.0
0,3,805,18.0
0,4,805,22.0
0,0,806,19.0
0,1,806,11.0
0,2,806,9.0
0,3,806,30.0
0,4,806,16.0
0,0,807,28.0
0,1,807,16.0
0,2,807,24.0
0,3,807,21.0
0,4,807,18.0
0,0,808,38.0
0,1,808,49.0
0,2,808,20.0
0,3,808,11.0
0,4,808,14.0
0,0,809,19.0
0,1,809,17.0
0,2,809,15.0
0,3,809,18.0
0,4,809,49.0
0,0,810,22.0
0,1,810,22.0
0,2,810,21.0
0,3,810,49.0
0,4,810,10.0
0,0,811,31.0
0,1,811,83.0
0,2,811,30.0
0,3,811,12.0
0,4,811,23.0
0,0,812,23.0
0,1,812,12.0
0,2,812,24.0
0,3,812,57.0
0,4,812,21.0
0,0,813,62.0
0,1,813,76.0
0,2,813,31.0
0,3,813,48.0
0,4,813,46.0
0,0,814,15.0
0,1,814,49.0
0,2,814,21.0
0,3,814,15.0
0,4,814,40.0
0,0,815,17.0
0,1,815,18.0
0,2,815,28.0
0,3,815,39.0
0,4,815,33.0
0,0,816,62.0
0,1,816,28.0
0,2,816,12.0
0,3,816,31.0
0,4,816,15.0
0,0,817,20.0
0,1,817,18.0
0,2,817,29.0
0,3,817,38.0
0,4,817,22.0
0,0,818,25.0
0,1,818,11.0
0,2,818,18.0
0,3,818,26.0
0,4,818,17.0
0,0,819,41.0
0,1,819,40.0
0,2,819,20.0
0,3,819,19.0
0,4,819,16.0
0,0,820,35.0
0,1,820,26.0
0,2,820,12.0
0,3,820,11.0
0,4,820,65.0
0,0,821,19.0
0,1,821,20.0
0,2,821,21.0
0,3,821,35.0
0,4,821,20.0
0,0,822,102.0
0,1,822,32.0
0,2,822,16.0
0,3,822,37.0
0,4,822,35.0
0,0,823,19.0
0,1,823,31.0
0,2,823,18.0
0,3,823,26.0
0,4,823,26.0
0,0,824,40.0
0,1,824,51.0
0,2,824,53.0
0,3,824,29.0
0,4,824,15.0
0,0,825,22.0
0,1,825,46.0
0,2,825,18.0
0,3,825,22.0
0,4,825,46.0
0,0,826,22.0
0,1,826,13.0
0,2,826,42.0
0,3,826,15.0
0,4,826,39.0
0,0,827,64.0
0,1,827,12.0
0,2,827,13.0
0,3,827,15.0
0,4,827,51.0
0,0,828,70.0
0,1,828,19.0
0,2,828,21.0
0,3,828,10.0
0,4,828,48.0
0,0,829,36.0
0,1,829,24.0
0,2,829,73.0
0,3,829,23.0
0,4,829,21.0
0,0,830,93.0
0,1,830,31.0
0,2,830,17.0
0,3,830,78.0
0,4,830,28.0
0,0,831,39.0
0,1,831,32.0
0,2,831,28.0
0,3,831,19.0
0,4,831,18.0
0,0,832,48.0
0,1,832,62.0
0,2,832,20.0
0,3,832,32.0
0,4,832,38.0
0,0,833,77.0
0,1,833,20.0
0,2,833,19.0
0,3,833,49.0
0,4,833,13.0
0,0,834,57.0
0,1,834,74.0
0,2,834,16.0
0,3,834,26.0
0,4,834,24.0
0,0,835,63.0
0,1,835,16.0
0,2,835,18.0
0,3,835,26.0
0,4,835,26.0
0,0,836,28.0
0,1,836,32.0
0,2,836,36.0
0,3,836,44.0
0,4,836,48.0
0,0,837,50.0
0,1,837,15.0
0,2,837,36.0
0,3,837,35.0
0,4,837,14.0
0,0,838,33.0
0,1,838,43.0
0,2,838,30.0
0,3,838,22.0
0,4,838,15.0
0,0,839,25.0
0,1,839,12.0
0,2,839,30.0
0,3,839,20.0
0,4,839,28.0
0,0,840,15.0
0,1,840,35.0
0,2,840,18.0
0,3,840,69.0
0,4,840,13.0
0,0,841,16.0
0,1,841,22.0
0,2,841,22.0
0,3,841,54.0
0,4,841,20.0
0,0,842,27.0
0,1,842,39.0
0,2,842,37.0
0,3,842,28.0
0,4,842,45.0
0,0,843,29.0
0,1,843,28.0
0,2,843,42.0
0,3,843,52.0
0,4,843,18.0
0,0,844,33.0
0,1,844,21.0
0,2,844,15.0
0,3,844,38.0
0,4,844,51.0
0,0,845,14.0
0,1,845,48.0
0,2,845,83.0
0,3,845,21.0
0,4,845,25.0
0,0,846,25.0
0,1,846,23.0
0,2,846,12.0
0,3,846,24.0
0,4,846,32.0
0,0,847,12.0
0,1,847,16.0
0,2,847,54.0
0,3,847,20.0
0,4,847,27.0
0,0,848,60.0
0,1,848,23.0
0,2,848,23.0
0,3,848,38.0
0,4,848,51.0
0,0,849,12.0
0,1,849,19.0
0,2,849,18.0
0,3,849,31.0
0,4,849,23.0
0,0,850,28.0
0,1,850,21.0
0,2,850,33.0
0,3,850,40.0
0,4,850,27.0
0,0,851,20.0
0,1,851,14.0
0,2,851,18.0
0,3,851,18.0
0,4,851,22.0
0,0,852,22.0
0,1,852,16.0
0,2,852,12.0
0,3,852,33.0
0,4,852,12.0
0,0,853,22.0
0,1,853,57.0
0,2,853,60.0
0,3,853,66.0
0,4,853,21.0
0,0,854,33.0
0,1,854,24.0
0,2,854,18.0
0,3,854,24.0
0,4,854,19.0
0,0,855,22.0
0,1,855,35.0
0,2,855,41.0
0,3,855,23.0
0,4,855,23.0
0,0,856,29.0
0,1,856,14.0
0,2,856,34.0
0,3,856,46.0
0,4,856,19.0
0,0,857,23.0
0,1,857,59.0
0,2,857,29.0
0,3,857,40.0
0,4,857,17.0
0,0,858,22.0
0,1,858,109.0
0,2,858,28.0
0,3,858,21.0
0,4,858,28.0
0,0,859,43.0
0,1,859,59.0
0,2,859,28.0
0,3,859,87.0
0,4,859,17.0
0,0,860,19.0
0,1,860,18.0
0,2,860,33.0
0,3,860,18.0
0,4,860,20.0
0,0,861,24.0
0,1,861,43.0
0,2,861,48.0
0,3,861,34.0
0,4,861,20.0
0,0,862,31.0
0,1,862,31.0
0,2,862,13.0
0,3,862,28.0
0,4,862,22.0
0,0,863,27.0
0,1,863,50.0
0,2,863,37.0
0,3,863,14.0
0,4,863,15.0
0,0,864,41.0
0,1,864,23.0
0,2,864,12.0
0,3,864,14.0
0,4,864,30.0
0,0,865,17.0
0,1,865,42.0
0,2,865,29.0
0,3,865,46.0
0,4,865,17.0
0,0,866,32.0
0,1,866,17.0
0,2,866,41.0
0,3,866,56.0
0,4,866,16.0
0,0,867,44.0
0,1,867,33.0
0,2,867,20.0
0,3,867,16.0
0,4,867,22.0
0,0,868,20.0
0,1,868,27.0
0,2,868,21.0
0,3,868,15.0
0,4,868,15.0
0,0,869,47.0
0,1,869,138.0
0,2,869,17.0
0,3,869,39.0
0,4,869,18.0
0,0,870,14.0
0,1,870,48.0
0,2,870,17.0
0,3,870,27.0
0,4,870,19.0
0,0,871,29.0
0,1,871,50.0
0,2,871,14.0
0,3,871,26.0
0,4,871,49.0
0,0,872,45.0
0,1,872,55.0
0,2,872,31.0
0,3,872,14.0
0,4,872,19.0
0,0,873,95.0
0,1,873,27.0
0,2,873,18.0
0,3,873,14.0
0,4,873,12.0
0,0,874,34.0
0,1,874,12.0
0,2,874,18.0
0,3,874,13.0
0,4,874,26.0
0,0,875,47.0
0,1,875,36.0
0,2,875,32.0
0,3,875,45.0
0,4,875,26.0
0,0,876,37.0
0,1,876,61.0
0,2,876,28.0
0,3,876,21.0
0,4,876,72.0
0,0,877,124.0
0,1,877,19.0
0,2,877,14.0
0,3,877,19.0
0,4,877,40.0
0,0,878,52.0
0,1,878,25.0
0,2,878,22.0
0,3,878,22.0
0,4,878,35.0
0,0,879,45.0
0,1,879,42.0
0,2,879,87.0
0,3,879,19.0
0,4,879,17.0
0,0,880,19.0
0,1,880,24.0
0,2,880,17.0
0,3,880,15.0
0,4,880,22.0
0,0,881,19.0
0,1,881,70.0
0,2,881,35.0
0,3,881,14.0
0,4,881,34.0
0,0,882,69.0
0,1,882,60.0
0,2,882,20.0
0,3,882,28.0
0,4,882,13.0
0,0,883,40.0
0,1,883,28.0
0,2,883,17.0
0,3,883,38.0
0,4,883,37.0
0,0,884,20.0
0,1,884,62.0
0,2,884,11.0
0,3,884,87.0
0,4,884,17.0
0,0,885,39.0
0,1,885,56.0
0,2,885,17.0
0,3,885,29.0
0,4,885,16.0
0,0,886,38.0
0,1,886,59.0
0,2,886,48.0
0,3,886,14.0
0,4,886,24.0
0,0,887,46.0
0,1,887,46.0
0,2,887,16.0
0,3,887,63.0
0,4,887,31.0
0,0,888,41.0
0,1,888,55.0
0,2,888,27.0
0,3,888,41.0
0,4,888,54.0
0,0,889,29.0
0,1,889,19.0
0,2,889,23.0
0,3,889,14.0
0,4,889,30.0
0,0,890,44.0
0,1,890,19.0
0,2,890,30.0
0,3,890,21.0
0,4,890,30.0
0,0,891,39.0
0,1,891,37.0
0,2,891,16.0
0,3,891,106.0
0,4,891,51.0
0,0,892,33.0
0,1,892,23.0
0,2,892,60.0
0,3,892,18.0
0,4,892,33.0
0,0,893,14.0
0,1,893,58.0
0,2,893,19.0
0,3,893,20.0
0,4,893,20.0
0,0,894,49.0
0,1,894,66.0
0,2,894,17.0
0,3,894,11.0
0,4,894,32.0
0,0,895,41.0
0,1,895,31.0
0,2,895,51.0
0,3,895,14.0
0,4,895,18.0
0,0,896,91.0
0,1,896,34.0
0,2,896,22.0
0,3,896,22.0
0,4,896,16.0
0,0,897,56.0
0,1,897,34.0
0,2,897,17.0
0,3,897,16.0
0,4,897,13.0
0,0,898,39.0
0,1,898,50.0
0,2,898,36.0
0,3,898,46.0
0,4,898,15.0
0,0,899,53.0
0,1,899,14.0
0,2,899,26.0
0,3,899,55.0
0,4,899,27.0
0,0,900,39.0
0,1,900,46.0
0,2,900,20.0
0,3,900,28.0
0,4,900,13.0
0,0,901,41.0
0,1,901,29.0
0,2,901,18.0
0,3,901,20.0
0,4,901,32.0
0,0,902,13.0
0,1,902,66.0
0,2,902,27.0
0,3,902,18.0
0,4,902,32.0
0,0,903,28.0
0,1,903,19.0
0,2,903,13.0
0,3,903,17.0
0,4,903,109.0
0,0,904,31.0
0,1,904,27.0
0,2,904,14.0
0,3,904,73.0
0,4,904,48.0
0,0,905,37.0
0,1,905,24.0
0,2,905,15.0
0,3,905,18.0
0,4,905,36.0
0,0,906,16.0
0,1,906,14.0
0,2,906,32.0
0,3,906,31.0
0,4,906,29.0
0,0,907,37.0
0,1,907,44.0
0,2,907,23.0
0,3,907,30.0
0,4,907,31.0
0,0,908,71.0
0,1,908,49.0
0,2,908,28.0
0,3,908,28.0
0,4,908,36.0
0,0,909,28.0
0,1,909,29.0
0,2,909,54.0
0,3,909,22.0
0,4,909,64.0
0,0,910,15.0
0,1,910,26.0
0,2,910,24.0
0,3,910,33.0
0,4,910,49.0
0,0,911,55.0
0,1,911,50.0
0,2,911,38.0
0,3,911,17.0
0,4,911,24.0
0,0,912,21.0
0,1,912,24.0
0,2,912,25.0
0,3,912,43.0
0,4,912,28.0
0,0,913,27.0
0,1,913,16.0
0,2,913,11.0
0,3,913,53.0
0,4,913,37.0
0,0,914,21.0
0,1,914,48.0
0,2,914,23.0
0,3,914,48.0
0,4,914,21.0
0,0,915,25.0
0,1,915,26.0
0,2,915,25.0
0,3,915,27.0
0,4,915,32.0
0,0,916,65.0
0,1,916,55.0
0,2,916,16.0
0,3,916,49.0
0,4,916,43.0
0,0,917,26.0
0,1,917,19.0
0,2,917,14.0
0,3,917,101.0
0,4,917,27.0
0,0,918,31.0
0,1,918,52.0
0,2,918,10.0
0,3,918,34.0
0,4,918,45.0
0,0,919,41.0
0,1,919,76.0
0,2,919,53.0
0,3,919,56.0
0,4,919,40.0
0,0,920,18.0
0,1,920,35.0
0,2,920,28.0
0,3,920,11.0
0,4,920,25.0
0,0,921,16.0
0,1,921,96.0
0,2,921,19.0
0,3,921,17.0
0,4,921,37.0
0,0,922,54.0
0,1,922,48.0
0,2,922,18.0
0,3,922,53.0
0,4,922,14.0
0,0,923,105.0
0,1,923,47.0
0,2,923,13.0
0,3,923,36.0
0,4,923,35.0
0,0,924,111.0
0,1,924,38.0
0,2,924,40.0
0,3,924,20.0
0,4,924,27.0
0,0,925,55.0
0,1,925,41.0
0,2,925,15.0
0,3,925,20.0
0,4,925,28.0
0,0,926,57.0
0,1,926,28.0
0,2,926,33.0
0,3,926,42.0
0,4,926,19.0
0,0,927,57.0
0,1,927,53.0
0,2,927,28.0
0,3,927,14.0
0,4,927,12.0
0,0,928,34.0
0,1,928,31.0
0,2,928,69.0
0,3,928,22.0
0,4,928,21.0
0,0,929,63.0
0,1,929,16.0
0,2,929,17.0
0,3,929,51.0
0,4,929,37.0
0,0,930,56.0
0,1,930,26.0
0,2,930,42.0
0,3,930,26.0
0,4,930,12.0
0,0,931,50.0
0,1,931,51.0
0,2,931,15.0
0,3,931,22.0
0,4,931,29.0
0,0,932,22.0
0,1,932,29.0
0,2,932,20.0
0,3,932,27.0
0,4,932,41.0
0,0,933,21.0
0,1,933,107.0
0,2,933,40.0
0,3,933,65.0
0,4,933,37.0
0,0,934,19.0
0,1,934,17.0
0,2,934,18.0
0,3,934,30.0
0,4,934,21.0
0,0,935,83.0
0,1,935,36.0
0,2,935,28.0
0,3,935,27.0
0,4,935,35.0
0,0,936,35.0
0,1,936,65.0
0,2,936,24.0
0,3,936,61.0
0,4,936,15.0
0,0,937,25.0
0,1,937,67.0
0,2,937,66.0
0,3,937,78.0
0,4,937,17.0
0,0,938,65.0
0,1,938,65.0
0,2,938,53.0
0,3,938,34.0
0,4,938,31.0
0,0,939,49.0
0,1,939,53.0
0,2,939,48.0
0,3,939,32.0
0,4,939,35.0
0,0,940,92.0
0,1,940,61.0
0,2,940,35.0
0,3,940,47.0
0,4,940,26.0
0,0,941,14.0
0,1,941,21.0
0,2,941,62.0
0,3,941,23.0
0,4,941,27.0
0,0,942,45.0
0,1,942,38.0
0,2,942,21.0
0,3,942,25.0
0,4,942,13.0
0,0,943,73.0
0,1,943,49.0
0,2,943,20.0
0,3,943,20.0
0,4,943,15.0
0,0,944,67.0
0,1,944,93.0
0,2,944,28.0
0,3,944,17.0
0,4,944,46.0
0,0,945,83.0
0,1,945,100.0
0,2,945,42.0
0,3,945,39.0
0,4,945,32.0
0,0,946,70.0
0,1,946,29.0
0,2,946,13.0
0,3,946,37.0
0,4,946,39.0
0,0,947,40.0
0,1,947,21.0
0,2,947,25.0
0,3,947,16.0
0,4,947,21.0
0,0,948,82.0
0,1,948,34.0
0,2,948,23.0
0,3,948,69.0
0,4,948,15.0
0,0,949,23.0
0,1,949,16.0
0,2,949,30.0
0,3,949,159.0
0,4,949,68.0
0,0,950,62.0
0,1,950,85.0
0,2,950,82.0
0,3,950,34.0
0,4,950,19.0
0,0,951,95.0
0,1,951,20.0
0,2,951,83.0
0,3,951,41.0
0,4,951,25.0
0,0,952,42.0
0,1,952,41.0
0,2,952,44.0
0,3,952,31.0
0,4,952,12.0
0,0,953,168.0
0,1,953,56.0
0,2,953,18.0
0,3,953,32.0
0,4,953,25.0
0,0,954,51.0
0,1,954,67.0
0,2,954,36.0
0,3,954,73.0
0,4,954,59.0
0,0,955,40.0
0,1,955,36.0
0,2,955,17.0
0,3,955,25.0
0,4,955,36.0
0,0,956,32.0
0,1,956,24.0
0,2,956,45.0
0,3,956,153.0
0,4,956,53.0
0,0,957,54.0
0,1,957,23.0
0,2,957,30.0
0,3,957,70.0
0,4,957,23.0
0,0,958,54.0
0,1,958,26.0
0,2,958,71.0
0,3,958,47.0
0,4,958,22.0
0,0,959,25.0
0,1,959,19.0
0,2,959,21.0
0,3,959,31.0
0,4,959,30.0
0,0,960,39.0
0,1,960,24.0
0,2,960,23.0
0,3,960,16.0
0,4,960,24.0
0,0,961,44.0
0,1,961,53.0
0,2,961,20.0
0,3,961,10.0
0,4,961,40.0
0,0,962,48.0
0,1,962,42.0
0,2,962,52.0
0,3,962,59.0
0,4,962,46.0
0,0,963,60.0
0,1,963,56.0
0,2,963,15.0
0,3,963,35.0
0,4,963,58.0
0,0,964,79.0
0,1,964,25.0
0,2,964,22.0
0,3,964,88.0
0,4,964,41.0
0,0,965,33.0
0,1,965,18.0
0,2,965,20.0
0,3,965,100.0
0,4,965,33.0
0,0,966,58.0
0,1,966,55.0
0,2,966,35.0
0,3,966,54.0
0,4,966,11.0
0,0,967,70.0
0,1,967,19.0
0,2,967,11.0
0,3,967,38.0
0,4,967,27.0
0,0,968,32.0
0,1,968,30.0
0,2,968,11.0
0,3,968,60.0
0,4,968,51.0
0,0,969,31.0
0,1,969,14.0
0,2,969,28.0
0,3,969,51.0
0,4,969,37.0
0,0,970,52.0
0,1,970,26.0
0,2,970,10.0
0,3,970,67.0
0,4,970,42.0
0,0,971,39.0
0,1,971,40.0
0,2,971,20.0
0,3,971,43.0
0,4,971,31.0
0,0,972,33.0
0,1,972,60.0
0,2,972,16.0
0,3,972,56.0
0,4,972,17.0
0,0,973,47.0
0,1,973,82.0
0,2,973,46.0
0,3,973,28.0
0,4,973,59.0
0,0,974,34.0
0,1,974,62.0
0,2,974,47.0
0,3,974,40.0
0,4,974,20.0
0,0,975,103.0
0,1,975,52.0
0,2,975,28.0
0,3,975,18.0
0,4,975,22.0
0,0,976,33.0
0,1,976,40.0
0,2,976,145.0
0,3,976,55.0
0,4,976,17.0
0,0,977,182.0
0,1,977,21.0
0,2,977,17.0
0,3,977,37.0
0,4,977,36.0
0,0,978,35.0
0,1,978,29.0
0,2,978,20.0
0,3,978,62.0
0,4,978,12.0
0,0,979,35.0
0,1,979,57.0
0,2,979,25.0
0,3,979,24.0
0,4,979,96.0
0,0,980,81.0
0,1,980,17.0
0,2,980,16.0
0,3,980,24.0
0,4,980,70.0
0,0,981,10.0
0,1,981,65.0
0,2,981,38.0
0,3,981,29.0
0,4,981,38.0
0,0,982,183.0
0,1,982,45.0
0,2,982,33.0
0,3,982,52.0
0,4,982,31.0
0,0,983,50.0
0,1,983,19.0
0,2,983,54.0
0,3,983,97.0
0,4,983,40.0
0,0,984,50.0
0,1,984,49.0
0,2,984,55.0
0,3,984,24.0
0,4,984,47.0
0,0,985,77.0
0,1,985,33.0
0,2,985,19.0
0,3,985,19.0
0,4,985,83.0
0,0,986,105.0
0,1,986,108.0
0,2,986,31.0
0,3,986,58.0
0,4,986,26.0
0,0,987,35.0
0,1,987,24.0
0,2,987,57.0
0,3,987,104.0
0,4,987,23.0
0,0,988,90.0
0,1,988,19.0
0,2,988,17.0
0,3,988,52.0
0,4,988,26.0
0,0,989,145.0
0,1,989,30.0
0,2,989,28.0
0,3,989,17.0
0,4,989,17.0
0,0,990,134.0
0,1,990,57.0
0,2,990,17.0
0,3,990,21.0
0,4,990,56.0
0,0,991,37.0
0,1,991,42.0
0,2,991,45.0
0,3,991,29.0
0,4,991,29.0
0,0,992,53.0
0,1,992,36.0
0,2,992,27.0
0,3,992,34.0
0,4,992,25.0
0,0,993,62.0
0,1,993,24.0
0,2,993,50.0
0,3,993,45.0
0,4,993,52.0
0,0,994,35.0
0,1,994,31.0
0,2,994,47.0
0,3,994,72.0
0,4,994,78.0
0,0,995,96.0
0,1,995,53.0
0,2,995,60.0
0,3,995,69.0
0,4,995,40.0
0,0,996,32.0
0,1,996,48.0
0,2,996,31.0
0,3,996,31.0
0,4,996,69.0
0,0,997,64.0
0,1,997,54.0
0,2,997,118.0
0,3,997,52.0
0,4,997,39.0
0,0,998,12.0
0,1,998,42.0
0,2,998,16.0
0,3,998,16.0
0,4,998,22.0
0,0,999,126.0
0,1,999,34.0
0,2,999,48.0
0,3,999,82.0
0,4,999,28.0
0,0,1000,49.0
0,1,1000,110.0
0,2,1000,27.0
0,3,1000,71.0
0,4,1000,26.0
0,0,1001,36.0
0,1,1001,59.0
0,2,1001,67.0
0,3,1001,56.0
0,4,1001,14.0
0,0,1002,49.0
0,1,1002,92.0
0,2,1002,11.0
0,3,1002,62.0
0,4,1002,71.0
0,0,1003,17.0
0,1,1003,59.0
0,2,1003,19.0
0,3,1003,95.0
0,4,1003,22.0
0,0,1004,108.0
0,1,1004,35.0
0,2,1004,32.0
0,3,1004,72.0
0,4,1004,21.0
0,0,1005,70.0
0,1,1005,40.0
0,2,1005,52.0
0,3,1005,87.0
0,4,1005,40.0
0,0,1006,31.0
0,1,1006,33.0
0,2,1006,29.0
0,3,1006,107.0
0,4,1006,14.0
0,0,1007,60.0
0,1,1007,17.0
0,2,1007,23.0
0,3,1007,44.0
0,4,1007,21.0
0,0,1008,58.0
0,1,1008,66.0
0,2,1008,27.0
0,3,1008,63.0
0,4,1008,41.0
0,0,1009,72.0
0,1,1009,43.0
0,2,1009,17.0
0,3,1009,25.0
0,4,1009,46.0
0,0,1010,82.0
0,1,1010,48.0
0,2,1010,12.0
0,3,1010,50.0
0,4,1010,73.0
0,0,1011,142.0
0,1,1011,65.0
0,2,1011,96.0
0,3,1011,28.0
0,4,1011,30.0
0,0,1012,47.0
0,1,1012,36.0
0,2,1012,42.0
0,3,1012,25.0
0,4,1012,28.0
0,0,1013,44.0
0,1,1013,24.0
0,2,1013,111.0
0,3,1013,21.0
0,4,1013,30.0
0,0,1014,69.0
0,1,1014,27.0
0,2,1014,73.0
0,3,1014,30.0
0,4,1014,32.0
0,0,1015,64.0
0,1,1015,34.0
0,2,1015,24.0
0,3,1015,108.0
0,4,1015,42.0
0,0,1016,24.0
0,1,1016,104.0
0,2,1016,27.0
0,3,1016,59.0
0,4,1016,35.0
0,0,1017,72.0
0,1,1017,40.0
0,2,1017,22.0
0,3,1017,48.0
0,4,1017,31.0
0,0,1018,58.0
0,1,1018,280.0
0,2,1018,57.0
0,3,1018,59.0
0,4,1018,30.0
0,0,1019,45.0
0,1,1019,19.0
0,2,1019,30.0
0,3,1019,141.0
0,4,1019,24.0
0,0,1020,77.0
0,1,1020,29.0
0,2,1020,28.0
0,3,1020,127.0
0,4,1020,30.0
0,0,1021,61.0
0,1,1021,54.0
0,2,1021,35.0
0,3,1021,23.0
0,4,1021,25.0
0,0,1022,41.0
0,1,1022,61.0
0,2,1022,16.0
0,3,1022,40.0
0,4,1022,34.0
0,0,1023,22.0
0,1,1023,82.0
0,2,1023,45.0
0,3,1023,47.0
0,4,1023,69.0
0,0,1024,114.0
0,1,1024,62.0
0,2,1024,49.0
0,3,1024,38.0
0,4,1024,31.0
0,0,1025,70.0
0,1,1025,24.0
0,2,1025,14.0
0,3,1025,65.0
0,4,1025,22.0
0,0,1026,24.0
0,1,1026,57.0
0,2,1026,58.0
0,3,1026,54.0
0,4,1026,16.0
0,0,1027,77.0
0,1,1027,100.0
0,2,1027,41.0
0,3,1027,36.0
0,4,1027,42.0
0,0,1028,123.0
0,1,1028,41.0
0,2,1028,45.0
0,3,1028,37.0
0,4,1028,34.0
0,0,1029,121.0
0,1,1029,115.0
0,2,1029,22.0
0,3,1029,25.0
0,4,1029,40.0
0,0,1030,85.0
0,1,1030,30.0
0,2,1030,34.0
0,3,1030,42.0
0,4,1030,34.0
0,0,1031,162.0
0,1,1031,74.0
0,2,1031,122.0
0,3,1031,65.0
0,4,1031,48.0
0,0,1032,38.0
0,1,1032,61.0
0,2,1032,37.0
0,3,1032,30.0
0,4,1032,33.0
0,0,1033,43.0
0,1,1033,38.0
0,2,1033,83.0
0,3,1033,27.0
0,4,1033,57.0
0,0,1034,93.0
0,1,1034,30.0
0,2,1034,33.0
0,3,1034,38.0
0,4,1034,78.0
0,0,1035,58.0
0,1,1035,82.0
0,2,1035,22.0
0,3,1035,61.0
0,4,1035,14.0
0,0,1036,116.0
0,1,1036,82.0
0,2,1036,17.0
0,3,1036,65.0
0,4,1036,65.0
0,0,1037,85.0
0,1,1037,104.0
0,2,1037,63.0
0,3,1037,27.0
0,4,1037,25.0
0,0,1038,25.0
0,1,1038,40.0
0,2,1038,21.0
0,3,1038,34.0
0,4,1038,44.0
0,0,1039,174.0
0,1,1039,57.0
0,2,1039,31.0
0,3,1039,14.0
0,4,1039,113.0
0,0,1040,20.0
0,1,1040,69.0
0,2,1040,38.0
0,3,1040,19.0
0,4,1040,60.0
0,0,1041,81.0
0,1,1041,41.0
0,2,1041,37.0
0,3,1041,37.0
0,4,1041,22.0
0,0,1042,56.0
0,1,1042,27.0
0,2,1042,71.0
0,3,1042,38.0
0,4,1042,71.0
0,0,1043,110.0
0,1,1043,101.0
0,2,1043,31.0
0,3,1043,56.0
0,4,1043,60.0
0,0,1044,69.0
0,1,1044,32.0
0,2,1044,31.0
0,3,1044,80.0
0,4,1044,28.0
0,0,1045,42.0
0,1,1045,32.0
0,2,1045,42.0
0,3,1045,69.0
0,4,1045,29.0
0,0,1046,30.0
0,1,1046,148.0
0,2,1046,89.0
0,3,1046,99.0
0,4,1046,39.0
0,0,1047,134.0
0,1,1047,70.0
0,2,1047,15.0
0,3,1047,27.0
0,4,1047,41.0
0,0,1048,22.0
0,1,1048,25.0
0,2,1048,50.0
0,3,1048,117.0
0,4,1048,19.0
0,0,1049,22.0
0,1,1049,49.0
0,2,1049,70.0
0,3,1049,61.0
0,4,1049,55.0
0,0,1050,104.0
0,1,1050,38.0
0,2,1050,32.0
0,3,1050,23.0
0,4,1050,50.0
0,0,1051,46.0
0,1,1051,23.0
0,2,1051,25.0
0,3,1051,103.0
0,4,1051,45.0
0,0,1052,43.0
0,1,1052,38.0
0,2,1052,21.0
0,3,1052,63.0
0,4,1052,23.0
0,0,1053,69.0
0,1,1053,45.0
0,2,1053,18.0
0,3,1053,100.0
0,4,1053,134.0
0,0,1054,152.0
0,1,1054,50.0
0,2,1054,26.0
0,3,1054,72.0
0,4,1054,125.0
0,0,1055,94.0
0,1,1055,21.0
0,2,1055,28.0
0,3,1055,55.0
0,4,1055,48.0
0,0,1056,132.0
0,1,1056,56.0
0,2,1056,72.0
0,3,1056,16.0
0,4,1056,103.0
0,0,1057,67.0
0,1,1057,123.0
0,2,1057,15.0
0,3,1057,36.0
0,4,1057,34.0
0,0,1058,31.0
0,1,1058,37.0
0,2,1058,57.0
0,3,1058,27.0
0,4,1058,52.0
0,0,1059,86.0
0,1,1059,88.0
0,2,1059,34.0
0,3,1059,49.0
0,4,1059,69.0
0,0,1060,24.0
0,1,1060,31.0
0,2,1060,23.0
0,3,1060,58.0
0,4,1060,25.0
0,0,1061,174.0
0,1,1061,28.0
0,2,1061,32.0
0,3,1061,67.0
0,4,1061,39.0
0,0,1062,48.0
0,1,1062,21.0
0,2,1062,63.0
0,3,1062,48.0
0,4,1062,30.0
0,0,1063,156.0
0,1,1063,36.0
0,2,1063,52.0
0,3,1063,63.0
0,4,1063,33.0
0,0,1064,28.0
0,1,1064,122.0
0,2,1064,39.0
0,3,1064,94.0
0,4,1064,66.0
0,0,1065,130.0
0,1,1065,50.0
0,2,1065,24.0
0,3,1065,48.0
0,4,1065,16.0
0,0,1066,187.0
0,1,1066,38.0
0,2,1066,51.0
0,3,1066,35.0
0,4,1066,54.0
0,0,1067,55.0
0,1,1067,44.0
0,2,1067,54.0
0,3,1067,82.0
0,4,1067,259.0
0,0,1068,116.0
0,1,1068,17.0
0,2,1068,35.0
0,3,1068,68.0
0,4,1068,111.0
0,0,1069,107.0
0,1,1069,34.0
0,2,1069,66.0
0,3,1069,44.0
0,4,1069,24.0
0,0,1070,149.0
0,1,1070,91.0
0,2,1070,27.0
0,3,1070,90.0
0,4,1070,26.0
0,0,1071,122.0
0,1,1071,39.0
0,2,1071,162.0
0,3,1071,35.0
0,4,1071,32.0
0,0,1072,44.0
0,1,1072,61.0
0,2,1072,66.0
0,3,1072,69.0
0,4,1072,31.0
0,0,1073,116.0
0,1,1073,54.0
0,2,1073,64.0
0,3,1073,33.0
0,4,1073,29.0
0,0,1074,40.0
0,1,1074,28.0
0,2,1074,46.0
0,3,1074,50.0
0,4,1074,59.0
0,0,1075,126.0
0,1,1075,104.0
0,2,1075,33.0
0,3,1075,74.0
0,4,1075,20.0
0,0,1076,122.0
0,1,1076,58.0
0,2,1076,87.0
0,3,1076,22.0
0,4,1076,55.0
0,0,1077,83.0
0,1,1077,73.0
0,2,1077,34.0
0,3,1077,57.0
0,4,1077,35.0
0,0,1078,35.0
0,1,1078,17.0
0,2,1078,40.0
0,3,1078,132.0
0,4,1078,47.0
0,0,1079,147.0
0,1,1079,76.0
0,2,1079,81.0
0,3,1079,63.0
0,4,1079,39.0
0,0,1080,39.0
0,1,1080,21.0
0,2,1080,54.0
0,3,1080,50.0
0,4,1080,138.0
0,0,1081,207.0
0,1,1081,35.0
0,2,1081,37.0
0,3,1081,49.0
0,4,1081,45.0
0,0,1082,120.0
0,1,1082,70.0
0,2,1082,27.0
0,3,1082,80.0
0,4,1082,37.0
0,0,1083,47.0
0,1,1083,47.0
0,2,1083,47.0
0,3,1083,40.0
0,4,1083,48.0
0,0,1084,113.0
0,1,1084,86.0
0,2,1084,42.0
0,3,1084,89.0
0,4,1084,62.0
0,0,1085,46.0
0,1,1085,26.0
0,2,1085,110.0
0,3,1085,69.0
0,4,1085,52.0
0,0,1086,138.0
0,1,1086,21.0
0,2,1086,38.0
0,3,1086,75.0
0,4,1086,21.0
0,0,1087,26.0
0,1,1087,47.0
0,2,1087,64.0
0,3,1087,54.0
0,4,1087,33.0
0,0,1088,35.0
0,1,1088,30.0
0,2,1088,79.0
0,3,1088,61.0
0,4,1088,62.0
0,0,1089,43.0
0,1,1089,28.0
0,2,1089,140.0
0,3,1089,37.0
0,4,1089,23.0
0,0,1090,181.0
0,1,1090,39.0
0,2,1090,26.0
0,3,1090,81.0
0,4,1090,28.0
0,0,1091,198.0
0,1,1091,22.0
0,2,1091,16.0
0,3,1091,47.0
0,4,1091,41.0
0,0,1092,39.0
0,1,1092,51.0
0,2,1092,45.0
0,3,1092,175.0
0,4,1092,20.0
0,0,1093,115.0
0,1,1093,60.0
0,2,1093,100.0
0,3,1093,114.0
0,4,1093,31.0
0,0,1094,67.0
0,1,1094,95.0
0,2,1094,67.0
0,3,1094,37.0
0,4,1094,64.0
0,0,1095,194.0
0,1,1095,34.0
0,2,1095,26.0
0,3,1095,40.0
0,4,1095,38.0
0,0,1096,32.0
0,1,1096,50.0
0,2,1096,26.0
0,3,1096,84.0
0,4,1096,36.0
0,0,1097,77.0
0,1,1097,29.0
0,2,1097,37.0
0,3,1097,25.0
0,4,1097,45.0
0,0,1098,221.0
0,1,1098,47.0
0,2,1098,29.0
0,3,1098,77.0
0,4,1098,28.0
0,0,1099,204.0
0,1,1099,70.0
0,2,1099,22.0
0,3,1099,26.0
0,4,1099,54.0
0,0,1100,55.0
0,1,1100,100.0
0,2,1100,93.0
0,3,1100,40.0
0,4,1100,72.0
0,0,1101,97.0
0,1,1101,45.0
0,2,1101,24.0
0,3,1101,63.0
0,4,1101,43.0
0,0,1102,129.0
0,1,1102,58.0
0,2,1102,67.0
0,3,1102,18.0
0,4,1102,41.0
0,0,1103,76.0
0,1,1103,60.0
0,2,1103,42.0
0,3,1103,66.0
0,4,1103,82.0
0,0,1104,157.0
0,1,1104,29.0
0,2,1104,24.0
0,3,1104,107.0
0,4,1104,44.0
0,0,1105,130.0
0,1,1105,47.0
0,2,1105,37.0
0,3,1105,50.0
0,4,1105,49.0
0,0,1106,149.0
0,1,1106,62.0
0,2,1106,23.0
0,3,1106,69.0
0,4,1106,43.0
0,0,1107,39.0
0,1,1107,79.0
0,2,1107,114.0
0,3,1107,97.0
0,4,1107,59.0
0,0,1108,171.0
0,1,1108,30.0
0,2,1108,79.0
0,3,1108,34.0
0,4,1108,83.0
0,0,1109,174.0
0,1,1109,84.0
0,2,1109,56.0
0,3,1109,109.0
0,4,1109,41.0
0,0,1110,27.0
0,1,1110,93.0
0,2,1110,19.0
0,3,1110,26.0
0,4,1110,51.0
0,0,1111,35.0
0,1,1111,62.0
0,2,1111,49.0
0,3,1111,74.0
0,4,1111,46.0
0,0,1112,172.0
0,1,1112,70.0
0,2,1112,23.0
0,3,1112,126.0
0,4,1112,150.0
0,0,1113,168.0
0,1,1113,40.0
0,2,1113,51.0
0,3,1113,64.0
0,4,1113,52.0
0,0,1114,53.0
0,1,1114,62.0
0,2,1114,24.0
0,3,1114,144.0
0,4,1114,40.0
0,0,1115,157.0
0,1,1115,80.0
0,2,1115,31.0
0,3,1115,108.0
0,4,1115,108.0
0,0,1116,95.0
0,1,1116,83.0
0,2,1116,27.0
0,3,1116,107.0
0,4,1116,42.0
0,0,1117,201.0
0,1,1117,34.0
0,2,1117,54.0
0,3,1117,219.0
0,4,1117,45.0
0,0,1118,95.0
0,1,1118,122.0
0,2,1118,26.0
0,3,1118,50.0
0,4,1118,19.0
0,0,1119,110.0
0,1,1119,104.0
0,2,1119,32.0
0,3,1119,77.0
0,4,1119,98.0
0,0,1120,91.0
0,1,1120,32.0
0,2,1120,69.0
0,3,1120,62.0
0,4,1120,47.0
0,0,1121,76.0
0,1,1121,52.0
0,2,1121,24.0
0,3,1121,54.0
0,4,1121,20.0
0,0,1122,211.0
0,1,1122,72.0
0,2,1122,23.0
0,3,1122,81.0
0,4,1122,57.0
0,0,1123,90.0
0,1,1123,62.0
0,2,1123,36.0
0,3,1123,48.0
0,4,1123,55.0
0,0,1124,75.0
0,1,1124,40.0
0,2,1124,78.0
0,3,1124,34.0
0,4,1124,45.0
0,0,1125,138.0
0,1,1125,112.0
0,2,1125,45.0
0,3,1125,190.0
0,4,1125,37.0
0,0,1126,123.0
0,1,1126,71.0
0,2,1126,133.0
0,3,1126,82.0
0,4,1126,26.0
0,0,1127,22.0
0,1,1127,48.0
0,2,1127,130.0
0,3,1127,242.0
0,4,1127,23.0
0,0,1128,25.0
0,1,1128,99.0
0,2,1128,24.0
0,3,1128,70.0
0,4,1128,25.0
0,0,1129,46.0
0,1,1129,101.0
0,2,1129,45.0
0,3,1129,46.0
0,4,1129,54.0
0,0,1130,155.0
0,1,1130,28.0
0,2,1130,138.0
0,3,1130,170.0
0,4,1130,95.0
0,0,1131,111.0
0,1,1131,96.0
0,2,1131,16.0
0,3,1131,131.0
0,4,1131,44.0
0,0,1132,100.0
0,1,1132,27.0
0,2,1132,58.0
0,3,1132,48.0
0,4,1132,27.0
0,0,1133,80.0
0,1,1133,248.0
0,2,1133,89.0
0,3,1133,46.0
0,4,1133,123.0
0,0,1134,29.0
0,1,1134,109.0
0,2,1134,30.0
0,3,1134,82.0
0,4,1134,81.0
0,0,1135,263.0
0,1,1135,107.0
0,2,1135,38.0
0,3,1135,91.0
0,4,1135,79.0
0,0,1136,46.0
0,1,1136,37.0
0,2,1136,76.0
0,3,1136,18.0
0,4,1136,38.0
0,0,1137,108.0
0,1,1137,211.0
0,2,1137,40.0
0,3,1137,231.0
0,4,1137,27.0
0,0,1138,125.0
0,1,1138,71.0
0,2,1138,114.0
0,3,1138,107.0
0,4,1138,34.0
0,0,1139,118.0
0,1,1139,60.0
0,2,1139,23.0
0,3,1139,36.0
0,4,1139,33.0
0,0,1140,76.0
0,1,1140,88.0
0,2,1140,24.0
0,3,1140,207.0
0,4,1140,32.0
0,0,1141,75.0
0,1,1141,74.0
0,2,1141,40.0
0,3,1141,196.0
0,4,1141,38.0
0,0,1142,153.0
0,1,1142,71.0
0,2,1142,54.0
0,3,1142,90.0
0,4,1142,40.0
0,0,1143,76.0
0,1,1143,38.0
0,2,1143,23.0
0,3,1143,155.0
0,4,1143,34.0
0,0,1144,254.0
0,1,1144,86.0
0,2,1144,31.0
0,3,1144,112.0
0,4,1144,25.0
0,0,1145,160.0
0,1,1145,47.0
0,2,1145,97.0
0,3,1145,83.0
0,4,1145,39.0
0,0,1146,68.0
0,1,1146,87.0
0,2,1146,32.0
0,3,1146,134.0
0,4,1146,38.0
0,0,1147,86.0
0,1,1147,113.0
0,2,1147,70.0
0,3,1147,172.0
0,4,1147,122.0
0,0,1148,63.0
0,1,1148,42.0
0,2,1148,25.0
0,3,1148,184.0
0,4,1148,22.0
0,0,1149,101.0
0,1,1149,61.0
0,2,1149,62.0
0,3,1149,52.0
0,4,1149,43.0
0,0,1150,161.0
0,1,1150,92.0
0,2,1150,51.0
0,3,1150,287.0
0,4,1150,60.0
0,0,1151,138.0
0,1,1151,43.0
0,2,1151,281.0
0,3,1151,284.0
0,4,1151,81.0
0,0,1152,81.0
0,1,1152,94.0
0,2,1152,84.0
0,3,1152,96.0
0,4,1152,79.0
0,0,1153,84.0
0,1,1153,94.0
0,2,1153,91.0
0,3,1153,62.0
0,4,1153,73.0
0,0,1154,151.0
0,1,1154,29.0
0,2,1154,56.0
0,3,1154,115.0
0,4,1154,26.0
0,0,1155,48.0
0,1,1155,37.0
0,2,1155,99.0
0,3,1155,98.0
0,4,1155,140.0
0,0,1156,106.0
0,1,1156,45.0
0,2,1156,39.0
0,3,1156,111.0
0,4,1156,50.0
0,0,1157,69.0
0,1,1157,107.0
0,2,1157,60.0
0,3,1157,117.0
0,4,1157,28.0
0,0,1158,132.0
0,1,1158,71.0
0,2,1158,85.0
0,3,1158,292.0
0,4,1158,53.0
0,0,1159,41.0
0,1,1159,73.0
0,2,1159,77.0
0,3,1159,189.0
0,4,1159,54.0
0,0,1160,90.0
0,1,1160,45.0
0,2,1160,251.0
0,3,1160,109.0
0,4,1160,51.0
0,0,1161,31.0
0,1,1161,35.0
0,2,1161,123.0
0,3,1161,124.0
0,4,1161,39.0
0,0,1162,89.0
0,1,1162,46.0
0,2,1162,55.0
0,3,1162,188.0
0,4,1162,76.0
0,0,1163,86.0
0,1,1163,26.0
0,2,1163,27.0
0,3,1163,247.0
0,4,1163,59.0
0,0,1164,229.0
0,1,1164,231.0
0,2,1164,165.0
0,3,1164,156.0
0,4,1164,35.0
0,0,1165,63.0
0,1,1165,105.0
0,2,1165,227.0
0,3,1165,112.0
0,4,1165,148.0
0,0,1166,122.0
0,1,1166,85.0
0,2,1166,142.0
0,3,1166,54.0
0,4,1166,145.0
0,0,1167,215.0
0,1,1167,54.0
0,2,1167,106.0
0,3,1167,246.0
0,4,1167,143.0
0,0,1168,31.0
0,1,1168,59.0
0,2,1168,100.0
0,3,1168,165.0
0,4,1168,29.0
0,0,1169,73.0
0,1,1169,22.0
0,2,1169,121.0
0,3,1169,147.0
0,4,1169,89.0
0,0,1170,82.0
0,1,1170,142.0
0,2,1170,56.0
0,3,1170,230.0
0,4,1170,131.0
0,0,1171,27.0
0,1,1171,91.0
0,2,1171,113.0
0,3,1171,185.0
0,4,1171,134.0
0,0,1172,281.0
0,1,1172,22.0
0,2,1172,137.0
0,3,1172,269.0
0,4,1172,45.0
0,0,1173,218.0
0,1,1173,142.0
0,2,1173,125.0
0,3,1173,18.0
0,4,1173,64.0
0,0,1174,132.0
0,1,1174,77.0
0,2,1174,93.0
0,3,1174,78.0
0,4,1174,61.0
0,0,1175,210.0
0,1,1175,29.0
0,2,1175,97.0
0,3,1175,171.0
0,4,1175,25.0
0,0,1176,184.0
0,1,1176,117.0
0,2,1176,46.0
0,3,1176,77.0
0,4,1176,63.0
0,0,1177,103.0
0,1,1177,129.0
0,2,1177,126.0
0,3,1177,249.0
0,4,1177,62.0
0,0,1178,184.0
0,1,1178,19.0
0,2,1178,79.0
0,3,1178,234.0
0,4,1178,90.0
0,0,1179,151.0
0,1,1179,37.0
0,2,1179,29.0
0,3,1179,225.0
0,4,1179,24.0
0,0,1180,88.0
0,1,1180,192.0
0,2,1180,179.0
0,3,1180,215.0
0,4,1180,60.0
0,0,1181,145.0
0,1,1181,33.0
0,2,1181,34.0
0,3,1181,43.0
0,4,1181,124.0
0,0,1182,177.0
0,1,1182,57.0
0,2,1182,32.0
0,3,1182,208.0
0,4,1182,33.0
0,0,1183,142.0
0,1,1183,109.0
0,2,1183,81.0
0,3,1183,264.0
0,4,1183,148.0
0,0,1184,128.0
0,1,1184,30.0
0,2,1184,61.0
0,3,1184,230.0
0,4,1184,54.0
0,0,1185,246.0
0,1,1185,111.0
0,2,1185,68.0
0,3,1185,185.0
0,4,1185,187.0
0,0,1186,176.0
0,1,1186,72.0
0,2,1186,45.0
0,3,1186,117.0
0,4,1186,35.0
0,0,1187,171.0
0,1,1187,72.0
0,2,1187,36.0
0,3,1187,240.0
0,4,1187,44.0
0,0,1188,226.0
0,1,1188,43.0
0,2,1188,261.0
0,3,1188,74.0
0,4,1188,71.0
0,0,1189,190.0
0,1,1189,128.0
0,2,1189,81.0
0,3,1189,157.0
0,4,1189,53.0
0,0,1190,178.0
0,1,1190,38.0
0,2,1190,38.0
0,3,1190,137.0
0,4,1190,85.0
0,0,1191,152.0
0,1,1191,70.0
0,2,1191,94.0
0,3,1191,366.0
0,4,1191,43.0
0,0,1192,194.0
0,1,1192,37.0
0,2,1192,68.0
0,3,1192,194.0
0,4,1192,38.0
0,0,1193,180.0
0,1,1193,204.0
0,2,1193,45.0
0,3,1193,188.0
0,4,1193,84.0
0,0,1194,224.0
0,1,1194,23.0
0,2,1194,147.0
0,3,1194,205.0
0,4,1194,30.0
0,0,1195,90.0
0,1,1195,93.0
0,2,1195,57.0
0,3,1195,343.0
0,4,1195,25.0
0,0,1196,322.0
0,1,1196,143.0
0,2,1196,16.0
0,3,1196,311.0
0,4,1196,48.0
0,0,1197,200.0
0,1,1197,57.0
0,2,1197,144.0
0,3,1197,483.0
0,4,1197,54.0
0,0,1198,424.0
0,1,1198,34.0
0,2,1198,184.0
0,3,1198,182.0
0,4,1198,133.0
0,0,1199,170.0
0,1,1199,49.0
0,2,1199,78.0
0,3,1199,500.0
0,4,1199,102.0
0,0,1200,281.0
0,1,1200,76.0
0,2,1200,70.0
0,3,1200,255.0
0,4,1200,184.0
0,0,1201,152.0
0,1,1201,121.0
0,2,1201,140.0
0,3,1201,180.0
0,4,1201,107.0
0,0,1202,249.0
0,1,1202,131.0
0,2,1202,29.0
0,3,1202,283.0
0,4,1202,42.0
0,0,1203,174.0
0,1,1203,39.0
0,2,1203,21.0
0,3,1203,265.0
0,4,1203,102.0
0,0,1204,191.0
0,1,1204,145.0
0,2,1204,136.0
0,3,1204,240.0
0,4,1204,62.0
0,0,1205,193.0
0,1,1205,174.0
0,2,1205,78.0
0,3,1205,396.0
0,4,1205,43.0
0,0,1206,170.0
0,1,1206,42.0
0,2,1206,167.0
0,3,1206,413.0
0,4,1206,47.0
0,0,1207,132.0
0,1,1207,135.0
0,2,1207,109.0
0,3,1207,149.0
0,4,1207,19.0
0,0,1208,144.0
0,1,1208,66.0
0,2,1208,64.0
0,3,1208,115.0
0,4,1208,59.0
0,0,1209,192.0
0,1,1209,115.0
0,2,1209,73.0
0,3,1209,202.0
0,4,1209,75.0
0,0,1210,242.0
0,1,1210,111.0
0,2,1210,81.0
0,3,1210,223.0
0,4,1210,29.0
0,0,1211,228.0
0,1,1211,97.0
0,2,1211,131.0
0,3,1211,367.0
0,4,1211,34.0
0,0,1212,245.0
0,1,1212,254.0
0,2,1212,128.0
0,3,1212,252.0
0,4,1212,73.0
0,0,1213,173.0
0,1,1213,181.0
0,2,1213,228.0
0,3,1213,262.0
0,4,1213,171.0
0,0,1214,150.0
0,1,1214,87.0
0,2,1214,67.0
0,3,1214,434.0
0,4,1214,65.0
0,0,1215,162.0
0,1,1215,251.0
0,2,1215,50.0
0,3,1215,169.0
0,4,1215,18.0
0,0,1216,175.0
0,1,1216,152.0
0,2,1216,27.0
0,3,1216,227.0
0,4,1216,185.0
0,0,1217,166.0
0,1,1217,70.0
0,2,1217,45.0
0,3,1217,58.0
0,4,1217,42.0
0,0,1218,175.0
0,1,1218,145.0
0,2,1218,40.0
0,3,1218,284.0
0,4,1218,92.0
0,0,1219,257.0
0,1,1219,198.0
0,2,1219,93.0
0,3,1219,277.0
0,4,1219,41.0
0,0,1220,286.0
0,1,1220,129.0
0,2,1220,39.0
0,3,1220,217.0
0,4,1220,154.0
0,0,1221,201.0
0,1,1221,108.0
0,2,1221,179.0
0,3,1221,382.0
0,4,1221,23.0
0,0,1222,163.0
0,1,1222,156.0
0,2,1222,197.0
0,3,1222,268.0
0,4,1222,138.0
0,0,1223,231.0
0,1,1223,59.0
0,2,1223,60.0
0,3,1223,277.0
0,4,1223,84.0
0,0,1224,192.0
0,1,1224,92.0
0,2,1224,55.0
0,3,1224,268.0
0,4,1224,21.0
0,0,1225,213.0
0,1,1225,162.0
0,2,1225,106.0
0,3,1225,229.0
0,4,1225,136.0
0,0,1226,235.0
0,1,1226,61.0
0,2,1226,86.0
0,3,1226,179.0
0,4,1226,76.0
0,0,1227,193.0
0,1,1227,53.0
0,2,1227,90.0
0,3,1227,219.0
0,4,1227,175.0
0,0,1228,199.0
0,1,1228,117.0
0,2,1228,142.0
0,3,1228,337.0
0,4,1228,133.0
0,0,1229,216.0
0,1,1229,46.0
0,2,1229,190.0
0,3,1229,288.0
0,4,1229,161.0
0,0,1230,178.0
0,1,1230,54.0
0,2,1230,45.0
0,3,1230,285.0
0,4,1230,92.0
0,0,1231,164.0
0,1,1231,189.0
0,2,1231,129.0
0,3,1231,241.0
0,4,1231,105.0
0,0,1232,181.0
0,1,1232,190.0
0,2,1232,106.0
0,3,1232,264.0
0,4,1232,82.0
0,0,1233,147.0
0,1,1233,89.0
0,2,1233,50.0
0,3,1233,486.0
0,4,1233,246.0
0,0,1234,187.0
0,1,1234,354.0
0,2,1234,55.0
0,3,1234,194.0
0,4,1234,44.0
0,0,1235,203.0
0,1,1235,118.0
0,2,1235,26.0
0,3,1235,229.0
0,4,1235,19.0
0,0,1236,234.0
0,1,1236,77.0
0,2,1236,19.0
0,3,1236,246.0
0,4,1236,231.0
0,0,1237,212.0
0,1,1237,45.0
0,2,1237,18.0
0,3,1237,170.0
0,4,1237,86.0
0,0,1238,222.0
0,1,1238,122.0
0,2,1238,95.0
0,3,1238,218.0
0,4,1238,219.0
0,0,1239,240.0
0,1,1239,118.0
0,2,1239,94.0
0,3,1239,414.0
0,4,1239,155.0
0,0,1240,53.0
0,1,1240,397.0
0,2,1240,26.0
0,3,1240,153.0
0,4,1240,327.0
0,0,1241,184.0
0,1,1241,76.0
0,2,1241,65.0
0,3,1241,309.0
0,4,1241,116.0
0,0,1242,204.0
0,1,1242,298.0
0,2,1242,187.0
0,3,1242,263.0
0,4,1242,153.0
0,0,1243,165.0
0,1,1243,219.0
0,2,1243,84.0
0,3,1243,267.0
0,4,1243,148.0
0,0,1244,182.0
0,1,1244,356.0
0,2,1244,138.0
0,3,1244,293.0
0,4,1244,126.0
0,0,1245,222.0
0,1,1245,54.0
0,2,1245,169.0
0,3,1245,165.0
0,4,1245,102.0
0,0,1246,211.0
0,1,1246,96.0
0,2,1246,175.0
0,3,1246,233.0
0,4,1246,85.0
0,0,1247,125.0
0,1,1247,281.0
0,2,1247,24.0
0,3,1247,421.0
0,4,1247,102.0
0,0,1248,215.0
0,1,1248,171.0
0,2,1248,63.0
0,3,1248,323.0
0,4,1248,68.0
0,0,1249,210.0
0,1,1249,84.0
0,2,1249,95.0
0,3,1249,350.0
0,4,1249,237.0
0,0,1250,199.0
0,1,1250,144.0
0,2,1250,226.0
0,3,1250,206.0
0,4,1250,167.0
0,0,1251,219.0
0,1,1251,57.0
0,2,1251,85.0
0,3,1251,390.0
0,4,1251,322.0
0,0,1252,260.0
0,1,1252,141.0
0,2,1252,86.0
0,3,1252,325.0
0,4,1252,157.0
0,0,1253,252.0
0,1,1253,213.0
0,2,1253,84.0
0,3,1253,258.0
0,4,1253,84.0
0,0,1254,198.0
0,1,1254,199.0
0,2,1254,46.0
0,3,1254,381.0
0,4,1254,90.0
0,0,1255,229.0
0,1,1255,203.0
0,2,1255,203.0
0,3,1255,460.0
0,4,1255,68.0
0,0,1256,219.0
0,1,1256,135.0
0,2,1256,64.0
0,3,1256,287.0
0,4,1256,57.0
0,0,1257,206.0
0,1,1257,230.0
0,2,1257,259.0
0,3,1257,259.0
0,4,1257,121.0
0,0,1258,215.0
0,1,1258,116.0
0,2,1258,80.0
0,3,1258,394.0
0,4,1258,62.0
0,0,1259,194.0
0,1,1259,94.0
0,2,1259,79.0
0,3,1259,283.0
0,4,1259,68.0
0,0,1260,256.0
0,1,1260,328.0
0,2,1260,95.0
0,3,1260,107.0
0,4,1260,108.0
0,0,1261,216.0
0,1,1261,234.0
0,2,1261,146.0
0,3,1261,304.0
0,4,1261,304.0
0,0,1262,233.0
0,1,1262,120.0
0,2,1262,120.0
0,3,1262,398.0
0,4,1262,47.0
0,0,1263,209.0
0,1,1263,257.0
0,2,1263,320.0
0,3,1263,215.0
0,4,1263,203.0
0,0,1264,221.0
0,1,1264,222.0
0,2,1264,23.0
0,3,1264,207.0
0,4,1264,36.0
0,0,1265,186.0
0,1,1265,169.0
0,2,1265,99.0
0,3,1265,300.0
0,4,1265,300.0
0,0,1266,165.0
0,1,1266,286.0
0,2,1266,162.0
0,3,1266,187.0
0,4,1266,249.0
0,0,1267,246.0
0,1,1267,142.0
0,2,1267,69.0
0,3,1267,156.0
0,4,1267,54.0
0,0,1268,216.0
0,1,1268,231.0
0,2,1268,39.0
0,3,1268,154.0
0,4,1268,157.0
0,0,1269,209.0
0,1,1269,128.0
0,2,1269,98.0
0,3,1269,365.0
0,4,1269,344.0
0,0,1270,121.0
0,1,1270,177.0
0,2,1270,114.0
0,3,1270,279.0
0,4,1270,139.0
0,0,1271,184.0
0,1,1271,293.0
0,2,1271,29.0
0,3,1271,231.0
0,4,1271,45.0
0,0,1272,348.0
0,1,1272,264.0
0,2,1272,60.0
0,3,1272,267.0
0,4,1272,160.0
0,0,1273,200.0
0,1,1273,404.0
0,2,1273,79.0
0,3,1273,153.0
0,4,1273,92.0
0,0,1274,127.0
0,1,1274,500.0
0,2,1274,288.0
0,3,1274,129.0
0,4,1274,151.0
0,0,1275,214.0
0,1,1275,452.0
0,2,1275,186.0
0,3,1275,195.0
0,4,1275,81.0
0,0,1276,241.0
0,1,1276,301.0
0,2,1276,342.0
0,3,1276,76.0
0,4,1276,113.0
0,0,1277,179.0
0,1,1277,500.0
0,2,1277,77.0
0,3,1277,75.0
0,4,1277,229.0
0,0,1278,203.0
0,1,1278,214.0
0,2,1278,292.0
0,3,1278,281.0
0,4,1278,111.0
0,0,1279,240.0
0,1,1279,314.0
0,2,1279,188.0
0,3,1279,163.0
0,4,1279,143.0
0,0,1280,230.0
0,1,1280,500.0
0,2,1280,319.0
0,3,1280,180.0
0,4,1280,71.0
0,0,1281,204.0
0,1,1281,281.0
0,2,1281,231.0
0,3,1281,203.0
0,4,1281,151.0
0,0,1282,211.0
0,1,1282,262.0
0,2,1282,182.0
0,3,1282,39.0
0,4,1282,397.0
0,0,1283,118.0
0,1,1283,325.0
0,2,1283,101.0
0,3,1283,85.0
0,4,1283,261.0
0,0,1284,166.0
0,1,1284,291.0
0,2,1284,386.0
0,3,1284,148.0
0,4,1284,136.0
0,0,1285,327.0
0,1,1285,360.0
0,2,1285,79.0
0,3,1285,117.0
0,4,1285,235.0
0,0,1286,130.0
0,1,1286,330.0
0,2,1286,107.0
0,3,1286,201.0
0,4,1286,63.0
0,0,1287,69.0
0,1,1287,237.0
0,2,1287,69.0
0,3,1287,143.0
0,4,1287,362.0
0,0,1288,202.0
0,1,1288,271.0
0,2,1288,152.0
0,3,1288,246.0
0,4,1288,69.0
0,0,1289,182.0
0,1,1289,500.0
0,2,1289,139.0
0,3,1289,102.0
0,4,1289,130.0
0,0,1290,193.0
0,1,1290,491.0
0,2,1290,330.0
0,3,1290,147.0
0,4,1290,252.0
0,0,1291,109.0
0,1,1291,335.0
0,2,1291,85.0
0,3,1291,65.0
0,4,1291,123.0
0,0,1292,94.0
0,1,1292,376.0
0,2,1292,202.0
0,3,1292,96.0
0,4,1292,126.0
0,0,1293,79.0
0,1,1293,406.0
0,2,1293,103.0
0,3,1293,17.0
0,4,1293,69.0
0,0,1294,182.0
0,1,1294,279.0
0,2,1294,150.0
0,3,1294,127.0
0,4,1294,121.0
0,0,1295,221.0
0,1,1295,309.0
0,2,1295,207.0
0,3,1295,148.0
0,4,1295,372.0
0,0,1296,170.0
0,1,1296,270.0
0,2,1296,137.0
0,3,1296,162.0
0,4,1296,156.0
0,0,1297,136.0
0,1,1297,385.0
0,2,1297,120.0
0,3,1297,103.0
0,4,1297,221.0
0,0,1298,226.0
0,1,1298,427.0
0,2,1298,185.0
0,3,1298,95.0
0,4,1298,112.0
0,0,1299,91.0
0,1,1299,401.0
0,2,1299,219.0
0,3,1299,42.0
0,4,1299,117.0
0,0,1300,179.0
0,1,1300,315.0
0,2,1300,174.0
0,3,1300,207.0
0,4,1300,127.0
0,0,1301,37.0
0,1,1301,479.0
0,2,1301,257.0
0,3,1301,224.0
0,4,1301,287.0
0,0,1302,169.0
0,1,1302,301.0
0,2,1302,155.0
0,3,1302,45.0
0,4,1302,133.0
0,0,1303,202.0
0,1,1303,251.0
0,2,1303,350.0
0,3,1303,237.0
0,4,1303,323.0
0,0,1304,217.0
0,1,1304,277.0
0,2,1304,71.0
0,3,1304,206.0
0,4,1304,52.0
0,0,1305,120.0
0,1,1305,233.0
0,2,1305,185.0
0,3,1305,54.0
0,4,1305,329.0
0,0,1306,204.0
0,1,1306,243.0
0,2,1306,356.0
0,3,1306,105.0
0,4,1306,418.0
0,0,1307,121.0
0,1,1307,247.0
0,2,1307,165.0
0,3,1307,98.0
0,4,1307,322.0
0,0,1308,28.0
0,1,1308,247.0
0,2,1308,115.0
0,3,1308,128.0
0,4,1308,153.0
0,0,1309,201.0
0,1,1309,228.0
0,2,1309,187.0
0,3,1309,49.0
0,4,1309,264.0
0,0,1310,211.0
0,1,1310,294.0
0,2,1310,161.0
0,3,1310,173.0
0,4,1310,500.0
0,0,1311,116.0
0,1,1311,227.0
0,2,1311,154.0
0,3,1311,143.0
0,4,1311,308.0
0,0,1312,235.0
0,1,1312,223.0
0,2,1312,246.0
0,3,1312,103.0
0,4,1312,250.0
0,0,1313,67.0
0,1,1313,171.0
0,2,1313,261.0
0,3,1313,108.0
0,4,1313,267.0
0,0,1314,201.0
0,1,1314,136.0
0,2,1314,175.0
0,3,1314,47.0
0,4,1314,324.0
0,0,1315,102.0
0,1,1315,174.0
0,2,1315,297.0
0,3,1315,178.0
0,4,1315,365.0
0,0,1316,111.0
0,1,1316,500.0
0,2,1316,435.0
0,3,1316,180.0
0,4,1316,228.0
0,0,1317,91.0
0,1,1317,409.0
0,2,1317,260.0
0,3,1317,31.0
0,4,1317,276.0
0,0,1318,160.0
0,1,1318,198.0
0,2,1318,431.0
0,3,1318,326.0
0,4,1318,453.0
0,0,1319,238.0
0,1,1319,303.0
0,2,1319,232.0
0,3,1319,34.0
0,4,1319,308.0
0,0,1320,262.0
0,1,1320,199.0
0,2,1320,124.0
0,3,1320,315.0
0,4,1320,197.0
0,0,1321,191.0
0,1,1321,47.0
0,2,1321,139.0
0,3,1321,218.0
0,4,1321,217.0
0,0,1322,269.0
0,1,1322,174.0
0,2,1322,428.0
0,3,1322,388.0
0,4,1322,204.0
0,0,1323,122.0
0,1,1323,112.0
0,2,1323,191.0
0,3,1323,221.0
0,4,1323,271.0
0,0,1324,44.0
0,1,1324,169.0
0,2,1324,155.0
0,3,1324,200.0
0,4,1324,276.0
0,0,1325,174.0
0,1,1325,374.0
0,2,1325,253.0
0,3,1325,86.0
0,4,1325,396.0
0,0,1326,75.0
0,1,1326,194.0
0,2,1326,249.0
0,3,1326,119.0
0,4,1326,206.0
0,0,1327,98.0
0,1,1327,279.0
0,2,1327,228.0
0,3,1327,165.0
0,4,1327,203.0
0,0,1328,209.0
0,1,1328,204.0
0,2,1328,500.0
0,3,1328,178.0
0,4,1328,285.0
0,0,1329,41.0
0,1,1329,165.0
0,2,1329,287.0
0,3,1329,257.0
0,4,1329,270.0
0,0,1330,248.0
0,1,1330,318.0
0,2,1330,258.0
0,3,1330,237.0
0,4,1330,241.0
0,0,1331,335.0
0,1,1331,311.0
0,2,1331,243.0
0,3,1331,219.0
0,4,1331,217.0
0,0,1332,246.0
0,1,1332,101.0
0,2,1332,222.0
0,3,1332,374.0
0,4,1332,270.0
0,0,1333,341.0
0,1,1333,191.0
0,2,1333,199.0
0,3,1333,500.0
0,4,1333,232.0
0,0,1334,110.0
0,1,1334,304.0
0,2,1334,200.0
0,3,1334,270.0
0,4,1334,218.0
0,0,1335,215.0
0,1,1335,320.0
0,2,1335,199.0
0,3,1335,285.0
0,4,1335,223.0
0,0,1336,230.0
0,1,1336,150.0
0,2,1336,484.0
0,3,1336,232.0
0,4,1336,273.0
0,0,1337,227.0
0,1,1337,406.0
0,2,1337,285.0
0,3,1337,207.0
0,4,1337,353.0
0,0,1338,220.0
0,1,1338,302.0
0,2,1338,339.0
0,3,1338,334.0
0,4,1338,302.0
0,0,1339,226.0
0,1,1339,70.0
0,2,1339,276.0
0,3,1339,169.0
0,4,1339,330.0
0,0,1340,94.0
0,1,1340,362.0
0,2,1340,262.0
0,3,1340,415.0
0,4,1340,377.0
0,0,1341,313.0
0,1,1341,232.0
0,2,1341,379.0
0,3,1341,340.0
0,4,1341,260.0
0,0,1342,125.0
0,1,1342,194.0
0,2,1342,163.0
0,3,1342,318.0
0,4,1342,361.0
0,0,1343,416.0
0,1,1343,348.0
0,2,1343,129.0
0,3,1343,500.0
0,4,1343,261.0
0,0,1344,255.0
0,1,1344,201.0
0,2,1344,157.0
0,3,1344,248.0
0,4,1344,451.0
0,0,1345,255.0
0,1,1345,229.0
0,2,1345,296.0
0,3,1345,325.0
0,4,1345,384.0
0,0,1346,251.0
0,1,1346,396.0
0,2,1346,421.0
0,3,1346,288.0
0,4,1346,306.0
0,0,1347,257.0
0,1,1347,339.0
0,2,1347,154.0
0,3,1347,286.0
0,4,1347,280.0
0,0,1348,190.0
0,1,1348,500.0
0,2,1348,197.0
0,3,1348,403.0
0,4,1348,251.0
0,0,1349,321.0
0,1,1349,500.0
0,2,1349,331.0
0,3,1349,453.0
0,4,1349,213.0
0,0,1350,271.0
0,1,1350,198.0
0,2,1350,312.0
0,3,1350,395.0
0,4,1350,347.0
0,0,1351,119.0
0,1,1351,485.0
0,2,1351,256.0
0,3,1351,330.0
0,4,1351,286.0
0,0,1352,218.0
0,1,1352,219.0
0,2,1352,330.0
0,3,1352,312.0
0,4,1352,272.0
0,0,1353,188.0
0,1,1353,224.0
0,2,1353,211.0
0,3,1353,312.0
0,4,1353,236.0
0,0,1354,248.0
0,1,1354,58.0
0,2,1354,76.0
0,3,1354,304.0
0,4,1354,349.0
0,0,1355,235.0
0,1,1355,220.0
0,2,1355,233.0
0,3,1355,325.0
0,4,1355,308.0
0,0,1356,280.0
0,1,1356,383.0
0,2,1356,332.0
0,3,1356,249.0
0,4,1356,475.0
0,0,1357,234.0
0,1,1357,437.0
0,2,1357,282.0
0,3,1357,321.0
0,4,1357,250.0
0,0,1358,271.0
0,1,1358,129.0
0,2,1358,204.0
0,3,1358,282.0
0,4,1358,480.0
0,0,1359,390.0
0,1,1359,500.0
0,2,1359,144.0
0,3,1359,253.0
0,4,1359,341.0
0,0,1360,239.0
0,1,1360,71.0
0,2,1360,273.0
0,3,1360,381.0
0,4,1360,265.0
0,0,1361,233.0
0,1,1361,222.0
0,2,1361,122.0
0,3,1361,368.0
0,4,1361,243.0
0,0,1362,239.0
0,1,1362,308.0
0,2,1362,217.0
0,3,1362,262.0
0,4,1362,280.0
0,0,1363,287.0
0,1,1363,271.0
0,2,1363,301.0
0,3,1363,295.0
0,4,1363,373.0
0,0,1364,232.0
0,1,1364,497.0
0,2,1364,356.0
0,3,1364,411.0
0,4,1364,208.0
0,0,1365,323.0
0,1,1365,500.0
0,2,1365,230.0
0,3,1365,274.0
0,4,1365,298.0
0,0,1366,127.0
0,1,1366,64.0
0,2,1366,352.0
0,3,1366,500.0
0,4,1366,220.0
0,0,1367,267.0
0,1,1367,500.0
0,2,1367,171.0
0,3,1367,451.0
0,4,1367,201.0
0,0,1368,277.0
0,1,1368,165.0
0,2,1368,492.0
0,3,1368,464.0
0,4,1368,265.0
0,0,1369,213.0
0,1,1369,166.0
0,2,1369,266.0
0,3,1369,312.0
0,4,1369,424.0
0,0,1370,281.0
0,1,1370,265.0
0,2,1370,398.0
0,3,1370,266.0
0,4,1370,201.0
0,0,1371,247.0
0,1,1371,298.0
0,2,1371,200.0
0,3,1371,436.0
0,4,1371,305.0
0,0,1372,243.0
0,1,1372,212.0
0,2,1372,321.0
0,3,1372,265.0
0,4,1372,231.0
0,0,1373,254.0
0,1,1373,252.0
0,2,1373,418.0
0,3,1373,500.0
0,4,1373,221.0
0,0,1374,360.0
0,1,1374,79.0
0,2,1374,201.0
0,3,1374,312.0
0,4,1374,116.0
0,0,1375,316.0
0,1,1375,204.0
0,2,1375,157.0
0,3,1375,279.0
0,4,1375,304.0
0,0,1376,216.0
0,1,1376,418.0
0,2,1376,157.0
0,3,1376,248.0
0,4,1376,57.0
0,0,1377,287.0
0,1,1377,298.0
0,2,1377,51.0
0,3,1377,305.0
0,4,1377,296.0
0,0,1378,326.0
0,1,1378,356.0
0,2,1378,138.0
0,3,1378,343.0
0,4,1378,185.0
0,0,1379,317.0
0,1,1379,56.0
0,2,1379,24.0
0,3,1379,275.0
0,4,1379,369.0
0,0,1380,278.0
0,1,1380,253.0
0,2,1380,500.0
0,3,1380,416.0
0,4,1380,174.0
0,0,1381,470.0
0,1,1381,337.0
0,2,1381,372.0
0,3,1381,415.0
0,4,1381,247.0
0,0,1382,220.0
0,1,1382,365.0
0,2,1382,275.0
0,3,1382,398.0
0,4,1382,209.0
0,0,1383,358.0
0,1,1383,113.0
0,2,1383,116.0
0,3,1383,271.0
0,4,1383,129.0
0,0,1384,311.0
0,1,1384,500.0
0,2,1384,197.0
0,3,1384,344.0
0,4,1384,194.0
0,0,1385,287.0
0,1,1385,321.0
0,2,1385,374.0
0,3,1385,258.0
0,4,1385,110.0
0,0,1386,266.0
0,1,1386,187.0
0,2,1386,244.0
0,3,1386,310.0
0,4,1386,307.0
0,0,1387,314.0
0,1,1387,500.0
0,2,1387,138.0
0,3,1387,295.0
0,4,1387,221.0
0,0,1388,419.0
0,1,1388,482.0
0,2,1388,500.0
0,3,1388,389.0
0,4,1388,84.0
0,0,1389,265.0
0,1,1389,431.0
0,2,1389,181.0
0,3,1389,334.0
0,4,1389,197.0
0,0,1390,418.0
0,1,1390,499.0
0,2,1390,411.0
0,3,1390,270.0
0,4,1390,204.0
0,0,1391,289.0
0,1,1391,463.0
0,2,1391,273.0
0,3,1391,500.0
0,4,1391,53.0
0,0,1392,99.0
0,1,1392,500.0
0,2,1392,379.0
0,3,1392,390.0
0,4,1392,161.0
0,0,1393,348.0
0,1,1393,362.0
0,2,1393,107.0
0,3,1393,279.0
0,4,1393,62.0
0,0,1394,290.0
0,1,1394,402.0
0,2,1394,122.0
0,3,1394,337.0
0,4,1394,205.0
0,0,1395,256.0
0,1,1395,441.0
0,2,1395,450.0
0,3,1395,260.0
0,4,1395,198.0
0,0,1396,289.0
0,1,1396,469.0
0,2,1396,112.0
0,3,1396,330.0
0,4,1396,236.0
0,0,1397,300.0
0,1,1397,297.0
0,2,1397,500.0
0,3,1397,385.0
0,4,1397,188.0
0,0,1398,311.0
0,1,1398,343.0
0,2,1398,342.0
0,3,1398,280.0
0,4,1398,164.0
0,0,1399,345.0
0,1,1399,437.0
0,2,1399,410.0
0,3,1399,432.0
0,4,1399,180.0
0,0,1400,313.0
0,1,1400,308.0
0,2,1400,301.0
0,3,1400,500.0
0,4,1400,242.0
0,0,1401,360.0
0,1,1401,377.0
0,2,1401,107.0
0,3,1401,352.0
0,4,1401,232.0
0,0,1402,139.0
0,1,1402,452.0
0,2,1402,390.0
0,3,1402,348.0
0,4,1402,189.0
0,0,1403,386.0
0,1,1403,316.0
0,2,1403,111.0
0,3,1403,352.0
0,4,1403,217.0
0,0,1404,285.0
0,1,1404,393.0
0,2,1404,162.0
0,3,1404,500.0
0,4,1404,242.0
0,0,1405,370.0
0,1,1405,379.0
0,2,1405,150.0
0,3,1405,297.0
0,4,1405,230.0
0,0,1406,372.0
0,1,1406,391.0
0,2,1406,196.0
0,3,1406,403.0
0,4,1406,224.0
0,0,1407,399.0
0,1,1407,303.0
0,2,1407,465.0
0,3,1407,281.0
0,4,1407,202.0
0,0,1408,391.0
0,1,1408,319.0
0,2,1408,451.0
0,3,1408,301.0
0,4,1408,365.0
0,0,1409,299.0
0,1,1409,439.0
0,2,1409,282.0
0,3,1409,398.0
0,4,1409,217.0
0,0,1410,500.0
0,1,1410,500.0
0,2,1410,233.0
0,3,1410,312.0
0,4,1410,215.0
0,0,1411,330.0
0,1,1411,289.0
0,2,1411,247.0
0,3,1411,69.0
0,4,1411,142.0
0,0,1412,120.0
0,1,1412,500.0
0,2,1412,328.0
0,3,1412,309.0
0,4,1412,236.0
0,0,1413,115.0
0,1,1413,260.0
0,2,1413,425.0
0,3,1413,253.0
0,4,1413,158.0
0,0,1414,275.0
0,1,1414,379.0
0,2,1414,351.0
0,3,1414,113.0
0,4,1414,131.0
0,0,1415,350.0
0,1,1415,500.0
0,2,1415,500.0
0,3,1415,210.0
0,4,1415,118.0
0,0,1416,459.0
0,1,1416,500.0
0,2,1416,382.0
0,3,1416,317.0
0,4,1416,195.0
0,0,1417,500.0
0,1,1417,331.0
0,2,1417,500.0
0,3,1417,210.0
0,4,1417,108.0
0,0,1418,386.0
0,1,1418,500.0
0,2,1418,127.0
0,3,1418,183.0
0,4,1418,189.0
0,0,1419,317.0
0,1,1419,308.0
0,2,1419,462.0
0,3,1419,160.0
0,4,1419,199.0
0,0,1420,257.0
0,1,1420,420.0
0,2,1420,391.0
0,3,1420,241.0
0,4,1420,259.0
0,0,1421,356.0
0,1,1421,500.0
0,2,1421,325.0
0,3,1421,166.0
0,4,1421,105.0
0,0,1422,191.0
0,1,1422,500.0
0,2,1422,344.0
0,3,1422,249.0
0,4,1422,196.0
0,0,1423,269.0
0,1,1423,500.0
0,2,1423,420.0
0,3,1423,208.0
0,4,1423,156.0
0,0,1424,315.0
0,1,1424,457.0
0,2,1424,358.0
0,3,1424,211.0
0,4,1424,275.0
0,0,1425,329.0
0,1,1425,276.0
0,2,1425,451.0
0,3,1425,237.0
0,4,1425,221.0
0,0,1426,310.0
0,1,1426,142.0
0,2,1426,394.0
0,3,1426,238.0
0,4,1426,272.0
0,0,1427,425.0
0,1,1427,490.0
0,2,1427,500.0
0,3,1427,159.0
0,4,1427,209.0
0,0,1428,318.0
0,1,1428,482.0
0,2,1428,425.0
0,3,1428,170.0
0,4,1428,155.0
0,0,1429,323.0
0,1,1429,387.0
0,2,1429,500.0
0,3,1429,283.0
0,4,1429,114.0
0,0,1430,217.0
0,1,1430,404.0
0,2,1430,500.0
0,3,1430,200.0
0,4,1430,55.0
0,0,1431,121.0
0,1,1431,500.0
0,2,1431,500.0
0,3,1431,331.0
0,4,1431,230.0
0,0,1432,263.0
0,1,1432,500.0
0,2,1432,416.0
0,3,1432,267.0
0,4,1432,255.0
0,0,1433,344.0
0,1,1433,249.0
0,2,1433,323.0
0,3,1433,224.0
0,4,1433,314.0
0,0,1434,459.0
0,1,1434,251.0
0,2,1434,417.0
0,3,1434,269.0
0,4,1434,183.0
0,0,1435,164.0
0,1,1435,500.0
0,2,1435,350.0
0,3,1435,243.0
0,4,1435,226.0
0,0,1436,299.0
0,1,1436,500.0
0,2,1436,257.0
0,3,1436,206.0
0,4,1436,228.0
0,0,1437,300.0
0,1,1437,417.0
0,2,1437,500.0
0,3,1437,179.0
0,4,1437,223.0
0,0,1438,69.0
0,1,1438,500.0
0,2,1438,209.0
0,3,1438,265.0
0,4,1438,321.0
0,0,1439,265.0
0,1,1439,500.0
0,2,1439,328.0
0,3,1439,272.0
0,4,1439,363.0
0,0,1440,488.0
0,1,1440,500.0
0,2,1440,365.0
0,3,1440,229.0
0,4,1440,249.0
0,0,1441,335.0
0,1,1441,352.0
0,2,1441,320.0
0,3,1441,277.0
0,4,1441,91.0
0,0,1442,347.0
0,1,1442,187.0
0,2,1442,265.0
0,3,1442,247.0
0,4,1442,206.0
0,0,1443,261.0
0,1,1443,359.0
0,2,1443,351.0
0,3,1443,232.0
0,4,1443,282.0
0,0,1444,313.0
0,1,1444,238.0
0,2,1444,500.0
0,3,1444,219.0
0,4,1444,220.0
0,0,1445,319.0
0,1,1445,500.0
0,2,1445,327.0
0,3,1445,205.0
0,4,1445,285.0
0,0,1446,256.0
0,1,1446,292.0
0,2,1446,382.0
0,3,1446,212.0
0,4,1446,411.0
0,0,1447,327.0
0,1,1447,383.0
0,2,1447,500.0
0,3,1447,192.0
0,4,1447,372.0
0,0,1448,381.0
0,1,1448,500.0
0,2,1448,254.0
0,3,1448,208.0
0,4,1448,203.0
0,0,1449,476.0
0,1,1449,500.0
0,2,1449,289.0
0,3,1449,194.0
0,4,1449,244.0
0,0,1450,338.0
0,1,1450,176.0
0,2,1450,500.0
0,3,1450,209.0
0,4,1450,238.0
0,0,1451,255.0
0,1,1451,500.0
0,2,1451,283.0
0,3,1451,254.0
0,4,1451,313.0
0,0,1452,326.0
0,1,1452,403.0
0,2,1452,196.0
0,3,1452,209.0
0,4,1452,92.0
0,0,1453,344.0
0,1,1453,380.0
0,2,1453,392.0
0,3,1453,208.0
0,4,1453,192.0
0,0,1454,275.0
0,1,1454,500.0
0,2,1454,346.0
0,3,1454,178.0
0,4,1454,303.0
0,0,1455,334.0
0,1,1455,500.0
0,2,1455,364.0
0,3,1455,183.0
0,4,1455,244.0
0,0,1456,266.0
0,1,1456,219.0
0,2,1456,246.0
0,3,1456,193.0
0,4,1456,170.0
0,0,1457,197.0
0,1,1457,317.0
0,2,1457,179.0
0,3,1457,209.0
0,4,1457,300.0
0,0,1458,263.0
0,1,1458,274.0
0,2,1458,345.0
0,3,1458,285.0
0,4,1458,431.0
0,0,1459,249.0
0,1,1459,437.0
0,2,1459,500.0
0,3,1459,207.0
0,4,1459,178.0
0,0,1460,231.0
0,1,1460,399.0
0,2,1460,464.0
0,3,1460,206.0
0,4,1460,288.0
0,0,1461,414.0
0,1,1461,182.0
0,2,1461,342.0
0,3,1461,174.0
0,4,1461,500.0
0,0,1462,182.0
0,1,1462,226.0
0,2,1462,385.0
0,3,1462,184.0
0,4,1462,303.0
0,0,1463,328.0
0,1,1463,500.0
0,2,1463,209.0
0,3,1463,258.0
0,4,1463,257.0
0,0,1464,205.0
0,1,1464,327.0
0,2,1464,391.0
0,3,1464,297.0
0,4,1464,344.0
0,0,1465,279.0
0,1,1465,436.0
0,2,1465,475.0
0,3,1465,248.0
0,4,1465,234.0
0,0,1466,278.0
0,1,1466,191.0
0,2,1466,378.0
0,3,1466,199.0
0,4,1466,333.0
0,0,1467,287.0
0,1,1467,371.0
0,2,1467,500.0
0,3,1467,242.0
0,4,1467,338.0
0,0,1468,257.0
0,1,1468,393.0
0,2,1468,313.0
0,3,1468,469.0
0,4,1468,239.0
0,0,1469,270.0
0,1,1469,404.0
0,2,1469,76.0
0,3,1469,222.0
0,4,1469,271.0
0,0,1470,256.0
0,1,1470,210.0
0,2,1470,442.0
0,3,1470,377.0
0,4,1470,311.0
0,0,1471,246.0
0,1,1471,263.0
0,2,1471,331.0
0,3,1471,447.0
0,4,1471,320.0
0,0,1472,238.0
0,1,1472,262.0
0,2,1472,330.0
0,3,1472,248.0
0,4,1472,291.0
0,0,1473,69.0
0,1,1473,276.0
0,2,1473,415.0
0,3,1473,229.0
0,4,1473,408.0
0,0,1474,220.0
0,1,1474,304.0
0,2,1474,383.0
0,3,1474,180.0
0,4,1474,232.0
0,0,1475,230.0
0,1,1475,403.0
0,2,1475,348.0
0,3,1475,280.0
0,4,1475,244.0
0,0,1476,280.0
0,1,1476,500.0
0,2,1476,373.0
0,3,1476,232.0
0,4,1476,262.0
0,0,1477,334.0
0,1,1477,299.0
0,2,1477,495.0
0,3,1477,250.0
0,4,1477,232.0
0,0,1478,234.0
0,1,1478,490.0
0,2,1478,464.0
0,3,1478,256.0
0,4,1478,259.0
0,0,1479,296.0
0,1,1479,347.0
0,2,1479,237.0
0,3,1479,328.0
0,4,1479,251.0
0,0,1480,253.0
0,1,1480,345.0
0,2,1480,496.0
0,3,1480,250.0
0,4,1480,334.0
0,0,1481,284.0
0,1,1481,241.0
0,2,1481,500.0
0,3,1481,237.0
0,4,1481,242.0
0,0,1482,251.0
0,1,1482,371.0
0,2,1482,500.0
0,3,1482,252.0
0,4,1482,292.0
0,0,1483,248.0
0,1,1483,500.0
0,2,1483,500.0
0,3,1483,329.0
0,4,1483,300.0
0,0,1484,200.0
0,1,1484,335.0
0,2,1484,427.0
0,3,1484,331.0
0,4,1484,241.0
0,0,1485,224.0
0,1,1485,498.0
0,2,1485,500.0
0,3,1485,374.0
0,4,1485,310.0
0,0,1486,290.0
0,1,1486,500.0
0,2,1486,316.0
0,3,1486,349.0
0,4,1486,291.0
0,0,1487,265.0
0,1,1487,279.0
0,2,1487,358.0
0,3,1487,291.0
0,4,1487,398.0
0,0,1488,221.0
0,1,1488,335.0
0,2,1488,378.0
0,3,1488,205.0
0,4,1488,261.0
0,0,1489,272.0
0,1,1489,222.0
0,2,1489,482.0
0,3,1489,304.0
0,4,1489,297.0
0,0,1490,257.0
0,1,1490,495.0
0,2,1490,321.0
0,3,1490,301.0
0,4,1490,361.0
0,0,1491,284.0
0,1,1491,492.0
0,2,1491,500.0
0,3,1491,289.0
0,4,1491,371.0
0,0,1492,293.0
0,1,1492,411.0
0,2,1492,409.0
0,3,1492,272.0
0,4,1492,392.0
0,0,1493,253.0
0,1,1493,500.0
0,2,1493,500.0
0,3,1493,500.0
0,4,1493,319.0
0,0,1494,270.0
0,1,1494,218.0
0,2,1494,462.0
0,3,1494,394.0
0,4,1494,393.0
0,0,1495,255.0
0,1,1495,500.0
0,2,1495,445.0
0,3,1495,474.0
0,4,1495,242.0
0,0,1496,295.0
0,1,1496,474.0
0,2,1496,500.0
0,3,1496,74.0
0,4,1496,395.0
0,0,1497,261.0
0,1,1497,387.0
0,2,1497,500.0
0,3,1497,248.0
0,4,1497,257.0
0,0,1498,311.0
0,1,1498,500.0
0,2,1498,500.0
0,3,1498,374.0
0,4,1498,466.0
0,0,1499,291.0
0,1,1499,358.0
0,2,1499,500.0
0,3,1499,290.0
0,4,1499,324.0
0,0,1500,249.0
0,1,1500,500.0
0,2,1500,500.0
0,3,1500,500.0
0,4,1500,199.0
0,0,1501,294.0
0,1,1501,322.0
0,2,1501,500.0
0,3,1501,460.0
0,4,1501,276.0
0,0,1502,214.0
0,1,1502,352.0
0,2,1502,500.0
0,3,1502,463.0
0,4,1502,232.0
0,0,1503,335.0
0,1,1503,500.0
0,2,1503,500.0
0,3,1503,341.0
0,4,1503,291.0
0,0,1504,228.0
0,1,1504,500.0
0,2,1504,500.0
0,3,1504,381.0
0,4,1504,297.0
0,0,1505,216.0
0,1,1505,500.0
0,2,1505,500.0
0,3,1505,500.0
0,4,1505,254.0
0,0,1506,293.0
0,1,1506,500.0
0,2,1506,500.0
0,3,1506,500.0
0,4,1506,306.0
0,0,1507,278.0
0,1,1507,500.0
0,2,1507,500.0
0,3,1507,500.0
0,4,1507,375.0
0,0,1508,342.0
0,1,1508,500.0
0,2,1508,289.0
0,3,1508,500.0
0,4,1508,386.0
0,0,1509,253.0
0,1,1509,114.0
0,2,1509,500.0
0,3,1509,500.0
0,4,1509,232.0
0,0,1510,218.0
0,1,1510,316.0
0,2,1510,500.0
0,3,1510,500.0
0,4,1510,194.0
0,0,1511,390.0
0,1,1511,191.0
0,2,1511,500.0
0,3,1511,500.0
0,4,1511,446.0
0,0,1512,278.0
0,1,1512,500.0
0,2,1512,500.0
0,3,1512,500.0
0,4,1512,337.0
0,0,1513,299.0
0,1,1513,500.0
0,2,1513,500.0
0,3,1513,500.0
0,4,1513,359.0
0,0,1514,363.0
0,1,1514,44.0
0,2,1514,47.0
0,3,1514,500.0
0,4,1514,241.0
0,0,1515,254.0
0,1,1515,500.0
0,2,1515,500.0
0,3,1515,500.0
0,4,1515,220.0
0,0,1516,464.0
0,1,1516,500.0
0,2,1516,500.0
0,3,1516,500.0
0,4,1516,211.0
0,0,1517,242.0
0,1,1517,447.0
0,2,1517,500.0
0,3,1517,500.0
0,4,1517,215.0
0,0,1518,239.0
0,1,1518,86.0
0,2,1518,500.0
0,3,1518,500.0
0,4,1518,166.0
0,0,1519,372.0
0,1,1519,500.0
0,2,1519,338.0
0,3,1519,500.0
0,4,1519,294.0
0,0,1520,311.0
0,1,1520,500.0
0,2,1520,500.0
0,3,1520,500.0
0,4,1520,196.0
0,0,1521,292.0
0,1,1521,500.0
0,2,1521,500.0
0,3,1521,500.0
0,4,1521,331.0
0,0,1522,443.0
0,1,1522,193.0
0,2,1522,500.0
0,3,1522,500.0
0,4,1522,335.0
0,0,1523,282.0
0,1,1523,500.0
0,2,1523,500.0
0,3,1523,500.0
0,4,1523,229.0
0,0,1524,296.0
0,1,1524,500.0
0,2,1524,500.0
0,3,1524,500.0
0,4,1524,254.0
0,0,1525,312.0
0,1,1525,500.0
0,2,1525,500.0
0,3,1525,500.0
0,4,1525,96.0
0,0,1526,267.0
0,1,1526,500.0
0,2,1526,500.0
0,3,1526,500.0
0,4,1526,242.0
0,0,1527,349.0
0,1,1527,500.0
0,2,1527,500.0
0,3,1527,500.0
0,4,1527,297.0
0,0,1528,343.0
0,1,1528,500.0
0,2,1528,431.0
0,3,1528,500.0
0,4,1528,321.0
0,0,1529,275.0
0,1,1529,500.0
0,2,1529,500.0
0,3,1529,500.0
0,4,1529,237.0
0,0,1530,351.0
0,1,1530,500.0
0,2,1530,418.0
0,3,1530,500.0
0,4,1530,232.0
0,0,1531,171.0
0,1,1531,500.0
0,2,1531,261.0
0,3,1531,500.0
0,4,1531,253.0
0,0,1532,346.0
0,1,1532,500.0
0,2,1532,500.0
0,3,1532,500.0
0,4,1532,247.0
0,0,1533,309.0
0,1,1533,500.0
0,2,1533,500.0
0,3,1533,500.0
0,4,1533,357.0
0,0,1534,309.0
0,1,1534,500.0
0,2,1534,500.0
0,3,1534,500.0
0,4,1534,212.0
0,0,1535,295.0
0,1,1535,500.0
0,2,1535,500.0
0,3,1535,500.0
0,4,1535,178.0
0,0,1536,308.0
0,1,1536,150.0
0,2,1536,500.0
0,3,1536,500.0
0,4,1536,233.0
0,0,1537,335.0
0,1,1537,500.0
0,2,1537,197.0
0,3,1537,500.0
0,4,1537,203.0
0,0,1538,342.0
0,1,1538,500.0
0,2,1538,500.0
0,3,1538,500.0
0,4,1538,266.0
0,0,1539,360.0
0,1,1539,500.0
0,2,1539,500.0
0,3,1539,500.0
0,4,1539,272.0
0,0,1540,358.0
0,1,1540,500.0
0,2,1540,446.0
0,3,1540,500.0
0,4,1540,235.0
0,0,1541,348.0
0,1,1541,500.0
0,2,1541,418.0
0,3,1541,500.0
0,4,1541,367.0
0,0,1542,356.0
0,1,1542,397.0
0,2,1542,488.0
0,3,1542,495.0
0,4,1542,172.0
0,0,1543,420.0
0,1,1543,500.0
0,2,1543,500.0
0,3,1543,500.0
0,4,1543,337.0
0,0,1544,123.0
0,1,1544,273.0
0,2,1544,500.0
0,3,1544,500.0
0,4,1544,209.0
0,0,1545,287.0
0,1,1545,274.0
0,2,1545,86.0
0,3,1545,500.0
0,4,1545,276.0
0,0,1546,346.0
0,1,1546,330.0
0,2,1546,146.0
0,3,1546,500.0
0,4,1546,162.0
0,0,1547,370.0
0,1,1547,500.0
0,2,1547,500.0
0,3,1547,500.0
0,4,1547,133.0
0,0,1548,391.0
0,1,1548,211.0
0,2,1548,494.0
0,3,1548,500.0
0,4,1548,218.0
0,0,1549,283.0
0,1,1549,249.0
0,2,1549,500.0
0,3,1549,500.0
0,4,1549,218.0
0,0,1550,402.0
0,1,1550,416.0
0,2,1550,500.0
0,3,1550,500.0
0,4,1550,251.0
0,0,1551,136.0
0,1,1551,293.0
0,2,1551,500.0
0,3,1551,500.0
0,4,1551,145.0
0,0,1552,372.0
0,1,1552,246.0
0,2,1552,448.0
0,3,1552,500.0
0,4,1552,101.0
0,0,1553,437.0
0,1,1553,80.0
0,2,1553,500.0
0,3,1553,455.0
0,4,1553,221.0
0,0,1554,425.0
0,1,1554,278.0
0,2,1554,500.0
0,3,1554,500.0
0,4,1554,295.0
0,0,1555,408.0
0,1,1555,219.0
0,2,1555,500.0
0,3,1555,500.0
0,4,1555,278.0
0,0,1556,411.0
0,1,1556,481.0
0,2,1556,500.0
0,3,1556,500.0
0,4,1556,500.0
0,0,1557,435.0
0,1,1557,444.0
0,2,1557,500.0
0,3,1557,500.0
0,4,1557,67.0
0,0,1558,426.0
0,1,1558,500.0
0,2,1558,500.0
0,3,1558,500.0
0,4,1558,164.0
0,0,1559,500.0
0,1,1559,500.0
0,2,1559,500.0
0,3,1559,47.0
0,4,1559,300.0
0,0,1560,423.0
0,1,1560,495.0
0,2,1560,500.0
0,3,1560,500.0
0,4,1560,234.0
0,0,1561,426.0
0,1,1561,500.0
0,2,1561,500.0
0,3,1561,500.0
0,4,1561,188.0
0,0,1562,343.0
0,1,1562,500.0
0,2,1562,500.0
0,3,1562,500.0
0,4,1562,118.0
0,0,1563,474.0
0,1,1563,478.0
0,2,1563,500.0
0,3,1563,500.0
0,4,1563,270.0
0,0,1564,500.0
0,1,1564,434.0
0,2,1564,500.0
0,3,1564,445.0
0,4,1564,208.0
0,0,1565,483.0
0,1,1565,183.0
0,2,1565,499.0
0,3,1565,392.0
0,4,1565,317.0
0,0,1566,500.0
0,1,1566,500.0
0,2,1566,500.0
0,3,1566,500.0
0,4,1566,289.0
0,0,1567,500.0
0,1,1567,500.0
0,2,1567,500.0
0,3,1567,500.0
0,4,1567,138.0
0,0,1568,500.0
0,1,1568,500.0
0,2,1568,500.0
0,3,1568,500.0
0,4,1568,500.0
0,0,1569,179.0
0,1,1569,495.0
0,2,1569,477.0
0,3,1569,500.0
0,4,1569,471.0
0,0,1570,486.0
0,1,1570,500.0
0,2,1570,500.0
0,3,1570,500.0
0,4,1570,232.0
0,0,1571,500.0
0,1,1571,416.0
0,2,1571,240.0
0,3,1571,500.0
0,4,1571,456.0
0,0,1572,500.0
0,1,1572,500.0
0,2,1572,489.0
0,3,1572,500.0
0,4,1572,386.0
0,0,1573,500.0
0,1,1573,500.0
0,2,1573,334.0
0,3,1573,500.0
0,4,1573,223.0
0,0,1574,420.0
0,1,1574,500.0
0,2,1574,462.0
0,3,1574,500.0
0,4,1574,272.0
0,0,1575,500.0
0,1,1575,380.0
0,2,1575,392.0
0,3,1575,500.0
0,4,1575,500.0
0,0,1576,500.0
0,1,1576,500.0
0,2,1576,424.0
0,3,1576,500.0
0,4,1576,322.0
0,0,1577,500.0
0,1,1577,500.0
0,2,1577,500.0
0,3,1577,500.0
0,4,1577,208.0
0,0,1578,500.0
0,1,1578,500.0
0,2,1578,500.0
0,3,1578,500.0
0,4,1578,378.0
0,0,1579,500.0
0,1,1579,500.0
0,2,1579,500.0
0,3,1579,500.0
0,4,1579,178.0
0,0,1580,500.0
0,1,1580,500.0
0,2,1580,500.0
0,3,1580,500.0
0,4,1580,497.0
0,0,1581,500.0
0,1,1581,500.0
0,2,1581,500.0
0,3,1581,500.0
0,4,1581,500.0
0,0,1582,500.0
0,1,1582,249.0
0,2,1582,500.0
0,3,1582,500.0
0,4,1582,500.0
0,0,1583,500.0
0,1,1583,445.0
0,2,1583,491.0
0,3,1583,500.0
0,4,1583,476.0
0,0,1584,500.0
0,1,1584,465.0
0,2,1584,500.0
0,3,1584,500.0
0,4,1584,500.0
0,0,1585,500.0
0,1,1585,438.0
0,2,1585,500.0
0,3,1585,500.0
0,4,1585,500.0
0,0,1586,500.0
0,1,1586,500.0
0,2,1586,500.0
0,3,1586,500.0
0,4,1586,156.0
0,0,1587,500.0
0,1,1587,406.0
0,2,1587,500.0
0,3,1587,500.0
0,4,1587,500.0
0,0,1588,500.0
0,1,1588,500.0
0,2,1588,415.0
0,3,1588,500.0
0,4,1588,398.0
0,0,1589,500.0
0,1,1589,500.0
0,2,1589,500.0
0,3,1589,500.0
0,4,1589,384.0
0,0,1590,500.0
0,1,1590,500.0
0,2,1590,500.0
0,3,1590,500.0
0,4,1590,446.0
0,0,1591,500.0
0,1,1591,500.0
0,2,1591,500.0
0,3,1591,500.0
0,4,1591,495.0
0,0,1592,500.0
0,1,1592,500.0
0,2,1592,500.0
0,3,1592,500.0
0,4,1592,467.0
0,0,1593,500.0
0,1,1593,500.0
0,2,1593,500.0
0,3,1593,500.0
0,4,1593,500.0
0,0,1594,500.0
0,1,1594,500.0
0,2,1594,500.0
0,3,1594,500.0
0,4,1594,467.0
0,0,1595,500.0
0,1,1595,500.0
0,2,1595,500.0
0,3,1595,500.0
0,4,1595,431.0
0,0,1596,500.0
0,1,1596,500.0
0,2,1596,247.0
0,3,1596,500.0
0,4,1596,389.0
0,0,1597,500.0
0,1,1597,500.0
0,2,1597,500.0
0,3,1597,500.0
0,4,1597,455.0
0,0,1598,500.0
0,1,1598,500.0
0,2,1598,500.0
0,3,1598,500.0
0,4,1598,500.0
0,0,1599,500.0
0,1,1599,500.0
0,2,1599,500.0
0,3,1599,500.0
0,4,1599,428.0
0,0,1600,500.0
0,1,1600,205.0
0,2,1600,500.0
0,3,1600,500.0
0,4,1600,176.0
0,0,1601,500.0
0,1,1601,500.0
0,2,1601,500.0
0,3,1601,500.0
0,4,1601,356.0
0,0,1602,500.0
0,1,1602,500.0
0,2,1602,500.0
0,3,1602,377.0
0,4,1602,500.0
0,0,1603,500.0
0,1,1603,500.0
0,2,1603,30.0
0,3,1603,500.0
0,4,1603,500.0
0,0,1604,500.0
0,1,1604,500.0
0,2,1604,318.0
0,3,1604,464.0
0,4,1604,500.0
0,0,1605,500.0
0,1,1605,500.0
0,2,1605,500.0
0,3,1605,500.0
0,4,1605,500.0
0,0,1606,500.0
0,1,1606,52.0
0,2,1606,500.0
0,3,1606,500.0
0,4,1606,416.0
0,0,1607,500.0
0,1,1607,75.0
0,2,1607,500.0
0,3,1607,500.0
0,4,1607,500.0
0,0,1608,500.0
0,1,1608,500.0
0,2,1608,406.0
0,3,1608,198.0
0,4,1608,500.0
0,0,1609,455.0
0,1,1609,376.0
0,2,1609,250.0
0,3,1609,500.0
0,4,1609,486.0
0,0,1610,500.0
0,1,1610,500.0
0,2,1610,464.0
0,3,1610,500.0
0,4,1610,500.0
0,0,1611,446.0
0,1,1611,500.0
0,2,1611,247.0
0,3,1611,101.0
0,4,1611,500.0
0,0,1612,500.0
0,1,1612,500.0
0,2,1612,483.0
0,3,1612,500.0
0,4,1612,500.0
0,0,1613,500.0
0,1,1613,500.0
0,2,1613,398.0
0,3,1613,500.0
0,4,1613,500.0
0,0,1614,500.0
0,1,1614,500.0
0,2,1614,338.0
0,3,1614,432.0
0,4,1614,500.0
0,0,1615,500.0
0,1,1615,500.0
0,2,1615,308.0
0,3,1615,500.0
0,4,1615,471.0
0,0,1616,500.0
0,1,1616,500.0
0,2,1616,71.0
0,3,1616,500.0
0,4,1616,189.0
0,0,1617,500.0
0,1,1617,500.0
0,2,1617,217.0
0,3,1617,500.0
0,4,1617,500.0
0,0,1618,231.0
0,1,1618,500.0
0,2,1618,253.0
0,3,1618,176.0
0,4,1618,500.0
0,0,1619,486.0
0,1,1619,500.0
0,2,1619,202.0
0,3,1619,380.0
0,4,1619,500.0
0,0,1620,365.0
0,1,1620,500.0
0,2,1620,73.0
0,3,1620,500.0
0,4,1620,500.0
0,0,1621,500.0
0,1,1621,500.0
0,2,1621,249.0
0,3,1621,500.0
0,4,1621,500.0
0,0,1622,341.0
0,1,1622,500.0
0,2,1622,54.0
0,3,1622,262.0
0,4,1622,500.0
0,0,1623,23.0
0,1,1623,500.0
0,2,1623,50.0
0,3,1623,500.0
0,4,1623,500.0
0,0,1624,390.0
0,1,1624,91.0
0,2,1624,276.0
0,3,1624,119.0
0,4,1624,500.0
0,0,1625,43.0
0,1,1625,98.0
0,2,1625,205.0
0,3,1625,500.0
0,4,1625,500.0
0,0,1626,290.0
0,1,1626,500.0
0,2,1626,294.0
0,3,1626,500.0
0,4,1626,500.0
0,0,1627,52.0
0,1,1627,500.0
0,2,1627,242.0
0,3,1627,55.0
0,4,1627,399.0
0,0,1628,500.0
0,1,1628,500.0
0,2,1628,65.0
0,3,1628,130.0
0,4,1628,500.0
0,0,1629,500.0
0,1,1629,500.0
0,2,1629,258.0
0,3,1629,41.0
0,4,1629,500.0
0,0,1630,89.0
0,1,1630,500.0
0,2,1630,207.0
0,3,1630,500.0
0,4,1630,500.0
0,0,1631,500.0
0,1,1631,500.0
0,2,1631,361.0
0,3,1631,500.0
0,4,1631,281.0
0,0,1632,500.0
0,1,1632,500.0
0,2,1632,372.0
0,3,1632,500.0
0,4,1632,500.0
0,0,1633,500.0
0,1,1633,500.0
0,2,1633,403.0
0,3,1633,500.0
0,4,1633,141.0
0,0,1634,500.0
0,1,1634,500.0
0,2,1634,411.0
0,3,1634,500.0
0,4,1634,429.0
0,0,1635,469.0
0,1,1635,500.0
0,2,1635,500.0
0,3,1635,500.0
0,4,1635,108.0
0,0,1636,500.0
0,1,1636,500.0
0,2,1636,500.0
0,3,1636,500.0
0,4,1636,500.0
0,0,1637,500.0
0,1,1637,500.0
0,2,1637,500.0
0,3,1637,500.0
0,4,1637,500.0
0,0,1638,115.0
0,1,1638,500.0
0,2,1638,500.0
0,3,1638,35.0
0,4,1638,500.0
0,0,1639,500.0
0,1,1639,500.0
0,2,1639,471.0
0,3,1639,500.0
0,4,1639,131.0
0,0,1640,500.0
0,1,1640,500.0
0,2,1640,500.0
0,3,1640,500.0
0,4,1640,382.0
0,0,1641,157.0
0,1,1641,500.0
0,2,1641,500.0
0,3,1641,500.0
0,4,1641,500.0
0,0,1642,431.0
0,1,1642,500.0
0,2,1642,500.0
0,3,1642,500.0
0,4,1642,500.0
0,0,1643,500.0
0,1,1643,500.0
0,2,1643,500.0
0,3,1643,500.0
0,4,1643,500.0
0,0,1644,35.0
0,1,1644,500.0
0,2,1644,500.0
0,3,1644,500.0
0,4,1644,283.0
0,0,1645,500.0
0,1,1645,500.0
0,2,1645,500.0
0,3,1645,500.0
0,4,1645,381.0
0,0,1646,431.0
0,1,1646,500.0
0,2,1646,500.0
0,3,1646,500.0
0,4,1646,242.0
0,0,1647,478.0
0,1,1647,500.0
0,2,1647,500.0
0,3,1647,500.0
0,4,1647,237.0
0,0,1648,486.0
0,1,1648,144.0
0,2,1648,500.0
0,3,1648,500.0
0,4,1648,500.0
0,0,1649,385.0
0,1,1649,500.0
0,2,1649,500.0
0,3,1649,500.0
0,4,1649,216.0
0,0,1650,470.0
0,1,1650,500.0
0,2,1650,500.0
0,3,1650,500.0
0,4,1650,152.0
0,0,1651,435.0
0,1,1651,500.0
0,2,1651,500.0
0,3,1651,500.0
0,4,1651,255.0
0,0,1652,453.0
0,1,1652,500.0
0,2,1652,500.0
0,3,1652,500.0
0,4,1652,260.0
0,0,1653,96.0
0,1,1653,500.0
0,2,1653,500.0
0,3,1653,500.0
0,4,1653,166.0
0,0,1654,500.0
0,1,1654,500.0
0,2,1654,500.0
0,3,1654,500.0
0,4,1654,197.0
0,0,1655,483.0
0,1,1655,500.0
0,2,1655,500.0
0,3,1655,500.0
0,4,1655,172.0
0,0,1656,468.0
0,1,1656,500.0
0,2,1656,500.0
0,3,1656,500.0
0,4,1656,248.0
0,0,1657,500.0
0,1,1657,500.0
0,2,1657,500.0
0,3,1657,500.0
0,4,1657,30.0
0,0,1658,500.0
0,1,1658,500.0
0,2,1658,500.0
0,3,1658,500.0
0,4,1658,183.0
0,0,1659,500.0
0,1,1659,500.0
0,2,1659,500.0
0,3,1659,500.0
0,4,1659,136.0
0,0,1660,500.0
0,1,1660,500.0
0,2,1660,500.0
0,3,1660,500.0
0,4,1660,46.0
0,0,1661,493.0
0,1,1661,500.0
0,2,1661,500.0
0,3,1661,500.0
0,4,1661,212.0
0,0,1662,500.0
0,1,1662,500.0
0,2,1662,500.0
0,3,1662,500.0
0,4,1662,146.0
0,0,1663,500.0
0,1,1663,500.0
0,2,1663,500.0
0,3,1663,500.0
0,4,1663,193.0
0,0,1664,500.0
0,1,1664,500.0
0,2,1664,500.0
0,3,1664,500.0
0,4,1664,119.0
0,0,1665,500.0
0,1,1665,241.0
0,2,1665,500.0
0,3,1665,500.0
0,4,1665,265.0
0,0,1666,500.0
0,1,1666,500.0
0,2,1666,500.0
0,3,1666,500.0
0,4,1666,280.0
0,0,1667,500.0
0,1,1667,500.0
0,2,1667,500.0
0,3,1667,500.0
0,4,1667,84.0
0,0,1668,500.0
0,1,1668,500.0
0,2,1668,500.0
0,3,1668,116.0
0,4,1668,278.0
0,0,1669,500.0
0,1,1669,500.0
0,2,1669,500.0
0,3,1669,500.0
0,4,1669,162.0
0,0,1670,500.0
0,1,1670,500.0
0,2,1670,500.0
0,3,1670,55.0
0,4,1670,205.0
0,0,1671,500.0
0,1,1671,500.0
0,2,1671,500.0
0,3,1671,500.0
0,4,1671,175.0
0,0,1672,500.0
0,1,1672,500.0
0,2,1672,500.0
0,3,1672,500.0
0,4,1672,187.0
0,0,1673,500.0
0,1,1673,500.0
0,2,1673,500.0
0,3,1673,500.0
0,4,1673,262.0
0,0,1674,500.0
0,1,1674,500.0
0,2,1674,500.0
0,3,1674,500.0
0,4,1674,206.0
0,0,1675,500.0
0,1,1675,500.0
0,2,1675,500.0
0,3,1675,500.0
0,4,1675,175.0
0,0,1676,500.0
0,1,1676,500.0
0,2,1676,500.0
0,3,1676,500.0
0,4,1676,202.0
0,0,1677,500.0
0,1,1677,500.0
0,2,1677,500.0
0,3,1677,500.0
0,4,1677,169.0
0,0,1678,500.0
0,1,1678,500.0
0,2,1678,500.0
0,3,1678,500.0
0,4,1678,260.0
0,0,1679,500.0
0,1,1679,500.0
0,2,1679,500.0
0,3,1679,500.0
0,4,1679,163.0
0,0,1680,500.0
0,1,1680,500.0
0,2,1680,500.0
0,3,1680,500.0
0,4,1680,166.0
0,0,1681,500.0
0,1,1681,500.0
0,2,1681,500.0
0,3,1681,500.0
0,4,1681,352.0
0,0,1682,500.0
0,1,1682,500.0
0,2,1682,500.0
0,3,1682,500.0
0,4,1682,143.0
0,0,1683,500.0
0,1,1683,500.0
0,2,1683,500.0
0,3,1683,500.0
0,4,1683,500.0
0,0,1684,500.0
0,1,1684,500.0
0,2,1684,500.0
0,3,1684,500.0
0,4,1684,500.0
0,0,1685,81.0
0,1,1685,500.0
0,2,1685,500.0
0,3,1685,500.0
0,4,1685,500.0
0,0,1686,500.0
0,1,1686,500.0
0,2,1686,500.0
0,3,1686,500.0
0,4,1686,217.0
0,0,1687,95.0
0,1,1687,500.0
0,2,1687,500.0
0,3,1687,500.0
0,4,1687,500.0
0,0,1688,500.0
0,1,1688,500.0
0,2,1688,500.0
0,3,1688,500.0
0,4,1688,500.0
0,0,1689,500.0
0,1,1689,500.0
0,2,1689,500.0
0,3,1689,500.0
0,4,1689,237.0
0,0,1690,500.0
0,1,1690,500.0
0,2,1690,94.0
0,3,1690,500.0
0,4,1690,500.0
0,0,1691,500.0
0,1,1691,500.0
0,2,1691,500.0
0,3,1691,500.0
0,4,1691,500.0
0,0,1692,500.0
0,1,1692,500.0
0,2,1692,500.0
0,3,1692,500.0
0,4,1692,500.0
0,0,1693,500.0
0,1,1693,500.0
0,2,1693,500.0
0,3,1693,500.0
0,4,1693,500.0
0,0,1694,500.0
0,1,1694,500.0
0,2,1694,272.0
0,3,1694,500.0
0,4,1694,500.0
0,0,1695,500.0
0,1,1695,500.0
0,2,1695,500.0
0,3,1695,500.0
0,4,1695,500.0
0,0,1696,500.0
0,1,1696,500.0
0,2,1696,340.0
0,3,1696,500.0
0,4,1696,500.0
0,0,1697,41.0
0,1,1697,500.0
0,2,1697,500.0
0,3,1697,500.0
0,4,1697,500.0
0,0,1698,500.0
0,1,1698,500.0
0,2,1698,184.0
0,3,1698,500.0
0,4,1698,500.0
0,0,1699,500.0
0,1,1699,500.0
0,2,1699,500.0
0,3,1699,500.0
0,4,1699,500.0
0,0,1700,500.0
0,1,1700,500.0
0,2,1700,69.0
0,3,1700,500.0
0,4,1700,500.0
0,0,1701,500.0
0,1,1701,500.0
0,2,1701,371.0
0,3,1701,500.0
0,4,1701,500.0
0,0,1702,500.0
0,1,1702,500.0
0,2,1702,175.0
0,3,1702,500.0
0,4,1702,500.0
0,0,1703,500.0
0,1,1703,500.0
0,2,1703,160.0
0,3,1703,58.0
0,4,1703,500.0
0,0,1704,500.0
0,1,1704,500.0
0,2,1704,180.0
0,3,1704,500.0
0,4,1704,500.0
0,0,1705,500.0
0,1,1705,500.0
0,2,1705,53.0
0,3,1705,500.0
0,4,1705,500.0
0,0,1706,500.0
0,1,1706,500.0
0,2,1706,77.0
0,3,1706,500.0
0,4,1706,500.0
0,0,1707,500.0
0,1,1707,302.0
0,2,1707,337.0
0,3,1707,500.0
0,4,1707,500.0
0,0,1708,500.0
0,1,1708,500.0
0,2,1708,295.0
0,3,1708,500.0
0,4,1708,500.0
0,0,1709,500.0
0,1,1709,500.0
0,2,1709,49.0
0,3,1709,77.0
0,4,1709,500.0
0,0,1710,500.0
0,1,1710,500.0
0,2,1710,201.0
0,3,1710,500.0
0,4,1710,500.0
0,0,1711,500.0
0,1,1711,341.0
0,2,1711,288.0
0,3,1711,500.0
0,4,1711,500.0
0,0,1712,500.0
0,1,1712,500.0
0,2,1712,500.0
0,3,1712,500.0
0,4,1712,230.0
0,0,1713,500.0
0,1,1713,500.0
0,2,1713,438.0
0,3,1713,500.0
0,4,1713,500.0
0,0,1714,500.0
0,1,1714,500.0
0,2,1714,500.0
0,3,1714,500.0
0,4,1714,500.0
0,0,1715,500.0
0,1,1715,500.0
0,2,1715,500.0
0,3,1715,500.0
0,4,1715,500.0
0,0,1716,500.0
0,1,1716,500.0
0,2,1716,500.0
0,3,1716,500.0
0,4,1716,500.0
0,0,1717,500.0
0,1,1717,500.0
0,2,1717,500.0
0,3,1717,500.0
0,4,1717,500.0
0,0,1718,500.0
0,1,1718,500.0
0,2,1718,500.0
0,3,1718,500.0
0,4,1718,500.0
0,0,1719,500.0
0,1,1719,500.0
0,2,1719,500.0
0,3,1719,500.0
0,4,1719,341.0
0,0,1720,500.0
0,1,1720,500.0
0,2,1720,333.0
0,3,1720,198.0
0,4,1720,255.0
0,0,1721,413.0
0,1,1721,500.0
0,2,1721,500.0
0,3,1721,500.0
0,4,1721,500.0
0,0,1722,500.0
0,1,1722,500.0
0,2,1722,500.0
0,3,1722,500.0
0,4,1722,359.0
0,0,1723,500.0
0,1,1723,500.0
0,2,1723,500.0
0,3,1723,121.0
0,4,1723,236.0
0,0,1724,500.0
0,1,1724,500.0
0,2,1724,500.0
0,3,1724,500.0
0,4,1724,500.0
0,0,1725,500.0
0,1,1725,500.0
0,2,1725,500.0
0,3,1725,500.0
0,4,1725,500.0
0,0,1726,500.0
0,1,1726,500.0
0,2,1726,500.0
0,3,1726,500.0
0,4,1726,309.0
0,0,1727,20.0
0,1,1727,500.0
0,2,1727,500.0
0,3,1727,500.0
0,4,1727,264.0
0,0,1728,43.0
0,1,1728,500.0
0,2,1728,500.0
0,3,1728,500.0
0,4,1728,500.0
0,0,1729,500.0
0,1,1729,500.0
0,2,1729,500.0
0,3,1729,500.0
0,4,1729,500.0
0,0,1730,500.0
0,1,1730,500.0
0,2,1730,500.0
0,3,1730,500.0
0,4,1730,500.0
0,0,1731,500.0
0,1,1731,500.0
0,2,1731,500.0
0,3,1731,500.0
0,4,1731,377.0
0,0,1732,500.0
0,1,1732,500.0
0,2,1732,500.0
0,3,1732,500.0
0,4,1732,500.0
0,0,1733,500.0
0,1,1733,500.0
0,2,1733,500.0
0,3,1733,500.0
0,4,1733,500.0
0,0,1734,500.0
0,1,1734,500.0
0,2,1734,500.0
0,3,1734,500.0
0,4,1734,390.0
0,0,1735,500.0
0,1,1735,500.0
0,2,1735,500.0
0,3,1735,500.0
0,4,1735,500.0
0,0,1736,500.0
0,1,1736,500.0
0,2,1736,500.0
0,3,1736,500.0
0,4,1736,500.0
0,0,1737,500.0
0,1,1737,500.0
0,2,1737,500.0
0,3,1737,500.0
0,4,1737,500.0
0,0,1738,500.0
0,1,1738,500.0
0,2,1738,500.0
0,3,1738,500.0
0,4,1738,500.0
0,0,1739,500.0
0,1,1739,500.0
0,2,1739,500.0
0,3,1739,500.0
0,4,1739,500.0
0,0,1740,13.0
0,1,1740,500.0
0,2,1740,500.0
0,3,1740,500.0
0,4,1740,500.0
0,0,1741,500.0
0,1,1741,500.0
0,2,1741,500.0
0,3,1741,500.0
0,4,1741,500.0
0,0,1742,500.0
0,1,1742,500.0
0,2,1742,500.0
0,3,1742,500.0
0,4,1742,500.0
0,0,1743,500.0
0,1,1743,500.0
0,2,1743,500.0
0,3,1743,500.0
0,4,1743,500.0
0,0,1744,500.0
0,1,1744,500.0
0,2,1744,500.0
0,3,1744,500.0
0,4,1744,500.0
0,0,1745,500.0
0,1,1745,500.0
0,2,1745,500.0
0,3,1745,500.0
0,4,1745,500.0
0,0,1746,500.0
0,1,1746,500.0
0,2,1746,500.0
0,3,1746,500.0
0,4,1746,500.0
0,0,1747,500.0
0,1,1747,500.0
0,2,1747,500.0
0,3,1747,500.0
0,4,1747,500.0
0,0,1748,500.0
0,1,1748,500.0
0,2,1748,500.0
0,3,1748,500.0
0,4,1748,500.0
0,0,1749,500.0
0,1,1749,500.0
0,2,1749,500.0
0,3,1749,500.0
0,4,1749,500.0
0,0,1750,21.0
0,1,1750,500.0
0,2,1750,500.0
0,3,1750,500.0
0,4,1750,500.0
0,0,1751,500.0
0,1,1751,500.0
0,2,1751,500.0
0,3,1751,500.0
0,4,1751,500.0
0,0,1752,500.0
0,1,1752,500.0
0,2,1752,500.0
0,3,1752,500.0
0,4,1752,500.0
0,0,1753,500.0
0,1,1753,500.0
0,2,1753,500.0
0,3,1753,500.0
0,4,1753,500.0
0,0,1754,500.0
0,1,1754,500.0
0,2,1754,500.0
0,3,1754,500.0
0,4,1754,500.0
0,0,1755,500.0
0,1,1755,86.0
0,2,1755,500.0
0,3,1755,500.0
0,4,1755,500.0
0,0,1756,500.0
0,1,1756,500.0
0,2,1756,500.0
0,3,1756,500.0
0,4,1756,500.0
0,0,1757,14.0
0,1,1757,500.0
0,2,1757,500.0
0,3,1757,500.0
0,4,1757,500.0
0,0,1758,500.0
0,1,1758,500.0
0,2,1758,500.0
0,3,1758,500.0
0,4,1758,500.0
0,0,1759,500.0
0,1,1759,500.0
0,2,1759,500.0
0,3,1759,500.0
0,4,1759,500.0
0,0,1760,500.0
0,1,1760,500.0
0,2,1760,500.0
0,3,1760,500.0
0,4,1760,500.0
0,0,1761,500.0
0,1,1761,483.0
0,2,1761,500.0
0,3,1761,500.0
0,4,1761,500.0
0,0,1762,500.0
0,1,1762,500.0
0,2,1762,500.0
0,3,1762,500.0
0,4,1762,500.0
0,0,1763,18.0
0,1,1763,500.0
0,2,1763,500.0
0,3,1763,500.0
0,4,1763,500.0
0,0,1764,126.0
0,1,1764,331.0
0,2,1764,500.0
0,3,1764,500.0
0,4,1764,500.0
0,0,1765,500.0
0,1,1765,500.0
0,2,1765,500.0
0,3,1765,500.0
0,4,1765,500.0
0,0,1766,500.0
0,1,1766,500.0
0,2,1766,500.0
0,3,1766,500.0
0,4,1766,500.0
0,0,1767,500.0
0,1,1767,500.0
0,2,1767,500.0
0,3,1767,500.0
0,4,1767,500.0
0,0,1768,500.0
0,1,1768,500.0
0,2,1768,500.0
0,3,1768,500.0
0,4,1768,500.0
0,0,1769,182.0
0,1,1769,243.0
0,2,1769,500.0
0,3,1769,500.0
0,4,1769,500.0
0,0,1770,72.0
0,1,1770,500.0
0,2,1770,500.0
0,3,1770,500.0
0,4,1770,500.0
0,0,1771,500.0
0,1,1771,500.0
0,2,1771,500.0
0,3,1771,500.0
0,4,1771,500.0
0,0,1772,500.0
0,1,1772,500.0
0,2,1772,500.0
0,3,1772,500.0
0,4,1772,500.0
0,0,1773,36.0
0,1,1773,500.0
0,2,1773,500.0
0,3,1773,500.0
0,4,1773,500.0
0,0,1774,460.0
0,1,1774,500.0
0,2,1774,500.0
0,3,1774,500.0
0,4,1774,500.0
0,0,1775,40.0
0,1,1775,500.0
0,2,1775,500.0
0,3,1775,500.0
0,4,1775,500.0
0,0,1776,500.0
0,1,1776,500.0
0,2,1776,500.0
0,3,1776,500.0
0,4,1776,500.0
0,0,1777,500.0
0,1,1777,500.0
0,2,1777,500.0
0,3,1777,295.0
0,4,1777,500.0
0,0,1778,500.0
0,1,1778,500.0
0,2,1778,500.0
0,3,1778,500.0
0,4,1778,500.0
0,0,1779,500.0
0,1,1779,500.0
0,2,1779,500.0
0,3,1779,500.0
0,4,1779,500.0
0,0,1780,33.0
0,1,1780,500.0
0,2,1780,500.0
0,3,1780,500.0
0,4,1780,500.0
0,0,1781,109.0
0,1,1781,500.0
0,2,1781,500.0
0,3,1781,500.0
0,4,1781,500.0
0,0,1782,500.0
0,1,1782,500.0
0,2,1782,500.0
0,3,1782,500.0
0,4,1782,500.0
0,0,1783,185.0
0,1,1783,500.0
0,2,1783,500.0
0,3,1783,500.0
0,4,1783,500.0
0,0,1784,50.0
0,1,1784,500.0
0,2,1784,500.0
0,3,1784,500.0
0,4,1784,500.0
0,0,1785,32.0
0,1,1785,500.0
0,2,1785,500.0
0,3,1785,500.0
0,4,1785,500.0
0,0,1786,500.0
0,1,1786,500.0
0,2,1786,500.0
0,3,1786,212.0
0,4,1786,500.0
0,0,1787,500.0
0,1,1787,500.0
0,2,1787,500.0
0,3,1787,500.0
0,4,1787,500.0
0,0,1788,500.0
0,1,1788,500.0
0,2,1788,500.0
0,3,1788,500.0
0,4,1788,500.0
0,0,1789,500.0
0,1,1789,500.0
0,2,1789,500.0
0,3,1789,500.0
0,4,1789,500.0
0,0,1790,500.0
0,1,1790,500.0
0,2,1790,500.0
0,3,1790,500.0
0,4,1790,500.0
0,0,1791,500.0
0,1,1791,500.0
0,2,1791,500.0
0,3,1791,500.0
0,4,1791,274.0
0,0,1792,500.0
0,1,1792,500.0
0,2,1792,500.0
0,3,1792,500.0
0,4,1792,500.0
0,0,1793,500.0
0,1,1793,500.0
0,2,1793,500.0
0,3,1793,500.0
0,4,1793,500.0
0,0,1794,500.0
0,1,1794,500.0
0,2,1794,500.0
0,3,1794,500.0
0,4,1794,500.0
0,0,1795,500.0
0,1,1795,500.0
0,2,1795,500.0
0,3,1795,500.0
0,4,1795,500.0
0,0,1796,500.0
0,1,1796,500.0
0,2,1796,500.0
0,3,1796,500.0
0,4,1796,500.0
0,0,1797,500.0
0,1,1797,500.0
0,2,1797,500.0
0,3,1797,500.0
0,4,1797,500.0
0,0,1798,500.0
0,1,1798,500.0
0,2,1798,500.0
0,3,1798,500.0
0,4,1798,500.0
0,0,1799,500.0
0,1,1799,500.0
0,2,1799,500.0
0,3,1799,500.0
0,4,1799,500.0
