Simulation,Agent,Episode,Reward
0,0,0,23.0
0,1,0,26.0
0,2,0,28.0
0,3,0,16.0
0,4,0,18.0
0,0,1,20.0
0,1,1,16.0
0,2,1,9.0
0,3,1,28.0
0,4,1,23.0
0,0,2,10.0
0,1,2,9.0
0,2,2,26.0
0,3,2,11.0
0,4,2,10.0
0,0,3,14.0
0,1,3,39.0
0,2,3,62.0
0,3,3,21.0
0,4,3,50.0
0,0,4,12.0
0,1,4,25.0
0,2,4,43.0
0,3,4,22.0
0,4,4,36.0
0,0,5,41.0
0,1,5,17.0
0,2,5,21.0
0,3,5,16.0
0,4,5,21.0
0,0,6,17.0
0,1,6,31.0
0,2,6,25.0
0,3,6,14.0
0,4,6,19.0
0,0,7,14.0
0,1,7,28.0
0,2,7,13.0
0,3,7,56.0
0,4,7,15.0
0,0,8,16.0
0,1,8,34.0
0,2,8,29.0
0,3,8,12.0
0,4,8,34.0
0,0,9,32.0
0,1,9,17.0
0,2,9,51.0
0,3,9,27.0
0,4,9,27.0
0,0,10,19.0
0,1,10,59.0
0,2,10,14.0
0,3,10,54.0
0,4,10,69.0
0,0,11,22.0
0,1,11,16.0
0,2,11,12.0
0,3,11,49.0
0,4,11,13.0
0,0,12,23.0
0,1,12,12.0
0,2,12,51.0
0,3,12,21.0
0,4,12,17.0
0,0,13,16.0
0,1,13,13.0
0,2,13,34.0
0,3,13,38.0
0,4,13,26.0
0,0,14,15.0
0,1,14,37.0
0,2,14,31.0
0,3,14,18.0
0,4,14,15.0
0,0,15,17.0
0,1,15,20.0
0,2,15,13.0
0,3,15,24.0
0,4,15,11.0
0,0,16,25.0
0,1,16,13.0
0,2,16,13.0
0,3,16,32.0
0,4,16,17.0
0,0,17,53.0
0,1,17,12.0
0,2,17,10.0
0,3,17,9.0
0,4,17,21.0
0,0,18,15.0
0,1,18,30.0
0,2,18,30.0
0,3,18,33.0
0,4,18,10.0
0,0,19,38.0
0,1,19,44.0
0,2,19,28.0
0,3,19,13.0
0,4,19,13.0
0,0,20,10.0
0,1,20,13.0
0,2,20,29.0
0,3,20,25.0
0,4,20,16.0
0,0,21,27.0
0,1,21,36.0
0,2,21,13.0
0,3,21,35.0
0,4,21,19.0
0,0,22,38.0
0,1,22,21.0
0,2,22,35.0
0,3,22,42.0
0,4,22,18.0
0,0,23,23.0
0,1,23,14.0
0,2,23,18.0
0,3,23,13.0
0,4,23,29.0
0,0,24,23.0
0,1,24,22.0
0,2,24,13.0
0,3,24,19.0
0,4,24,28.0
0,0,25,14.0
0,1,25,13.0
0,2,25,22.0
0,3,25,10.0
0,4,25,27.0
0,0,26,20.0
0,1,26,15.0
0,2,26,25.0
0,3,26,16.0
0,4,26,30.0
0,0,27,20.0
0,1,27,12.0
0,2,27,19.0
0,3,27,28.0
0,4,27,10.0
0,0,28,11.0
0,1,28,19.0
0,2,28,28.0
0,3,28,18.0
0,4,28,30.0
0,0,29,20.0
0,1,29,17.0
0,2,29,13.0
0,3,29,13.0
0,4,29,33.0
0,0,30,35.0
0,1,30,15.0
0,2,30,24.0
0,3,30,35.0
0,4,30,22.0
0,0,31,22.0
0,1,31,13.0
0,2,31,15.0
0,3,31,54.0
0,4,31,28.0
0,0,32,34.0
0,1,32,48.0
0,2,32,13.0
0,3,32,22.0
0,4,32,43.0
0,0,33,31.0
0,1,33,26.0
0,2,33,18.0
0,3,33,14.0
0,4,33,16.0
0,0,34,18.0
0,1,34,13.0
0,2,34,12.0
0,3,34,28.0
0,4,34,14.0
0,0,35,15.0
0,1,35,13.0
0,2,35,12.0
0,3,35,12.0
0,4,35,22.0
0,0,36,15.0
0,1,36,22.0
0,2,36,17.0
0,3,36,11.0
0,4,36,17.0
0,0,37,10.0
0,1,37,24.0
0,2,37,22.0
0,3,37,14.0
0,4,37,17.0
0,0,38,16.0
0,1,38,13.0
0,2,38,28.0
0,3,38,19.0
0,4,38,30.0
0,0,39,17.0
0,1,39,30.0
0,2,39,12.0
0,3,39,14.0
0,4,39,12.0
0,0,40,14.0
0,1,40,16.0
0,2,40,14.0
0,3,40,16.0
0,4,40,83.0
0,0,41,31.0
0,1,41,10.0
0,2,41,16.0
0,3,41,23.0
0,4,41,36.0
0,0,42,14.0
0,1,42,18.0
0,2,42,23.0
0,3,42,21.0
0,4,42,15.0
0,0,43,10.0
0,1,43,19.0
0,2,43,28.0
0,3,43,15.0
0,4,43,31.0
0,0,44,16.0
0,1,44,15.0
0,2,44,21.0
0,3,44,12.0
0,4,44,23.0
0,0,45,12.0
0,1,45,21.0
0,2,45,43.0
0,3,45,18.0
0,4,45,15.0
0,0,46,11.0
0,1,46,30.0
0,2,46,33.0
0,3,46,12.0
0,4,46,15.0
0,0,47,52.0
0,1,47,14.0
0,2,47,21.0
0,3,47,27.0
0,4,47,23.0
0,0,48,13.0
0,1,48,11.0
0,2,48,19.0
0,3,48,21.0
0,4,48,14.0
0,0,49,33.0
0,1,49,44.0
0,2,49,24.0
0,3,49,11.0
0,4,49,19.0
0,0,50,14.0
0,1,50,11.0
0,2,50,54.0
0,3,50,19.0
0,4,50,14.0
0,0,51,13.0
0,1,51,13.0
0,2,51,10.0
0,3,51,20.0
0,4,51,14.0
0,0,52,14.0
0,1,52,9.0
0,2,52,11.0
0,3,52,9.0
0,4,52,32.0
0,0,53,21.0
0,1,53,12.0
0,2,53,9.0
0,3,53,13.0
0,4,53,13.0
0,0,54,18.0
0,1,54,19.0
0,2,54,27.0
0,3,54,78.0
0,4,54,17.0
0,0,55,29.0
0,1,55,14.0
0,2,55,15.0
0,3,55,21.0
0,4,55,66.0
0,0,56,24.0
0,1,56,48.0
0,2,56,9.0
0,3,56,15.0
0,4,56,20.0
0,0,57,32.0
0,1,57,12.0
0,2,57,16.0
0,3,57,10.0
0,4,57,34.0
0,0,58,29.0
0,1,58,16.0
0,2,58,37.0
0,3,58,34.0
0,4,58,12.0
0,0,59,17.0
0,1,59,19.0
0,2,59,40.0
0,3,59,10.0
0,4,59,29.0
0,0,60,15.0
0,1,60,12.0
0,2,60,47.0
0,3,60,22.0
0,4,60,18.0
0,0,61,14.0
0,1,61,25.0
0,2,61,40.0
0,3,61,27.0
0,4,61,22.0
0,0,62,12.0
0,1,62,18.0
0,2,62,32.0
0,3,62,13.0
0,4,62,17.0
0,0,63,28.0
0,1,63,18.0
0,2,63,37.0
0,3,63,25.0
0,4,63,43.0
0,0,64,13.0
0,1,64,45.0
0,2,64,16.0
0,3,64,11.0
0,4,64,11.0
0,0,65,53.0
0,1,65,31.0
0,2,65,29.0
0,3,65,17.0
0,4,65,21.0
0,0,66,25.0
0,1,66,19.0
0,2,66,9.0
0,3,66,22.0
0,4,66,13.0
0,0,67,12.0
0,1,67,22.0
0,2,67,12.0
0,3,67,21.0
0,4,67,62.0
0,0,68,32.0
0,1,68,22.0
0,2,68,28.0
0,3,68,15.0
0,4,68,34.0
0,0,69,39.0
0,1,69,33.0
0,2,69,14.0
0,3,69,34.0
0,4,69,8.0
0,0,70,30.0
0,1,70,25.0
0,2,70,12.0
0,3,70,15.0
0,4,70,25.0
0,0,71,35.0
0,1,71,24.0
0,2,71,26.0
0,3,71,15.0
0,4,71,9.0
0,0,72,18.0
0,1,72,18.0
0,2,72,17.0
0,3,72,23.0
0,4,72,21.0
0,0,73,11.0
0,1,73,14.0
0,2,73,11.0
0,3,73,17.0
0,4,73,32.0
0,0,74,13.0
0,1,74,16.0
0,2,74,55.0
0,3,74,9.0
0,4,74,10.0
0,0,75,28.0
0,1,75,11.0
0,2,75,32.0
0,3,75,16.0
0,4,75,39.0
0,0,76,21.0
0,1,76,23.0
0,2,76,14.0
0,3,76,26.0
0,4,76,16.0
0,0,77,20.0
0,1,77,43.0
0,2,77,11.0
0,3,77,12.0
0,4,77,22.0
0,0,78,13.0
0,1,78,40.0
0,2,78,15.0
0,3,78,33.0
0,4,78,17.0
0,0,79,13.0
0,1,79,18.0
0,2,79,63.0
0,3,79,22.0
0,4,79,20.0
0,0,80,9.0
0,1,80,50.0
0,2,80,11.0
0,3,80,42.0
0,4,80,12.0
0,0,81,21.0
0,1,81,19.0
0,2,81,20.0
0,3,81,19.0
0,4,81,20.0
0,0,82,22.0
0,1,82,16.0
0,2,82,22.0
0,3,82,10.0
0,4,82,18.0
0,0,83,29.0
0,1,83,19.0
0,2,83,23.0
0,3,83,17.0
0,4,83,10.0
0,0,84,18.0
0,1,84,24.0
0,2,84,49.0
0,3,84,32.0
0,4,84,25.0
0,0,85,13.0
0,1,85,24.0
0,2,85,14.0
0,3,85,16.0
0,4,85,31.0
0,0,86,21.0
0,1,86,34.0
0,2,86,19.0
0,3,86,21.0
0,4,86,18.0
0,0,87,19.0
0,1,87,26.0
0,2,87,20.0
0,3,87,12.0
0,4,87,28.0
0,0,88,39.0
0,1,88,17.0
0,2,88,11.0
0,3,88,19.0
0,4,88,13.0
0,0,89,16.0
0,1,89,35.0
0,2,89,17.0
0,3,89,15.0
0,4,89,21.0
0,0,90,26.0
0,1,90,27.0
0,2,90,22.0
0,3,90,14.0
0,4,90,28.0
0,0,91,29.0
0,1,91,17.0
0,2,91,18.0
0,3,91,20.0
0,4,91,16.0
0,0,92,48.0
0,1,92,30.0
0,2,92,44.0
0,3,92,32.0
0,4,92,13.0
0,0,93,17.0
0,1,93,16.0
0,2,93,28.0
0,3,93,17.0
0,4,93,27.0
0,0,94,23.0
0,1,94,12.0
0,2,94,41.0
0,3,94,15.0
0,4,94,28.0
0,0,95,11.0
0,1,95,21.0
0,2,95,21.0
0,3,95,37.0
0,4,95,10.0
0,0,96,16.0
0,1,96,16.0
0,2,96,16.0
0,3,96,20.0
0,4,96,10.0
0,0,97,15.0
0,1,97,26.0
0,2,97,20.0
0,3,97,27.0
0,4,97,19.0
0,0,98,13.0
0,1,98,39.0
0,2,98,33.0
0,3,98,13.0
0,4,98,24.0
0,0,99,49.0
0,1,99,19.0
0,2,99,11.0
0,3,99,18.0
0,4,99,29.0
0,0,100,14.0
0,1,100,16.0
0,2,100,19.0
0,3,100,18.0
0,4,100,10.0
0,0,101,25.0
0,1,101,37.0
0,2,101,11.0
0,3,101,12.0
0,4,101,15.0
0,0,102,17.0
0,1,102,30.0
0,2,102,12.0
0,3,102,16.0
0,4,102,20.0
0,0,103,31.0
0,1,103,36.0
0,2,103,14.0
0,3,103,10.0
0,4,103,11.0
0,0,104,12.0
0,1,104,17.0
0,2,104,32.0
0,3,104,15.0
0,4,104,20.0
0,0,105,10.0
0,1,105,13.0
0,2,105,16.0
0,3,105,9.0
0,4,105,27.0
0,0,106,39.0
0,1,106,34.0
0,2,106,18.0
0,3,106,9.0
0,4,106,19.0
0,0,107,20.0
0,1,107,18.0
0,2,107,17.0
0,3,107,28.0
0,4,107,21.0
0,0,108,13.0
0,1,108,20.0
0,2,108,10.0
0,3,108,30.0
0,4,108,49.0
0,0,109,14.0
0,1,109,15.0
0,2,109,82.0
0,3,109,29.0
0,4,109,20.0
0,0,110,10.0
0,1,110,18.0
0,2,110,24.0
0,3,110,12.0
0,4,110,79.0
0,0,111,25.0
0,1,111,17.0
0,2,111,15.0
0,3,111,20.0
0,4,111,25.0
0,0,112,23.0
0,1,112,20.0
0,2,112,14.0
0,3,112,14.0
0,4,112,16.0
0,0,113,17.0
0,1,113,16.0
0,2,113,27.0
0,3,113,24.0
0,4,113,12.0
0,0,114,16.0
0,1,114,26.0
0,2,114,39.0
0,3,114,14.0
0,4,114,26.0
0,0,115,13.0
0,1,115,50.0
0,2,115,18.0
0,3,115,9.0
0,4,115,17.0
0,0,116,13.0
0,1,116,16.0
0,2,116,22.0
0,3,116,13.0
0,4,116,17.0
0,0,117,13.0
0,1,117,29.0
0,2,117,11.0
0,3,117,14.0
0,4,117,32.0
0,0,118,22.0
0,1,118,23.0
0,2,118,15.0
0,3,118,22.0
0,4,118,27.0
0,0,119,19.0
0,1,119,27.0
0,2,119,14.0
0,3,119,13.0
0,4,119,15.0
0,0,120,23.0
0,1,120,11.0
0,2,120,11.0
0,3,120,17.0
0,4,120,14.0
0,0,121,31.0
0,1,121,26.0
0,2,121,18.0
0,3,121,22.0
0,4,121,27.0
0,0,122,14.0
0,1,122,15.0
0,2,122,14.0
0,3,122,25.0
0,4,122,19.0
0,0,123,10.0
0,1,123,13.0
0,2,123,19.0
0,3,123,63.0
0,4,123,14.0
0,0,124,60.0
0,1,124,15.0
0,2,124,20.0
0,3,124,19.0
0,4,124,33.0
0,0,125,8.0
0,1,125,37.0
0,2,125,19.0
0,3,125,18.0
0,4,125,9.0
0,0,126,13.0
0,1,126,22.0
0,2,126,24.0
0,3,126,12.0
0,4,126,17.0
0,0,127,12.0
0,1,127,13.0
0,2,127,14.0
0,3,127,18.0
0,4,127,11.0
0,0,128,16.0
0,1,128,25.0
0,2,128,20.0
0,3,128,10.0
0,4,128,17.0
0,0,129,14.0
0,1,129,11.0
0,2,129,37.0
0,3,129,61.0
0,4,129,14.0
0,0,130,12.0
0,1,130,22.0
0,2,130,13.0
0,3,130,11.0
0,4,130,21.0
0,0,131,28.0
0,1,131,59.0
0,2,131,71.0
0,3,131,23.0
0,4,131,25.0
0,0,132,27.0
0,1,132,20.0
0,2,132,28.0
0,3,132,11.0
0,4,132,14.0
0,0,133,31.0
0,1,133,13.0
0,2,133,16.0
0,3,133,37.0
0,4,133,16.0
0,0,134,21.0
0,1,134,14.0
0,2,134,17.0
0,3,134,20.0
0,4,134,13.0
0,0,135,42.0
0,1,135,18.0
0,2,135,12.0
0,3,135,39.0
0,4,135,13.0
0,0,136,10.0
0,1,136,24.0
0,2,136,29.0
0,3,136,29.0
0,4,136,18.0
0,0,137,32.0
0,1,137,14.0
0,2,137,41.0
0,3,137,10.0
0,4,137,17.0
0,0,138,38.0
0,1,138,12.0
0,2,138,49.0
0,3,138,21.0
0,4,138,26.0
0,0,139,13.0
0,1,139,16.0
0,2,139,33.0
0,3,139,16.0
0,4,139,26.0
0,0,140,23.0
0,1,140,20.0
0,2,140,15.0
0,3,140,12.0
0,4,140,23.0
0,0,141,44.0
0,1,141,22.0
0,2,141,44.0
0,3,141,8.0
0,4,141,24.0
0,0,142,27.0
0,1,142,19.0
0,2,142,30.0
0,3,142,23.0
0,4,142,14.0
0,0,143,21.0
0,1,143,13.0
0,2,143,26.0
0,3,143,20.0
0,4,143,13.0
0,0,144,24.0
0,1,144,16.0
0,2,144,19.0
0,3,144,16.0
0,4,144,17.0
0,0,145,54.0
0,1,145,17.0
0,2,145,12.0
0,3,145,16.0
0,4,145,28.0
0,0,146,36.0
0,1,146,9.0
0,2,146,12.0
0,3,146,20.0
0,4,146,20.0
0,0,147,33.0
0,1,147,18.0
0,2,147,13.0
0,3,147,20.0
0,4,147,12.0
0,0,148,31.0
0,1,148,14.0
0,2,148,22.0
0,3,148,27.0
0,4,148,14.0
0,0,149,13.0
0,1,149,43.0
0,2,149,15.0
0,3,149,10.0
0,4,149,32.0
0,0,150,19.0
0,1,150,18.0
0,2,150,33.0
0,3,150,14.0
0,4,150,14.0
0,0,151,11.0
0,1,151,15.0
0,2,151,16.0
0,3,151,10.0
0,4,151,21.0
0,0,152,15.0
0,1,152,24.0
0,2,152,27.0
0,3,152,30.0
0,4,152,41.0
0,0,153,26.0
0,1,153,17.0
0,2,153,15.0
0,3,153,18.0
0,4,153,16.0
0,0,154,23.0
0,1,154,21.0
0,2,154,13.0
0,3,154,17.0
0,4,154,40.0
0,0,155,16.0
0,1,155,11.0
0,2,155,19.0
0,3,155,30.0
0,4,155,46.0
0,0,156,30.0
0,1,156,13.0
0,2,156,24.0
0,3,156,48.0
0,4,156,26.0
0,0,157,15.0
0,1,157,16.0
0,2,157,14.0
0,3,157,18.0
0,4,157,35.0
0,0,158,32.0
0,1,158,33.0
0,2,158,14.0
0,3,158,18.0
0,4,158,11.0
0,0,159,16.0
0,1,159,24.0
0,2,159,10.0
0,3,159,25.0
0,4,159,21.0
0,0,160,18.0
0,1,160,13.0
0,2,160,16.0
0,3,160,14.0
0,4,160,33.0
0,0,161,15.0
0,1,161,12.0
0,2,161,14.0
0,3,161,22.0
0,4,161,21.0
0,0,162,42.0
0,1,162,20.0
0,2,162,25.0
0,3,162,20.0
0,4,162,24.0
0,0,163,40.0
0,1,163,12.0
0,2,163,24.0
0,3,163,19.0
0,4,163,25.0
0,0,164,38.0
0,1,164,29.0
0,2,164,23.0
0,3,164,13.0
0,4,164,15.0
0,0,165,16.0
0,1,165,11.0
0,2,165,11.0
0,3,165,23.0
0,4,165,13.0
0,0,166,29.0
0,1,166,17.0
0,2,166,17.0
0,3,166,13.0
0,4,166,12.0
0,0,167,25.0
0,1,167,16.0
0,2,167,47.0
0,3,167,20.0
0,4,167,37.0
0,0,168,40.0
0,1,168,32.0
0,2,168,24.0
0,3,168,31.0
0,4,168,24.0
0,0,169,16.0
0,1,169,12.0
0,2,169,53.0
0,3,169,17.0
0,4,169,12.0
0,0,170,13.0
0,1,170,94.0
0,2,170,13.0
0,3,170,13.0
0,4,170,11.0
0,0,171,14.0
0,1,171,18.0
0,2,171,11.0
0,3,171,12.0
0,4,171,13.0
0,0,172,15.0
0,1,172,23.0
0,2,172,39.0
0,3,172,30.0
0,4,172,19.0
0,0,173,29.0
0,1,173,14.0
0,2,173,13.0
0,3,173,13.0
0,4,173,12.0
0,0,174,13.0
0,1,174,19.0
0,2,174,9.0
0,3,174,18.0
0,4,174,44.0
0,0,175,41.0
0,1,175,23.0
0,2,175,13.0
0,3,175,26.0
0,4,175,14.0
0,0,176,30.0
0,1,176,14.0
0,2,176,31.0
0,3,176,20.0
0,4,176,17.0
0,0,177,18.0
0,1,177,15.0
0,2,177,18.0
0,3,177,8.0
0,4,177,14.0
0,0,178,22.0
0,1,178,11.0
0,2,178,14.0
0,3,178,19.0
0,4,178,28.0
0,0,179,11.0
0,1,179,8.0
0,2,179,18.0
0,3,179,11.0
0,4,179,29.0
0,0,180,21.0
0,1,180,26.0
0,2,180,14.0
0,3,180,11.0
0,4,180,12.0
0,0,181,60.0
0,1,181,23.0
0,2,181,15.0
0,3,181,13.0
0,4,181,13.0
0,0,182,29.0
0,1,182,18.0
0,2,182,28.0
0,3,182,13.0
0,4,182,25.0
0,0,183,12.0
0,1,183,18.0
0,2,183,12.0
0,3,183,33.0
0,4,183,33.0
0,0,184,50.0
0,1,184,15.0
0,2,184,9.0
0,3,184,22.0
0,4,184,12.0
0,0,185,36.0
0,1,185,13.0
0,2,185,23.0
0,3,185,31.0
0,4,185,19.0
0,0,186,18.0
0,1,186,20.0
0,2,186,20.0
0,3,186,24.0
0,4,186,8.0
0,0,187,16.0
0,1,187,15.0
0,2,187,10.0
0,3,187,16.0
0,4,187,9.0
0,0,188,11.0
0,1,188,20.0
0,2,188,14.0
0,3,188,15.0
0,4,188,32.0
0,0,189,20.0
0,1,189,15.0
0,2,189,13.0
0,3,189,22.0
0,4,189,13.0
0,0,190,25.0
0,1,190,19.0
0,2,190,25.0
0,3,190,11.0
0,4,190,23.0
0,0,191,13.0
0,1,191,15.0
0,2,191,12.0
0,3,191,21.0
0,4,191,11.0
0,0,192,10.0
0,1,192,20.0
0,2,192,16.0
0,3,192,9.0
0,4,192,16.0
0,0,193,28.0
0,1,193,11.0
0,2,193,9.0
0,3,193,30.0
0,4,193,14.0
0,0,194,12.0
0,1,194,17.0
0,2,194,19.0
0,3,194,16.0
0,4,194,11.0
0,0,195,15.0
0,1,195,14.0
0,2,195,24.0
0,3,195,31.0
0,4,195,47.0
0,0,196,33.0
0,1,196,23.0
0,2,196,14.0
0,3,196,14.0
0,4,196,12.0
0,0,197,13.0
0,1,197,15.0
0,2,197,16.0
0,3,197,13.0
0,4,197,14.0
0,0,198,9.0
0,1,198,14.0
0,2,198,12.0
0,3,198,11.0
0,4,198,21.0
0,0,199,13.0
0,1,199,19.0
0,2,199,9.0
0,3,199,19.0
0,4,199,23.0
0,0,200,14.0
0,1,200,31.0
0,2,200,11.0
0,3,200,19.0
0,4,200,11.0
0,0,201,15.0
0,1,201,46.0
0,2,201,18.0
0,3,201,12.0
0,4,201,20.0
0,0,202,19.0
0,1,202,18.0
0,2,202,17.0
0,3,202,18.0
0,4,202,16.0
0,0,203,26.0
0,1,203,58.0
0,2,203,40.0
0,3,203,14.0
0,4,203,26.0
0,0,204,13.0
0,1,204,11.0
0,2,204,16.0
0,3,204,40.0
0,4,204,25.0
0,0,205,24.0
0,1,205,16.0
0,2,205,17.0
0,3,205,11.0
0,4,205,26.0
0,0,206,18.0
0,1,206,29.0
0,2,206,12.0
0,3,206,11.0
0,4,206,15.0
0,0,207,12.0
0,1,207,17.0
0,2,207,35.0
0,3,207,14.0
0,4,207,19.0
0,0,208,25.0
0,1,208,21.0
0,2,208,37.0
0,3,208,13.0
0,4,208,39.0
0,0,209,14.0
0,1,209,10.0
0,2,209,9.0
0,3,209,17.0
0,4,209,13.0
0,0,210,14.0
0,1,210,14.0
0,2,210,20.0
0,3,210,12.0
0,4,210,16.0
0,0,211,15.0
0,1,211,12.0
0,2,211,21.0
0,3,211,20.0
0,4,211,28.0
0,0,212,12.0
0,1,212,17.0
0,2,212,37.0
0,3,212,21.0
0,4,212,20.0
0,0,213,18.0
0,1,213,11.0
0,2,213,30.0
0,3,213,13.0
0,4,213,20.0
0,0,214,15.0
0,1,214,32.0
0,2,214,10.0
0,3,214,11.0
0,4,214,14.0
0,0,215,23.0
0,1,215,14.0
0,2,215,17.0
0,3,215,15.0
0,4,215,22.0
0,0,216,17.0
0,1,216,17.0
0,2,216,35.0
0,3,216,19.0
0,4,216,16.0
0,0,217,18.0
0,1,217,16.0
0,2,217,21.0
0,3,217,16.0
0,4,217,25.0
0,0,218,32.0
0,1,218,15.0
0,2,218,31.0
0,3,218,21.0
0,4,218,12.0
0,0,219,19.0
0,1,219,14.0
0,2,219,18.0
0,3,219,27.0
0,4,219,14.0
0,0,220,19.0
0,1,220,22.0
0,2,220,23.0
0,3,220,28.0
0,4,220,24.0
0,0,221,21.0
0,1,221,12.0
0,2,221,17.0
0,3,221,17.0
0,4,221,49.0
0,0,222,24.0
0,1,222,18.0
0,2,222,22.0
0,3,222,12.0
0,4,222,44.0
0,0,223,14.0
0,1,223,40.0
0,2,223,16.0
0,3,223,35.0
0,4,223,23.0
0,0,224,69.0
0,1,224,22.0
0,2,224,27.0
0,3,224,15.0
0,4,224,33.0
0,0,225,17.0
0,1,225,12.0
0,2,225,11.0
0,3,225,22.0
0,4,225,30.0
0,0,226,21.0
0,1,226,42.0
0,2,226,11.0
0,3,226,15.0
0,4,226,65.0
0,0,227,11.0
0,1,227,12.0
0,2,227,11.0
0,3,227,11.0
0,4,227,29.0
0,0,228,11.0
0,1,228,11.0
0,2,228,32.0
0,3,228,23.0
0,4,228,18.0
0,0,229,37.0
0,1,229,12.0
0,2,229,26.0
0,3,229,17.0
0,4,229,30.0
0,0,230,17.0
0,1,230,50.0
0,2,230,16.0
0,3,230,11.0
0,4,230,38.0
0,0,231,14.0
0,1,231,24.0
0,2,231,15.0
0,3,231,16.0
0,4,231,15.0
0,0,232,12.0
0,1,232,10.0
0,2,232,9.0
0,3,232,52.0
0,4,232,56.0
0,0,233,19.0
0,1,233,11.0
0,2,233,14.0
0,3,233,51.0
0,4,233,10.0
0,0,234,29.0
0,1,234,18.0
0,2,234,11.0
0,3,234,14.0
0,4,234,29.0
0,0,235,18.0
0,1,235,17.0
0,2,235,23.0
0,3,235,19.0
0,4,235,17.0
0,0,236,11.0
0,1,236,24.0
0,2,236,30.0
0,3,236,11.0
0,4,236,15.0
0,0,237,10.0
0,1,237,112.0
0,2,237,25.0
0,3,237,17.0
0,4,237,15.0
0,0,238,44.0
0,1,238,10.0
0,2,238,29.0
0,3,238,63.0
0,4,238,22.0
0,0,239,26.0
0,1,239,23.0
0,2,239,14.0
0,3,239,29.0
0,4,239,34.0
0,0,240,10.0
0,1,240,18.0
0,2,240,11.0
0,3,240,21.0
0,4,240,19.0
0,0,241,10.0
0,1,241,10.0
0,2,241,13.0
0,3,241,30.0
0,4,241,19.0
0,0,242,12.0
0,1,242,13.0
0,2,242,11.0
0,3,242,18.0
0,4,242,14.0
0,0,243,28.0
0,1,243,29.0
0,2,243,12.0
0,3,243,12.0
0,4,243,33.0
0,0,244,18.0
0,1,244,15.0
0,2,244,16.0
0,3,244,25.0
0,4,244,19.0
0,0,245,12.0
0,1,245,10.0
0,2,245,20.0
0,3,245,30.0
0,4,245,37.0
0,0,246,15.0
0,1,246,31.0
0,2,246,22.0
0,3,246,17.0
0,4,246,18.0
0,0,247,34.0
0,1,247,15.0
0,2,247,16.0
0,3,247,20.0
0,4,247,16.0
0,0,248,11.0
0,1,248,10.0
0,2,248,40.0
0,3,248,48.0
0,4,248,36.0
0,0,249,18.0
0,1,249,79.0
0,2,249,13.0
0,3,249,17.0
0,4,249,11.0
0,0,250,15.0
0,1,250,22.0
0,2,250,27.0
0,3,250,11.0
0,4,250,36.0
0,0,251,11.0
0,1,251,23.0
0,2,251,19.0
0,3,251,41.0
0,4,251,32.0
0,0,252,19.0
0,1,252,12.0
0,2,252,57.0
0,3,252,10.0
0,4,252,23.0
0,0,253,20.0
0,1,253,13.0
0,2,253,10.0
0,3,253,17.0
0,4,253,12.0
0,0,254,30.0
0,1,254,14.0
0,2,254,16.0
0,3,254,27.0
0,4,254,43.0
0,0,255,17.0
0,1,255,12.0
0,2,255,27.0
0,3,255,23.0
0,4,255,20.0
0,0,256,27.0
0,1,256,15.0
0,2,256,14.0
0,3,256,23.0
0,4,256,28.0
0,0,257,9.0
0,1,257,18.0
0,2,257,23.0
0,3,257,14.0
0,4,257,12.0
0,0,258,16.0
0,1,258,10.0
0,2,258,59.0
0,3,258,25.0
0,4,258,11.0
0,0,259,45.0
0,1,259,21.0
0,2,259,14.0
0,3,259,11.0
0,4,259,20.0
0,0,260,29.0
0,1,260,13.0
0,2,260,17.0
0,3,260,24.0
0,4,260,33.0
0,0,261,12.0
0,1,261,17.0
0,2,261,29.0
0,3,261,21.0
0,4,261,18.0
0,0,262,17.0
0,1,262,14.0
0,2,262,10.0
0,3,262,14.0
0,4,262,44.0
0,0,263,29.0
0,1,263,16.0
0,2,263,15.0
0,3,263,17.0
0,4,263,14.0
0,0,264,17.0
0,1,264,17.0
0,2,264,13.0
0,3,264,18.0
0,4,264,39.0
0,0,265,28.0
0,1,265,43.0
0,2,265,40.0
0,3,265,20.0
0,4,265,12.0
0,0,266,22.0
0,1,266,20.0
0,2,266,15.0
0,3,266,16.0
0,4,266,20.0
0,0,267,12.0
0,1,267,26.0
0,2,267,27.0
0,3,267,12.0
0,4,267,11.0
0,0,268,20.0
0,1,268,17.0
0,2,268,11.0
0,3,268,14.0
0,4,268,25.0
0,0,269,23.0
0,1,269,15.0
0,2,269,35.0
0,3,269,10.0
0,4,269,25.0
0,0,270,32.0
0,1,270,12.0
0,2,270,32.0
0,3,270,10.0
0,4,270,21.0
0,0,271,11.0
0,1,271,21.0
0,2,271,30.0
0,3,271,21.0
0,4,271,12.0
0,0,272,19.0
0,1,272,46.0
0,2,272,16.0
0,3,272,16.0
0,4,272,16.0
0,0,273,34.0
0,1,273,19.0
0,2,273,26.0
0,3,273,37.0
0,4,273,11.0
0,0,274,16.0
0,1,274,12.0
0,2,274,17.0
0,3,274,21.0
0,4,274,16.0
0,0,275,18.0
0,1,275,11.0
0,2,275,13.0
0,3,275,13.0
0,4,275,20.0
0,0,276,10.0
0,1,276,34.0
0,2,276,24.0
0,3,276,19.0
0,4,276,47.0
0,0,277,30.0
0,1,277,16.0
0,2,277,13.0
0,3,277,17.0
0,4,277,15.0
0,0,278,13.0
0,1,278,17.0
0,2,278,13.0
0,3,278,11.0
0,4,278,27.0
0,0,279,15.0
0,1,279,9.0
0,2,279,14.0
0,3,279,12.0
0,4,279,45.0
0,0,280,27.0
0,1,280,18.0
0,2,280,21.0
0,3,280,23.0
0,4,280,24.0
0,0,281,14.0
0,1,281,21.0
0,2,281,15.0
0,3,281,13.0
0,4,281,19.0
0,0,282,11.0
0,1,282,14.0
0,2,282,18.0
0,3,282,16.0
0,4,282,22.0
0,0,283,22.0
0,1,283,23.0
0,2,283,13.0
0,3,283,9.0
0,4,283,29.0
0,0,284,13.0
0,1,284,15.0
0,2,284,14.0
0,3,284,12.0
0,4,284,11.0
0,0,285,14.0
0,1,285,14.0
0,2,285,14.0
0,3,285,16.0
0,4,285,20.0
0,0,286,18.0
0,1,286,13.0
0,2,286,12.0
0,3,286,16.0
0,4,286,27.0
0,0,287,26.0
0,1,287,18.0
0,2,287,15.0
0,3,287,18.0
0,4,287,20.0
0,0,288,40.0
0,1,288,11.0
0,2,288,19.0
0,3,288,13.0
0,4,288,34.0
0,0,289,15.0
0,1,289,14.0
0,2,289,26.0
0,3,289,15.0
0,4,289,19.0
0,0,290,18.0
0,1,290,16.0
0,2,290,21.0
0,3,290,13.0
0,4,290,9.0
0,0,291,33.0
0,1,291,35.0
0,2,291,11.0
0,3,291,10.0
0,4,291,12.0
0,0,292,24.0
0,1,292,13.0
0,2,292,16.0
0,3,292,8.0
0,4,292,13.0
0,0,293,15.0
0,1,293,35.0
0,2,293,9.0
0,3,293,10.0
0,4,293,28.0
0,0,294,8.0
0,1,294,24.0
0,2,294,17.0
0,3,294,17.0
0,4,294,13.0
0,0,295,12.0
0,1,295,22.0
0,2,295,23.0
0,3,295,11.0
0,4,295,35.0
0,0,296,26.0
0,1,296,12.0
0,2,296,24.0
0,3,296,18.0
0,4,296,24.0
0,0,297,19.0
0,1,297,16.0
0,2,297,33.0
0,3,297,9.0
0,4,297,23.0
0,0,298,13.0
0,1,298,15.0
0,2,298,11.0
0,3,298,16.0
0,4,298,15.0
0,0,299,34.0
0,1,299,27.0
0,2,299,10.0
0,3,299,10.0
0,4,299,11.0
0,0,300,9.0
0,1,300,22.0
0,2,300,18.0
0,3,300,12.0
0,4,300,10.0
0,0,301,15.0
0,1,301,36.0
0,2,301,12.0
0,3,301,17.0
0,4,301,45.0
0,0,302,20.0
0,1,302,11.0
0,2,302,24.0
0,3,302,19.0
0,4,302,11.0
0,0,303,34.0
0,1,303,30.0
0,2,303,12.0
0,3,303,32.0
0,4,303,14.0
0,0,304,24.0
0,1,304,40.0
0,2,304,11.0
0,3,304,14.0
0,4,304,13.0
0,0,305,14.0
0,1,305,27.0
0,2,305,26.0
0,3,305,15.0
0,4,305,19.0
0,0,306,25.0
0,1,306,9.0
0,2,306,17.0
0,3,306,19.0
0,4,306,20.0
0,0,307,17.0
0,1,307,20.0
0,2,307,16.0
0,3,307,18.0
0,4,307,26.0
0,0,308,17.0
0,1,308,26.0
0,2,308,22.0
0,3,308,46.0
0,4,308,19.0
0,0,309,17.0
0,1,309,13.0
0,2,309,31.0
0,3,309,15.0
0,4,309,15.0
0,0,310,29.0
0,1,310,28.0
0,2,310,16.0
0,3,310,17.0
0,4,310,10.0
0,0,311,29.0
0,1,311,19.0
0,2,311,22.0
0,3,311,42.0
0,4,311,29.0
0,0,312,13.0
0,1,312,12.0
0,2,312,17.0
0,3,312,40.0
0,4,312,15.0
0,0,313,33.0
0,1,313,34.0
0,2,313,19.0
0,3,313,15.0
0,4,313,10.0
0,0,314,21.0
0,1,314,15.0
0,2,314,23.0
0,3,314,10.0
0,4,314,34.0
0,0,315,9.0
0,1,315,13.0
0,2,315,21.0
0,3,315,24.0
0,4,315,33.0
0,0,316,15.0
0,1,316,25.0
0,2,316,20.0
0,3,316,20.0
0,4,316,19.0
0,0,317,18.0
0,1,317,11.0
0,2,317,22.0
0,3,317,17.0
0,4,317,13.0
0,0,318,14.0
0,1,318,28.0
0,2,318,13.0
0,3,318,20.0
0,4,318,19.0
0,0,319,17.0
0,1,319,14.0
0,2,319,28.0
0,3,319,12.0
0,4,319,18.0
0,0,320,12.0
0,1,320,18.0
0,2,320,23.0
0,3,320,23.0
0,4,320,20.0
0,0,321,13.0
0,1,321,10.0
0,2,321,37.0
0,3,321,29.0
0,4,321,23.0
0,0,322,11.0
0,1,322,20.0
0,2,322,16.0
0,3,322,34.0
0,4,322,15.0
0,0,323,12.0
0,1,323,20.0
0,2,323,33.0
0,3,323,11.0
0,4,323,13.0
0,0,324,10.0
0,1,324,10.0
0,2,324,10.0
0,3,324,20.0
0,4,324,9.0
0,0,325,21.0
0,1,325,51.0
0,2,325,13.0
0,3,325,11.0
0,4,325,12.0
0,0,326,13.0
0,1,326,12.0
0,2,326,11.0
0,3,326,33.0
0,4,326,28.0
0,0,327,29.0
0,1,327,27.0
0,2,327,15.0
0,3,327,35.0
0,4,327,19.0
0,0,328,21.0
0,1,328,12.0
0,2,328,47.0
0,3,328,15.0
0,4,328,11.0
0,0,329,25.0
0,1,329,15.0
0,2,329,17.0
0,3,329,26.0
0,4,329,9.0
0,0,330,14.0
0,1,330,12.0
0,2,330,18.0
0,3,330,16.0
0,4,330,24.0
0,0,331,24.0
0,1,331,41.0
0,2,331,13.0
0,3,331,24.0
0,4,331,19.0
0,0,332,18.0
0,1,332,17.0
0,2,332,13.0
0,3,332,24.0
0,4,332,9.0
0,0,333,20.0
0,1,333,22.0
0,2,333,17.0
0,3,333,18.0
0,4,333,26.0
0,0,334,19.0
0,1,334,11.0
0,2,334,10.0
0,3,334,30.0
0,4,334,22.0
0,0,335,29.0
0,1,335,17.0
0,2,335,14.0
0,3,335,11.0
0,4,335,11.0
0,0,336,21.0
0,1,336,11.0
0,2,336,21.0
0,3,336,16.0
0,4,336,22.0
0,0,337,10.0
0,1,337,14.0
0,2,337,26.0
0,3,337,20.0
0,4,337,42.0
0,0,338,36.0
0,1,338,16.0
0,2,338,13.0
0,3,338,44.0
0,4,338,11.0
0,0,339,14.0
0,1,339,27.0
0,2,339,23.0
0,3,339,17.0
0,4,339,10.0
0,0,340,33.0
0,1,340,15.0
0,2,340,11.0
0,3,340,14.0
0,4,340,11.0
0,0,341,13.0
0,1,341,18.0
0,2,341,10.0
0,3,341,15.0
0,4,341,21.0
0,0,342,15.0
0,1,342,12.0
0,2,342,30.0
0,3,342,25.0
0,4,342,12.0
0,0,343,12.0
0,1,343,36.0
0,2,343,12.0
0,3,343,20.0
0,4,343,33.0
0,0,344,21.0
0,1,344,12.0
0,2,344,18.0
0,3,344,59.0
0,4,344,13.0
0,0,345,12.0
0,1,345,24.0
0,2,345,21.0
0,3,345,27.0
0,4,345,55.0
0,0,346,22.0
0,1,346,10.0
0,2,346,16.0
0,3,346,25.0
0,4,346,13.0
0,0,347,20.0
0,1,347,31.0
0,2,347,19.0
0,3,347,16.0
0,4,347,16.0
0,0,348,15.0
0,1,348,17.0
0,2,348,20.0
0,3,348,9.0
0,4,348,28.0
0,0,349,16.0
0,1,349,19.0
0,2,349,30.0
0,3,349,23.0
0,4,349,10.0
0,0,350,8.0
0,1,350,33.0
0,2,350,10.0
0,3,350,26.0
0,4,350,66.0
0,0,351,27.0
0,1,351,24.0
0,2,351,9.0
0,3,351,12.0
0,4,351,18.0
0,0,352,25.0
0,1,352,13.0
0,2,352,50.0
0,3,352,12.0
0,4,352,16.0
0,0,353,19.0
0,1,353,16.0
0,2,353,35.0
0,3,353,22.0
0,4,353,11.0
0,0,354,19.0
0,1,354,15.0
0,2,354,12.0
0,3,354,18.0
0,4,354,13.0
0,0,355,11.0
0,1,355,16.0
0,2,355,11.0
0,3,355,14.0
0,4,355,27.0
0,0,356,10.0
0,1,356,14.0
0,2,356,10.0
0,3,356,26.0
0,4,356,17.0
0,0,357,34.0
0,1,357,27.0
0,2,357,13.0
0,3,357,13.0
0,4,357,12.0
0,0,358,16.0
0,1,358,13.0
0,2,358,10.0
0,3,358,12.0
0,4,358,13.0
0,0,359,33.0
0,1,359,15.0
0,2,359,43.0
0,3,359,14.0
0,4,359,24.0
0,0,360,9.0
0,1,360,12.0
0,2,360,21.0
0,3,360,14.0
0,4,360,18.0
0,0,361,26.0
0,1,361,10.0
0,2,361,36.0
0,3,361,13.0
0,4,361,17.0
0,0,362,60.0
0,1,362,13.0
0,2,362,32.0
0,3,362,15.0
0,4,362,28.0
0,0,363,28.0
0,1,363,36.0
0,2,363,30.0
0,3,363,12.0
0,4,363,20.0
0,0,364,30.0
0,1,364,10.0
0,2,364,14.0
0,3,364,22.0
0,4,364,18.0
0,0,365,20.0
0,1,365,34.0
0,2,365,19.0
0,3,365,15.0
0,4,365,14.0
0,0,366,12.0
0,1,366,22.0
0,2,366,20.0
0,3,366,13.0
0,4,366,21.0
0,0,367,10.0
0,1,367,11.0
0,2,367,34.0
0,3,367,16.0
0,4,367,21.0
0,0,368,15.0
0,1,368,16.0
0,2,368,18.0
0,3,368,11.0
0,4,368,36.0
0,0,369,9.0
0,1,369,13.0
0,2,369,8.0
0,3,369,17.0
0,4,369,16.0
0,0,370,13.0
0,1,370,14.0
0,2,370,13.0
0,3,370,10.0
0,4,370,34.0
0,0,371,11.0
0,1,371,8.0
0,2,371,14.0
0,3,371,18.0
0,4,371,20.0
0,0,372,15.0
0,1,372,11.0
0,2,372,27.0
0,3,372,27.0
0,4,372,13.0
0,0,373,16.0
0,1,373,24.0
0,2,373,11.0
0,3,373,14.0
0,4,373,16.0
0,0,374,13.0
0,1,374,30.0
0,2,374,17.0
0,3,374,9.0
0,4,374,19.0
0,0,375,44.0
0,1,375,11.0
0,2,375,18.0
0,3,375,11.0
0,4,375,12.0
0,0,376,18.0
0,1,376,40.0
0,2,376,38.0
0,3,376,13.0
0,4,376,11.0
0,0,377,15.0
0,1,377,24.0
0,2,377,14.0
0,3,377,10.0
0,4,377,32.0
0,0,378,10.0
0,1,378,37.0
0,2,378,12.0
0,3,378,23.0
0,4,378,11.0
0,0,379,12.0
0,1,379,16.0
0,2,379,48.0
0,3,379,10.0
0,4,379,18.0
0,0,380,9.0
0,1,380,24.0
0,2,380,8.0
0,3,380,12.0
0,4,380,17.0
0,0,381,10.0
0,1,381,12.0
0,2,381,15.0
0,3,381,26.0
0,4,381,27.0
0,0,382,12.0
0,1,382,17.0
0,2,382,15.0
0,3,382,14.0
0,4,382,17.0
0,0,383,22.0
0,1,383,10.0
0,2,383,29.0
0,3,383,21.0
0,4,383,13.0
0,0,384,13.0
0,1,384,28.0
0,2,384,21.0
0,3,384,32.0
0,4,384,20.0
0,0,385,10.0
0,1,385,14.0
0,2,385,14.0
0,3,385,18.0
0,4,385,16.0
0,0,386,21.0
0,1,386,12.0
0,2,386,11.0
0,3,386,46.0
0,4,386,20.0
0,0,387,13.0
0,1,387,25.0
0,2,387,25.0
0,3,387,17.0
0,4,387,14.0
0,0,388,14.0
0,1,388,11.0
0,2,388,20.0
0,3,388,24.0
0,4,388,30.0
0,0,389,9.0
0,1,389,8.0
0,2,389,18.0
0,3,389,15.0
0,4,389,28.0
0,0,390,35.0
0,1,390,13.0
0,2,390,18.0
0,3,390,14.0
0,4,390,22.0
0,0,391,26.0
0,1,391,20.0
0,2,391,15.0
0,3,391,23.0
0,4,391,19.0
0,0,392,12.0
0,1,392,20.0
0,2,392,9.0
0,3,392,17.0
0,4,392,41.0
0,0,393,18.0
0,1,393,47.0
0,2,393,12.0
0,3,393,17.0
0,4,393,22.0
0,0,394,11.0
0,1,394,23.0
0,2,394,10.0
0,3,394,21.0
0,4,394,35.0
0,0,395,14.0
0,1,395,14.0
0,2,395,15.0
0,3,395,11.0
0,4,395,19.0
0,0,396,11.0
0,1,396,21.0
0,2,396,15.0
0,3,396,26.0
0,4,396,20.0
0,0,397,13.0
0,1,397,14.0
0,2,397,11.0
0,3,397,16.0
0,4,397,9.0
0,0,398,17.0
0,1,398,15.0
0,2,398,11.0
0,3,398,15.0
0,4,398,11.0
0,0,399,51.0
0,1,399,10.0
0,2,399,23.0
0,3,399,16.0
0,4,399,52.0
0,0,400,14.0
0,1,400,33.0
0,2,400,11.0
0,3,400,17.0
0,4,400,29.0
0,0,401,13.0
0,1,401,14.0
0,2,401,35.0
0,3,401,12.0
0,4,401,31.0
0,0,402,13.0
0,1,402,10.0
0,2,402,13.0
0,3,402,24.0
0,4,402,12.0
0,0,403,14.0
0,1,403,10.0
0,2,403,16.0
0,3,403,14.0
0,4,403,20.0
0,0,404,19.0
0,1,404,11.0
0,2,404,24.0
0,3,404,14.0
0,4,404,15.0
0,0,405,16.0
0,1,405,16.0
0,2,405,9.0
0,3,405,16.0
0,4,405,12.0
0,0,406,12.0
0,1,406,15.0
0,2,406,12.0
0,3,406,16.0
0,4,406,18.0
0,0,407,24.0
0,1,407,18.0
0,2,407,16.0
0,3,407,10.0
0,4,407,23.0
0,0,408,10.0
0,1,408,10.0
0,2,408,14.0
0,3,408,12.0
0,4,408,19.0
0,0,409,14.0
0,1,409,23.0
0,2,409,14.0
0,3,409,10.0
0,4,409,9.0
0,0,410,15.0
0,1,410,32.0
0,2,410,13.0
0,3,410,13.0
0,4,410,14.0
0,0,411,16.0
0,1,411,12.0
0,2,411,14.0
0,3,411,13.0
0,4,411,61.0
0,0,412,19.0
0,1,412,14.0
0,2,412,15.0
0,3,412,10.0
0,4,412,25.0
0,0,413,23.0
0,1,413,14.0
0,2,413,13.0
0,3,413,24.0
0,4,413,13.0
0,0,414,12.0
0,1,414,21.0
0,2,414,19.0
0,3,414,15.0
0,4,414,11.0
0,0,415,23.0
0,1,415,42.0
0,2,415,11.0
0,3,415,32.0
0,4,415,32.0
0,0,416,32.0
0,1,416,16.0
0,2,416,18.0
0,3,416,16.0
0,4,416,10.0
0,0,417,17.0
0,1,417,30.0
0,2,417,15.0
0,3,417,16.0
0,4,417,16.0
0,0,418,17.0
0,1,418,81.0
0,2,418,23.0
0,3,418,24.0
0,4,418,14.0
0,0,419,13.0
0,1,419,11.0
0,2,419,32.0
0,3,419,32.0
0,4,419,29.0
0,0,420,23.0
0,1,420,25.0
0,2,420,21.0
0,3,420,13.0
0,4,420,17.0
0,0,421,19.0
0,1,421,22.0
0,2,421,13.0
0,3,421,14.0
0,4,421,11.0
0,0,422,18.0
0,1,422,41.0
0,2,422,18.0
0,3,422,12.0
0,4,422,19.0
0,0,423,36.0
0,1,423,12.0
0,2,423,11.0
0,3,423,12.0
0,4,423,21.0
0,0,424,40.0
0,1,424,15.0
0,2,424,24.0
0,3,424,13.0
0,4,424,25.0
0,0,425,10.0
0,1,425,13.0
0,2,425,28.0
0,3,425,13.0
0,4,425,10.0
0,0,426,15.0
0,1,426,13.0
0,2,426,25.0
0,3,426,14.0
0,4,426,17.0
0,0,427,22.0
0,1,427,20.0
0,2,427,11.0
0,3,427,12.0
0,4,427,17.0
0,0,428,12.0
0,1,428,10.0
0,2,428,24.0
0,3,428,15.0
0,4,428,16.0
0,0,429,27.0
0,1,429,24.0
0,2,429,21.0
0,3,429,12.0
0,4,429,13.0
0,0,430,11.0
0,1,430,23.0
0,2,430,11.0
0,3,430,27.0
0,4,430,13.0
0,0,431,24.0
0,1,431,13.0
0,2,431,11.0
0,3,431,17.0
0,4,431,18.0
0,0,432,16.0
0,1,432,12.0
0,2,432,18.0
0,3,432,18.0
0,4,432,31.0
0,0,433,18.0
0,1,433,14.0
0,2,433,15.0
0,3,433,15.0
0,4,433,53.0
0,0,434,24.0
0,1,434,10.0
0,2,434,16.0
0,3,434,12.0
0,4,434,21.0
0,0,435,13.0
0,1,435,11.0
0,2,435,15.0
0,3,435,18.0
0,4,435,11.0
0,0,436,21.0
0,1,436,10.0
0,2,436,12.0
0,3,436,21.0
0,4,436,11.0
0,0,437,19.0
0,1,437,14.0
0,2,437,17.0
0,3,437,26.0
0,4,437,23.0
0,0,438,29.0
0,1,438,20.0
0,2,438,24.0
0,3,438,19.0
0,4,438,14.0
0,0,439,15.0
0,1,439,19.0
0,2,439,11.0
0,3,439,11.0
0,4,439,15.0
0,0,440,11.0
0,1,440,15.0
0,2,440,32.0
0,3,440,13.0
0,4,440,34.0
0,0,441,10.0
0,1,441,35.0
0,2,441,38.0
0,3,441,25.0
0,4,441,14.0
0,0,442,15.0
0,1,442,48.0
0,2,442,15.0
0,3,442,19.0
0,4,442,15.0
0,0,443,11.0
0,1,443,15.0
0,2,443,12.0
0,3,443,31.0
0,4,443,15.0
0,0,444,11.0
0,1,444,10.0
0,2,444,10.0
0,3,444,15.0
0,4,444,30.0
0,0,445,20.0
0,1,445,15.0
0,2,445,31.0
0,3,445,41.0
0,4,445,31.0
0,0,446,10.0
0,1,446,25.0
0,2,446,15.0
0,3,446,20.0
0,4,446,24.0
0,0,447,13.0
0,1,447,25.0
0,2,447,12.0
0,3,447,15.0
0,4,447,16.0
0,0,448,30.0
0,1,448,16.0
0,2,448,11.0
0,3,448,15.0
0,4,448,22.0
0,0,449,14.0
0,1,449,11.0
0,2,449,15.0
0,3,449,17.0
0,4,449,14.0
0,0,450,15.0
0,1,450,12.0
0,2,450,16.0
0,3,450,9.0
0,4,450,12.0
0,0,451,46.0
0,1,451,15.0
0,2,451,33.0
0,3,451,34.0
0,4,451,19.0
0,0,452,11.0
0,1,452,12.0
0,2,452,16.0
0,3,452,33.0
0,4,452,18.0
0,0,453,35.0
0,1,453,15.0
0,2,453,9.0
0,3,453,13.0
0,4,453,11.0
0,0,454,14.0
0,1,454,25.0
0,2,454,18.0
0,3,454,19.0
0,4,454,13.0
0,0,455,25.0
0,1,455,19.0
0,2,455,20.0
0,3,455,30.0
0,4,455,40.0
0,0,456,12.0
0,1,456,26.0
0,2,456,14.0
0,3,456,17.0
0,4,456,16.0
0,0,457,23.0
0,1,457,11.0
0,2,457,13.0
0,3,457,11.0
0,4,457,36.0
0,0,458,17.0
0,1,458,14.0
0,2,458,18.0
0,3,458,15.0
0,4,458,15.0
0,0,459,11.0
0,1,459,15.0
0,2,459,19.0
0,3,459,14.0
0,4,459,14.0
0,0,460,28.0
0,1,460,27.0
0,2,460,10.0
0,3,460,12.0
0,4,460,18.0
0,0,461,9.0
0,1,461,16.0
0,2,461,14.0
0,3,461,19.0
0,4,461,26.0
0,0,462,13.0
0,1,462,17.0
0,2,462,21.0
0,3,462,22.0
0,4,462,18.0
0,0,463,12.0
0,1,463,17.0
0,2,463,17.0
0,3,463,10.0
0,4,463,12.0
0,0,464,23.0
0,1,464,24.0
0,2,464,12.0
0,3,464,35.0
0,4,464,22.0
0,0,465,32.0
0,1,465,12.0
0,2,465,10.0
0,3,465,17.0
0,4,465,13.0
0,0,466,14.0
0,1,466,14.0
0,2,466,18.0
0,3,466,22.0
0,4,466,26.0
0,0,467,28.0
0,1,467,38.0
0,2,467,11.0
0,3,467,24.0
0,4,467,15.0
0,0,468,10.0
0,1,468,27.0
0,2,468,10.0
0,3,468,15.0
0,4,468,11.0
0,0,469,10.0
0,1,469,16.0
0,2,469,22.0
0,3,469,29.0
0,4,469,25.0
0,0,470,14.0
0,1,470,17.0
0,2,470,25.0
0,3,470,14.0
0,4,470,14.0
0,0,471,17.0
0,1,471,22.0
0,2,471,22.0
0,3,471,10.0
0,4,471,15.0
0,0,472,12.0
0,1,472,16.0
0,2,472,29.0
0,3,472,24.0
0,4,472,39.0
0,0,473,57.0
0,1,473,32.0
0,2,473,23.0
0,3,473,13.0
0,4,473,16.0
0,0,474,15.0
0,1,474,37.0
0,2,474,9.0
0,3,474,27.0
0,4,474,14.0
0,0,475,9.0
0,1,475,14.0
0,2,475,13.0
0,3,475,17.0
0,4,475,29.0
0,0,476,15.0
0,1,476,12.0
0,2,476,12.0
0,3,476,30.0
0,4,476,20.0
0,0,477,11.0
0,1,477,24.0
0,2,477,11.0
0,3,477,9.0
0,4,477,13.0
0,0,478,41.0
0,1,478,9.0
0,2,478,16.0
0,3,478,14.0
0,4,478,16.0
0,0,479,12.0
0,1,479,11.0
0,2,479,22.0
0,3,479,13.0
0,4,479,24.0
0,0,480,14.0
0,1,480,17.0
0,2,480,16.0
0,3,480,35.0
0,4,480,20.0
0,0,481,15.0
0,1,481,9.0
0,2,481,52.0
0,3,481,20.0
0,4,481,28.0
0,0,482,13.0
0,1,482,14.0
0,2,482,25.0
0,3,482,16.0
0,4,482,17.0
0,0,483,9.0
0,1,483,28.0
0,2,483,19.0
0,3,483,12.0
0,4,483,17.0
0,0,484,22.0
0,1,484,21.0
0,2,484,21.0
0,3,484,13.0
0,4,484,20.0
0,0,485,12.0
0,1,485,11.0
0,2,485,22.0
0,3,485,11.0
0,4,485,15.0
0,0,486,36.0
0,1,486,12.0
0,2,486,23.0
0,3,486,11.0
0,4,486,19.0
0,0,487,21.0
0,1,487,10.0
0,2,487,24.0
0,3,487,10.0
0,4,487,34.0
0,0,488,27.0
0,1,488,11.0
0,2,488,44.0
0,3,488,23.0
0,4,488,23.0
0,0,489,36.0
0,1,489,47.0
0,2,489,11.0
0,3,489,17.0
0,4,489,21.0
0,0,490,12.0
0,1,490,23.0
0,2,490,20.0
0,3,490,19.0
0,4,490,13.0
0,0,491,23.0
0,1,491,22.0
0,2,491,28.0
0,3,491,14.0
0,4,491,21.0
0,0,492,19.0
0,1,492,22.0
0,2,492,12.0
0,3,492,12.0
0,4,492,13.0
0,0,493,32.0
0,1,493,18.0
0,2,493,10.0
0,3,493,16.0
0,4,493,34.0
0,0,494,12.0
0,1,494,14.0
0,2,494,24.0
0,3,494,16.0
0,4,494,19.0
0,0,495,13.0
0,1,495,18.0
0,2,495,19.0
0,3,495,11.0
0,4,495,23.0
0,0,496,11.0
0,1,496,17.0
0,2,496,20.0
0,3,496,14.0
0,4,496,27.0
0,0,497,12.0
0,1,497,20.0
0,2,497,13.0
0,3,497,14.0
0,4,497,28.0
0,0,498,31.0
0,1,498,13.0
0,2,498,10.0
0,3,498,15.0
0,4,498,17.0
0,0,499,21.0
0,1,499,13.0
0,2,499,10.0
0,3,499,13.0
0,4,499,25.0
0,0,500,16.0
0,1,500,10.0
0,2,500,19.0
0,3,500,19.0
0,4,500,24.0
0,0,501,16.0
0,1,501,16.0
0,2,501,16.0
0,3,501,33.0
0,4,501,18.0
0,0,502,10.0
0,1,502,14.0
0,2,502,19.0
0,3,502,14.0
0,4,502,15.0
0,0,503,12.0
0,1,503,17.0
0,2,503,17.0
0,3,503,12.0
0,4,503,12.0
0,0,504,14.0
0,1,504,13.0
0,2,504,22.0
0,3,504,10.0
0,4,504,16.0
0,0,505,16.0
0,1,505,14.0
0,2,505,12.0
0,3,505,10.0
0,4,505,12.0
0,0,506,11.0
0,1,506,17.0
0,2,506,19.0
0,3,506,11.0
0,4,506,13.0
0,0,507,17.0
0,1,507,27.0
0,2,507,11.0
0,3,507,20.0
0,4,507,27.0
0,0,508,10.0
0,1,508,27.0
0,2,508,25.0
0,3,508,24.0
0,4,508,11.0
0,0,509,24.0
0,1,509,11.0
0,2,509,20.0
0,3,509,37.0
0,4,509,38.0
0,0,510,13.0
0,1,510,12.0
0,2,510,16.0
0,3,510,21.0
0,4,510,26.0
0,0,511,10.0
0,1,511,8.0
0,2,511,10.0
0,3,511,12.0
0,4,511,26.0
0,0,512,17.0
0,1,512,18.0
0,2,512,9.0
0,3,512,16.0
0,4,512,11.0
0,0,513,17.0
0,1,513,14.0
0,2,513,11.0
0,3,513,20.0
0,4,513,10.0
0,0,514,18.0
0,1,514,11.0
0,2,514,18.0
0,3,514,20.0
0,4,514,17.0
0,0,515,13.0
0,1,515,16.0
0,2,515,14.0
0,3,515,11.0
0,4,515,13.0
0,0,516,21.0
0,1,516,58.0
0,2,516,21.0
0,3,516,25.0
0,4,516,41.0
0,0,517,11.0
0,1,517,19.0
0,2,517,22.0
0,3,517,77.0
0,4,517,21.0
0,0,518,12.0
0,1,518,39.0
0,2,518,14.0
0,3,518,22.0
0,4,518,35.0
0,0,519,15.0
0,1,519,34.0
0,2,519,23.0
0,3,519,9.0
0,4,519,16.0
0,0,520,13.0
0,1,520,16.0
0,2,520,14.0
0,3,520,18.0
0,4,520,16.0
0,0,521,13.0
0,1,521,14.0
0,2,521,9.0
0,3,521,24.0
0,4,521,21.0
0,0,522,10.0
0,1,522,13.0
0,2,522,24.0
0,3,522,27.0
0,4,522,15.0
0,0,523,12.0
0,1,523,24.0
0,2,523,11.0
0,3,523,13.0
0,4,523,12.0
0,0,524,22.0
0,1,524,15.0
0,2,524,9.0
0,3,524,21.0
0,4,524,18.0
0,0,525,20.0
0,1,525,18.0
0,2,525,13.0
0,3,525,10.0
0,4,525,23.0
0,0,526,16.0
0,1,526,12.0
0,2,526,29.0
0,3,526,11.0
0,4,526,15.0
0,0,527,35.0
0,1,527,19.0
0,2,527,10.0
0,3,527,16.0
0,4,527,14.0
0,0,528,9.0
0,1,528,18.0
0,2,528,12.0
0,3,528,31.0
0,4,528,13.0
0,0,529,13.0
0,1,529,15.0
0,2,529,12.0
0,3,529,12.0
0,4,529,38.0
0,0,530,15.0
0,1,530,18.0
0,2,530,10.0
0,3,530,22.0
0,4,530,38.0
0,0,531,12.0
0,1,531,11.0
0,2,531,14.0
0,3,531,14.0
0,4,531,13.0
0,0,532,19.0
0,1,532,16.0
0,2,532,16.0
0,3,532,9.0
0,4,532,15.0
0,0,533,61.0
0,1,533,42.0
0,2,533,19.0
0,3,533,15.0
0,4,533,11.0
0,0,534,13.0
0,1,534,14.0
0,2,534,22.0
0,3,534,12.0
0,4,534,18.0
0,0,535,20.0
0,1,535,16.0
0,2,535,24.0
0,3,535,15.0
0,4,535,14.0
0,0,536,21.0
0,1,536,25.0
0,2,536,16.0
0,3,536,31.0
0,4,536,18.0
0,0,537,16.0
0,1,537,20.0
0,2,537,44.0
0,3,537,20.0
0,4,537,20.0
0,0,538,29.0
0,1,538,12.0
0,2,538,19.0
0,3,538,9.0
0,4,538,37.0
0,0,539,26.0
0,1,539,26.0
0,2,539,43.0
0,3,539,10.0
0,4,539,9.0
0,0,540,26.0
0,1,540,14.0
0,2,540,12.0
0,3,540,11.0
0,4,540,8.0
0,0,541,25.0
0,1,541,42.0
0,2,541,19.0
0,3,541,16.0
0,4,541,19.0
0,0,542,21.0
0,1,542,19.0
0,2,542,32.0
0,3,542,16.0
0,4,542,8.0
0,0,543,17.0
0,1,543,23.0
0,2,543,11.0
0,3,543,10.0
0,4,543,11.0
0,0,544,16.0
0,1,544,21.0
0,2,544,12.0
0,3,544,11.0
0,4,544,47.0
0,0,545,34.0
0,1,545,16.0
0,2,545,15.0
0,3,545,15.0
0,4,545,19.0
0,0,546,27.0
0,1,546,19.0
0,2,546,32.0
0,3,546,10.0
0,4,546,13.0
0,0,547,19.0
0,1,547,14.0
0,2,547,8.0
0,3,547,26.0
0,4,547,27.0
0,0,548,29.0
0,1,548,10.0
0,2,548,11.0
0,3,548,20.0
0,4,548,15.0
0,0,549,27.0
0,1,549,10.0
0,2,549,30.0
0,3,549,34.0
0,4,549,11.0
0,0,550,10.0
0,1,550,24.0
0,2,550,22.0
0,3,550,24.0
0,4,550,35.0
0,0,551,17.0
0,1,551,12.0
0,2,551,17.0
0,3,551,18.0
0,4,551,18.0
0,0,552,19.0
0,1,552,13.0
0,2,552,16.0
0,3,552,20.0
0,4,552,15.0
0,0,553,12.0
0,1,553,11.0
0,2,553,10.0
0,3,553,11.0
0,4,553,12.0
0,0,554,18.0
0,1,554,25.0
0,2,554,20.0
0,3,554,11.0
0,4,554,11.0
0,0,555,13.0
0,1,555,11.0
0,2,555,15.0
0,3,555,9.0
0,4,555,16.0
0,0,556,13.0
0,1,556,22.0
0,2,556,10.0
0,3,556,18.0
0,4,556,28.0
0,0,557,32.0
0,1,557,35.0
0,2,557,40.0
0,3,557,12.0
0,4,557,20.0
0,0,558,16.0
0,1,558,21.0
0,2,558,16.0
0,3,558,11.0
0,4,558,31.0
0,0,559,26.0
0,1,559,17.0
0,2,559,20.0
0,3,559,8.0
0,4,559,14.0
0,0,560,27.0
0,1,560,17.0
0,2,560,21.0
0,3,560,14.0
0,4,560,18.0
0,0,561,52.0
0,1,561,37.0
0,2,561,19.0
0,3,561,11.0
0,4,561,29.0
0,0,562,22.0
0,1,562,10.0
0,2,562,20.0
0,3,562,20.0
0,4,562,27.0
0,0,563,12.0
0,1,563,12.0
0,2,563,14.0
0,3,563,36.0
0,4,563,14.0
0,0,564,19.0
0,1,564,13.0
0,2,564,23.0
0,3,564,9.0
0,4,564,36.0
0,0,565,12.0
0,1,565,14.0
0,2,565,12.0
0,3,565,15.0
0,4,565,17.0
0,0,566,16.0
0,1,566,11.0
0,2,566,16.0
0,3,566,12.0
0,4,566,13.0
0,0,567,14.0
0,1,567,47.0
0,2,567,32.0
0,3,567,12.0
0,4,567,11.0
0,0,568,15.0
0,1,568,49.0
0,2,568,16.0
0,3,568,13.0
0,4,568,58.0
0,0,569,16.0
0,1,569,12.0
0,2,569,15.0
0,3,569,13.0
0,4,569,13.0
0,0,570,25.0
0,1,570,20.0
0,2,570,11.0
0,3,570,43.0
0,4,570,14.0
0,0,571,9.0
0,1,571,22.0
0,2,571,15.0
0,3,571,15.0
0,4,571,22.0
0,0,572,29.0
0,1,572,31.0
0,2,572,10.0
0,3,572,14.0
0,4,572,10.0
0,0,573,22.0
0,1,573,14.0
0,2,573,18.0
0,3,573,9.0
0,4,573,21.0
0,0,574,21.0
0,1,574,11.0
0,2,574,9.0
0,3,574,15.0
0,4,574,32.0
0,0,575,37.0
0,1,575,53.0
0,2,575,21.0
0,3,575,21.0
0,4,575,9.0
0,0,576,23.0
0,1,576,22.0
0,2,576,17.0
0,3,576,27.0
0,4,576,36.0
0,0,577,33.0
0,1,577,15.0
0,2,577,18.0
0,3,577,24.0
0,4,577,31.0
0,0,578,24.0
0,1,578,10.0
0,2,578,11.0
0,3,578,11.0
0,4,578,15.0
0,0,579,38.0
0,1,579,43.0
0,2,579,13.0
0,3,579,12.0
0,4,579,17.0
0,0,580,10.0
0,1,580,21.0
0,2,580,23.0
0,3,580,9.0
0,4,580,15.0
0,0,581,20.0
0,1,581,19.0
0,2,581,17.0
0,3,581,17.0
0,4,581,10.0
0,0,582,32.0
0,1,582,36.0
0,2,582,14.0
0,3,582,29.0
0,4,582,20.0
0,0,583,30.0
0,1,583,28.0
0,2,583,11.0
0,3,583,23.0
0,4,583,11.0
0,0,584,11.0
0,1,584,17.0
0,2,584,52.0
0,3,584,13.0
0,4,584,23.0
0,0,585,14.0
0,1,585,13.0
0,2,585,27.0
0,3,585,15.0
0,4,585,11.0
0,0,586,42.0
0,1,586,10.0
0,2,586,31.0
0,3,586,17.0
0,4,586,15.0
0,0,587,12.0
0,1,587,10.0
0,2,587,9.0
0,3,587,27.0
0,4,587,12.0
0,0,588,41.0
0,1,588,21.0
0,2,588,13.0
0,3,588,22.0
0,4,588,12.0
0,0,589,16.0
0,1,589,41.0
0,2,589,20.0
0,3,589,40.0
0,4,589,9.0
0,0,590,20.0
0,1,590,25.0
0,2,590,21.0
0,3,590,29.0
0,4,590,15.0
0,0,591,14.0
0,1,591,20.0
0,2,591,26.0
0,3,591,14.0
0,4,591,12.0
0,0,592,12.0
0,1,592,22.0
0,2,592,29.0
0,3,592,10.0
0,4,592,25.0
0,0,593,15.0
0,1,593,31.0
0,2,593,10.0
0,3,593,19.0
0,4,593,37.0
0,0,594,45.0
0,1,594,15.0
0,2,594,12.0
0,3,594,18.0
0,4,594,28.0
0,0,595,13.0
0,1,595,27.0
0,2,595,12.0
0,3,595,23.0
0,4,595,17.0
0,0,596,20.0
0,1,596,12.0
0,2,596,22.0
0,3,596,17.0
0,4,596,33.0
0,0,597,29.0
0,1,597,12.0
0,2,597,10.0
0,3,597,43.0
0,4,597,10.0
0,0,598,14.0
0,1,598,30.0
0,2,598,10.0
0,3,598,28.0
0,4,598,16.0
0,0,599,14.0
0,1,599,11.0
0,2,599,9.0
0,3,599,31.0
0,4,599,22.0
0,0,600,18.0
0,1,600,17.0
0,2,600,19.0
0,3,600,9.0
0,4,600,15.0
0,0,601,21.0
0,1,601,17.0
0,2,601,14.0
0,3,601,13.0
0,4,601,30.0
0,0,602,16.0
0,1,602,17.0
0,2,602,13.0
0,3,602,15.0
0,4,602,25.0
0,0,603,16.0
0,1,603,26.0
0,2,603,13.0
0,3,603,18.0
0,4,603,13.0
0,0,604,16.0
0,1,604,16.0
0,2,604,18.0
0,3,604,11.0
0,4,604,13.0
0,0,605,29.0
0,1,605,23.0
0,2,605,11.0
0,3,605,17.0
0,4,605,18.0
0,0,606,10.0
0,1,606,12.0
0,2,606,13.0
0,3,606,44.0
0,4,606,16.0
0,0,607,49.0
0,1,607,17.0
0,2,607,15.0
0,3,607,25.0
0,4,607,15.0
0,0,608,20.0
0,1,608,9.0
0,2,608,13.0
0,3,608,15.0
0,4,608,22.0
0,0,609,14.0
0,1,609,13.0
0,2,609,10.0
0,3,609,11.0
0,4,609,27.0
0,0,610,10.0
0,1,610,10.0
0,2,610,21.0
0,3,610,17.0
0,4,610,10.0
0,0,611,18.0
0,1,611,18.0
0,2,611,21.0
0,3,611,12.0
0,4,611,13.0
0,0,612,14.0
0,1,612,22.0
0,2,612,13.0
0,3,612,13.0
0,4,612,9.0
0,0,613,20.0
0,1,613,15.0
0,2,613,9.0
0,3,613,24.0
0,4,613,10.0
0,0,614,21.0
0,1,614,21.0
0,2,614,13.0
0,3,614,12.0
0,4,614,13.0
0,0,615,11.0
0,1,615,40.0
0,2,615,14.0
0,3,615,16.0
0,4,615,10.0
0,0,616,14.0
0,1,616,13.0
0,2,616,12.0
0,3,616,17.0
0,4,616,10.0
0,0,617,18.0
0,1,617,28.0
0,2,617,24.0
0,3,617,13.0
0,4,617,11.0
0,0,618,18.0
0,1,618,8.0
0,2,618,21.0
0,3,618,17.0
0,4,618,18.0
0,0,619,36.0
0,1,619,12.0
0,2,619,19.0
0,3,619,10.0
0,4,619,26.0
0,0,620,12.0
0,1,620,16.0
0,2,620,50.0
0,3,620,15.0
0,4,620,28.0
0,0,621,12.0
0,1,621,18.0
0,2,621,20.0
0,3,621,20.0
0,4,621,11.0
0,0,622,12.0
0,1,622,14.0
0,2,622,47.0
0,3,622,18.0
0,4,622,34.0
0,0,623,45.0
0,1,623,20.0
0,2,623,31.0
0,3,623,12.0
0,4,623,10.0
0,0,624,16.0
0,1,624,8.0
0,2,624,36.0
0,3,624,11.0
0,4,624,22.0
0,0,625,13.0
0,1,625,12.0
0,2,625,19.0
0,3,625,20.0
0,4,625,30.0
0,0,626,30.0
0,1,626,16.0
0,2,626,28.0
0,3,626,19.0
0,4,626,32.0
0,0,627,11.0
0,1,627,13.0
0,2,627,18.0
0,3,627,43.0
0,4,627,15.0
0,0,628,14.0
0,1,628,18.0
0,2,628,18.0
0,3,628,12.0
0,4,628,12.0
0,0,629,19.0
0,1,629,27.0
0,2,629,16.0
0,3,629,12.0
0,4,629,43.0
0,0,630,24.0
0,1,630,18.0
0,2,630,12.0
0,3,630,19.0
0,4,630,22.0
0,0,631,16.0
0,1,631,13.0
0,2,631,10.0
0,3,631,14.0
0,4,631,20.0
0,0,632,32.0
0,1,632,11.0
0,2,632,17.0
0,3,632,9.0
0,4,632,27.0
0,0,633,17.0
0,1,633,17.0
0,2,633,29.0
0,3,633,49.0
0,4,633,16.0
0,0,634,30.0
0,1,634,13.0
0,2,634,18.0
0,3,634,12.0
0,4,634,16.0
0,0,635,26.0
0,1,635,20.0
0,2,635,12.0
0,3,635,9.0
0,4,635,33.0
0,0,636,12.0
0,1,636,23.0
0,2,636,11.0
0,3,636,13.0
0,4,636,21.0
0,0,637,32.0
0,1,637,11.0
0,2,637,12.0
0,3,637,17.0
0,4,637,13.0
0,0,638,33.0
0,1,638,16.0
0,2,638,14.0
0,3,638,15.0
0,4,638,17.0
0,0,639,39.0
0,1,639,48.0
0,2,639,24.0
0,3,639,14.0
0,4,639,16.0
0,0,640,40.0
0,1,640,11.0
0,2,640,11.0
0,3,640,22.0
0,4,640,15.0
0,0,641,51.0
0,1,641,31.0
0,2,641,75.0
0,3,641,17.0
0,4,641,28.0
0,0,642,25.0
0,1,642,14.0
0,2,642,15.0
0,3,642,12.0
0,4,642,21.0
0,0,643,12.0
0,1,643,19.0
0,2,643,13.0
0,3,643,9.0
0,4,643,20.0
0,0,644,17.0
0,1,644,17.0
0,2,644,15.0
0,3,644,12.0
0,4,644,9.0
0,0,645,23.0
0,1,645,13.0
0,2,645,10.0
0,3,645,31.0
0,4,645,30.0
0,0,646,11.0
0,1,646,21.0
0,2,646,12.0
0,3,646,43.0
0,4,646,13.0
0,0,647,10.0
0,1,647,12.0
0,2,647,24.0
0,3,647,26.0
0,4,647,27.0
0,0,648,32.0
0,1,648,31.0
0,2,648,9.0
0,3,648,16.0
0,4,648,10.0
0,0,649,19.0
0,1,649,11.0
0,2,649,15.0
0,3,649,30.0
0,4,649,9.0
0,0,650,18.0
0,1,650,25.0
0,2,650,12.0
0,3,650,22.0
0,4,650,15.0
0,0,651,29.0
0,1,651,28.0
0,2,651,13.0
0,3,651,22.0
0,4,651,33.0
0,0,652,24.0
0,1,652,10.0
0,2,652,11.0
0,3,652,17.0
0,4,652,23.0
0,0,653,15.0
0,1,653,15.0
0,2,653,14.0
0,3,653,10.0
0,4,653,10.0
0,0,654,12.0
0,1,654,15.0
0,2,654,15.0
0,3,654,13.0
0,4,654,15.0
0,0,655,20.0
0,1,655,9.0
0,2,655,14.0
0,3,655,13.0
0,4,655,23.0
0,0,656,12.0
0,1,656,23.0
0,2,656,20.0
0,3,656,10.0
0,4,656,11.0
0,0,657,13.0
0,1,657,14.0
0,2,657,18.0
0,3,657,14.0
0,4,657,40.0
0,0,658,25.0
0,1,658,18.0
0,2,658,13.0
0,3,658,14.0
0,4,658,12.0
0,0,659,10.0
0,1,659,33.0
0,2,659,44.0
0,3,659,10.0
0,4,659,10.0
0,0,660,33.0
0,1,660,16.0
0,2,660,18.0
0,3,660,16.0
0,4,660,17.0
0,0,661,11.0
0,1,661,26.0
0,2,661,29.0
0,3,661,13.0
0,4,661,11.0
0,0,662,10.0
0,1,662,43.0
0,2,662,26.0
0,3,662,9.0
0,4,662,24.0
0,0,663,17.0
0,1,663,22.0
0,2,663,17.0
0,3,663,18.0
0,4,663,17.0
0,0,664,16.0
0,1,664,44.0
0,2,664,52.0
0,3,664,13.0
0,4,664,18.0
0,0,665,64.0
0,1,665,10.0
0,2,665,17.0
0,3,665,19.0
0,4,665,22.0
0,0,666,23.0
0,1,666,28.0
0,2,666,16.0
0,3,666,23.0
0,4,666,76.0
0,0,667,15.0
0,1,667,31.0
0,2,667,14.0
0,3,667,10.0
0,4,667,14.0
0,0,668,14.0
0,1,668,25.0
0,2,668,14.0
0,3,668,17.0
0,4,668,13.0
0,0,669,11.0
0,1,669,19.0
0,2,669,51.0
0,3,669,15.0
0,4,669,15.0
0,0,670,41.0
0,1,670,18.0
0,2,670,14.0
0,3,670,15.0
0,4,670,23.0
0,0,671,13.0
0,1,671,23.0
0,2,671,23.0
0,3,671,35.0
0,4,671,24.0
0,0,672,53.0
0,1,672,11.0
0,2,672,26.0
0,3,672,13.0
0,4,672,18.0
0,0,673,21.0
0,1,673,17.0
0,2,673,16.0
0,3,673,36.0
0,4,673,16.0
0,0,674,23.0
0,1,674,17.0
0,2,674,21.0
0,3,674,22.0
0,4,674,24.0
0,0,675,16.0
0,1,675,15.0
0,2,675,20.0
0,3,675,14.0
0,4,675,17.0
0,0,676,9.0
0,1,676,26.0
0,2,676,50.0
0,3,676,24.0
0,4,676,43.0
0,0,677,10.0
0,1,677,47.0
0,2,677,10.0
0,3,677,16.0
0,4,677,16.0
0,0,678,54.0
0,1,678,33.0
0,2,678,25.0
0,3,678,19.0
0,4,678,61.0
0,0,679,21.0
0,1,679,17.0
0,2,679,10.0
0,3,679,21.0
0,4,679,15.0
0,0,680,19.0
0,1,680,14.0
0,2,680,14.0
0,3,680,21.0
0,4,680,21.0
0,0,681,22.0
0,1,681,46.0
0,2,681,9.0
0,3,681,29.0
0,4,681,11.0
0,0,682,32.0
0,1,682,27.0
0,2,682,11.0
0,3,682,9.0
0,4,682,16.0
0,0,683,15.0
0,1,683,27.0
0,2,683,19.0
0,3,683,17.0
0,4,683,22.0
0,0,684,37.0
0,1,684,17.0
0,2,684,20.0
0,3,684,13.0
0,4,684,40.0
0,0,685,24.0
0,1,685,42.0
0,2,685,15.0
0,3,685,11.0
0,4,685,14.0
0,0,686,22.0
0,1,686,15.0
0,2,686,13.0
0,3,686,37.0
0,4,686,12.0
0,0,687,15.0
0,1,687,16.0
0,2,687,29.0
0,3,687,10.0
0,4,687,17.0
0,0,688,33.0
0,1,688,12.0
0,2,688,41.0
0,3,688,26.0
0,4,688,28.0
0,0,689,33.0
0,1,689,15.0
0,2,689,21.0
0,3,689,13.0
0,4,689,29.0
0,0,690,13.0
0,1,690,10.0
0,2,690,9.0
0,3,690,19.0
0,4,690,36.0
0,0,691,10.0
0,1,691,31.0
0,2,691,13.0
0,3,691,10.0
0,4,691,17.0
0,0,692,40.0
0,1,692,17.0
0,2,692,12.0
0,3,692,13.0
0,4,692,12.0
0,0,693,23.0
0,1,693,47.0
0,2,693,27.0
0,3,693,12.0
0,4,693,17.0
0,0,694,12.0
0,1,694,12.0
0,2,694,17.0
0,3,694,13.0
0,4,694,28.0
0,0,695,16.0
0,1,695,24.0
0,2,695,20.0
0,3,695,29.0
0,4,695,42.0
0,0,696,34.0
0,1,696,47.0
0,2,696,26.0
0,3,696,20.0
0,4,696,20.0
0,0,697,15.0
0,1,697,39.0
0,2,697,21.0
0,3,697,13.0
0,4,697,31.0
0,0,698,29.0
0,1,698,10.0
0,2,698,12.0
0,3,698,11.0
0,4,698,27.0
0,0,699,25.0
0,1,699,14.0
0,2,699,26.0
0,3,699,14.0
0,4,699,16.0
0,0,700,26.0
0,1,700,50.0
0,2,700,22.0
0,3,700,11.0
0,4,700,25.0
0,0,701,15.0
0,1,701,17.0
0,2,701,36.0
0,3,701,34.0
0,4,701,15.0
0,0,702,17.0
0,1,702,44.0
0,2,702,32.0
0,3,702,34.0
0,4,702,23.0
0,0,703,14.0
0,1,703,23.0
0,2,703,21.0
0,3,703,23.0
0,4,703,33.0
0,0,704,24.0
0,1,704,11.0
0,2,704,13.0
0,3,704,70.0
0,4,704,25.0
0,0,705,14.0
0,1,705,62.0
0,2,705,15.0
0,3,705,29.0
0,4,705,29.0
0,0,706,16.0
0,1,706,11.0
0,2,706,15.0
0,3,706,13.0
0,4,706,22.0
0,0,707,20.0
0,1,707,62.0
0,2,707,49.0
0,3,707,23.0
0,4,707,47.0
0,0,708,11.0
0,1,708,36.0
0,2,708,27.0
0,3,708,13.0
0,4,708,32.0
0,0,709,23.0
0,1,709,21.0
0,2,709,14.0
0,3,709,14.0
0,4,709,25.0
0,0,710,19.0
0,1,710,19.0
0,2,710,23.0
0,3,710,15.0
0,4,710,20.0
0,0,711,26.0
0,1,711,16.0
0,2,711,17.0
0,3,711,21.0
0,4,711,16.0
0,0,712,12.0
0,1,712,13.0
0,2,712,15.0
0,3,712,35.0
0,4,712,46.0
0,0,713,11.0
0,1,713,13.0
0,2,713,17.0
0,3,713,22.0
0,4,713,21.0
0,0,714,15.0
0,1,714,17.0
0,2,714,24.0
0,3,714,19.0
0,4,714,50.0
0,0,715,13.0
0,1,715,31.0
0,2,715,12.0
0,3,715,13.0
0,4,715,28.0
0,0,716,35.0
0,1,716,11.0
0,2,716,14.0
0,3,716,14.0
0,4,716,24.0
0,0,717,24.0
0,1,717,20.0
0,2,717,9.0
0,3,717,15.0
0,4,717,35.0
0,0,718,54.0
0,1,718,15.0
0,2,718,19.0
0,3,718,12.0
0,4,718,43.0
0,0,719,11.0
0,1,719,12.0
0,2,719,24.0
0,3,719,15.0
0,4,719,21.0
0,0,720,48.0
0,1,720,37.0
0,2,720,16.0
0,3,720,32.0
0,4,720,18.0
0,0,721,9.0
0,1,721,26.0
0,2,721,17.0
0,3,721,21.0
0,4,721,25.0
0,0,722,12.0
0,1,722,17.0
0,2,722,13.0
0,3,722,17.0
0,4,722,80.0
0,0,723,75.0
0,1,723,21.0
0,2,723,12.0
0,3,723,10.0
0,4,723,32.0
0,0,724,9.0
0,1,724,37.0
0,2,724,19.0
0,3,724,15.0
0,4,724,15.0
0,0,725,26.0
0,1,725,31.0
0,2,725,22.0
0,3,725,15.0
0,4,725,35.0
0,0,726,12.0
0,1,726,27.0
0,2,726,30.0
0,3,726,17.0
0,4,726,17.0
0,0,727,21.0
0,1,727,17.0
0,2,727,17.0
0,3,727,16.0
0,4,727,14.0
0,0,728,39.0
0,1,728,16.0
0,2,728,9.0
0,3,728,70.0
0,4,728,18.0
0,0,729,46.0
0,1,729,48.0
0,2,729,9.0
0,3,729,18.0
0,4,729,13.0
0,0,730,30.0
0,1,730,36.0
0,2,730,30.0
0,3,730,28.0
0,4,730,22.0
0,0,731,27.0
0,1,731,11.0
0,2,731,22.0
0,3,731,27.0
0,4,731,32.0
0,0,732,13.0
0,1,732,17.0
0,2,732,27.0
0,3,732,18.0
0,4,732,24.0
0,0,733,15.0
0,1,733,22.0
0,2,733,35.0
0,3,733,17.0
0,4,733,30.0
0,0,734,32.0
0,1,734,34.0
0,2,734,19.0
0,3,734,19.0
0,4,734,20.0
0,0,735,15.0
0,1,735,20.0
0,2,735,29.0
0,3,735,34.0
0,4,735,27.0
0,0,736,10.0
0,1,736,29.0
0,2,736,23.0
0,3,736,16.0
0,4,736,18.0
0,0,737,28.0
0,1,737,22.0
0,2,737,14.0
0,3,737,23.0
0,4,737,22.0
0,0,738,40.0
0,1,738,48.0
0,2,738,21.0
0,3,738,36.0
0,4,738,22.0
0,0,739,20.0
0,1,739,17.0
0,2,739,35.0
0,3,739,20.0
0,4,739,28.0
0,0,740,28.0
0,1,740,30.0
0,2,740,16.0
0,3,740,16.0
0,4,740,16.0
0,0,741,33.0
0,1,741,21.0
0,2,741,12.0
0,3,741,14.0
0,4,741,25.0
0,0,742,10.0
0,1,742,22.0
0,2,742,16.0
0,3,742,23.0
0,4,742,22.0
0,0,743,16.0
0,1,743,22.0
0,2,743,18.0
0,3,743,12.0
0,4,743,22.0
0,0,744,37.0
0,1,744,16.0
0,2,744,20.0
0,3,744,14.0
0,4,744,14.0
0,0,745,12.0
0,1,745,10.0
0,2,745,16.0
0,3,745,13.0
0,4,745,20.0
0,0,746,18.0
0,1,746,11.0
0,2,746,13.0
0,3,746,10.0
0,4,746,14.0
0,0,747,49.0
0,1,747,23.0
0,2,747,17.0
0,3,747,63.0
0,4,747,28.0
0,0,748,11.0
0,1,748,21.0
0,2,748,44.0
0,3,748,18.0
0,4,748,11.0
0,0,749,11.0
0,1,749,13.0
0,2,749,13.0
0,3,749,15.0
0,4,749,46.0
0,0,750,37.0
0,1,750,16.0
0,2,750,12.0
0,3,750,48.0
0,4,750,16.0
0,0,751,21.0
0,1,751,41.0
0,2,751,13.0
0,3,751,18.0
0,4,751,25.0
0,0,752,15.0
0,1,752,34.0
0,2,752,30.0
0,3,752,13.0
0,4,752,16.0
0,0,753,13.0
0,1,753,32.0
0,2,753,17.0
0,3,753,29.0
0,4,753,24.0
0,0,754,9.0
0,1,754,13.0
0,2,754,35.0
0,3,754,12.0
0,4,754,61.0
0,0,755,18.0
0,1,755,13.0
0,2,755,10.0
0,3,755,23.0
0,4,755,19.0
0,0,756,10.0
0,1,756,11.0
0,2,756,25.0
0,3,756,28.0
0,4,756,61.0
0,0,757,17.0
0,1,757,18.0
0,2,757,41.0
0,3,757,34.0
0,4,757,20.0
0,0,758,16.0
0,1,758,27.0
0,2,758,12.0
0,3,758,26.0
0,4,758,23.0
0,0,759,52.0
0,1,759,36.0
0,2,759,10.0
0,3,759,46.0
0,4,759,43.0
0,0,760,17.0
0,1,760,14.0
0,2,760,14.0
0,3,760,35.0
0,4,760,17.0
0,0,761,9.0
0,1,761,21.0
0,2,761,29.0
0,3,761,12.0
0,4,761,24.0
0,0,762,33.0
0,1,762,17.0
0,2,762,22.0
0,3,762,10.0
0,4,762,46.0
0,0,763,10.0
0,1,763,21.0
0,2,763,15.0
0,3,763,36.0
0,4,763,42.0
0,0,764,20.0
0,1,764,22.0
0,2,764,13.0
0,3,764,20.0
0,4,764,16.0
0,0,765,22.0
0,1,765,12.0
0,2,765,14.0
0,3,765,15.0
0,4,765,21.0
0,0,766,9.0
0,1,766,33.0
0,2,766,13.0
0,3,766,64.0
0,4,766,34.0
0,0,767,16.0
0,1,767,13.0
0,2,767,23.0
0,3,767,28.0
0,4,767,24.0
0,0,768,13.0
0,1,768,38.0
0,2,768,41.0
0,3,768,17.0
0,4,768,14.0
0,0,769,50.0
0,1,769,13.0
0,2,769,19.0
0,3,769,27.0
0,4,769,19.0
0,0,770,24.0
0,1,770,13.0
0,2,770,39.0
0,3,770,19.0
0,4,770,18.0
0,0,771,44.0
0,1,771,45.0
0,2,771,36.0
0,3,771,15.0
0,4,771,54.0
0,0,772,34.0
0,1,772,15.0
0,2,772,50.0
0,3,772,12.0
0,4,772,22.0
0,0,773,12.0
0,1,773,27.0
0,2,773,81.0
0,3,773,20.0
0,4,773,22.0
0,0,774,24.0
0,1,774,13.0
0,2,774,15.0
0,3,774,37.0
0,4,774,17.0
0,0,775,14.0
0,1,775,25.0
0,2,775,35.0
0,3,775,16.0
0,4,775,13.0
0,0,776,108.0
0,1,776,15.0
0,2,776,21.0
0,3,776,28.0
0,4,776,44.0
0,0,777,11.0
0,1,777,39.0
0,2,777,11.0
0,3,777,23.0
0,4,777,14.0
0,0,778,11.0
0,1,778,20.0
0,2,778,13.0
0,3,778,13.0
0,4,778,19.0
0,0,779,48.0
0,1,779,14.0
0,2,779,88.0
0,3,779,48.0
0,4,779,25.0
0,0,780,26.0
0,1,780,19.0
0,2,780,10.0
0,3,780,9.0
0,4,780,14.0
0,0,781,25.0
0,1,781,37.0
0,2,781,12.0
0,3,781,21.0
0,4,781,32.0
0,0,782,16.0
0,1,782,23.0
0,2,782,52.0
0,3,782,35.0
0,4,782,30.0
0,0,783,42.0
0,1,783,13.0
0,2,783,32.0
0,3,783,45.0
0,4,783,22.0
0,0,784,24.0
0,1,784,29.0
0,2,784,17.0
0,3,784,20.0
0,4,784,18.0
0,0,785,32.0
0,1,785,24.0
0,2,785,12.0
0,3,785,30.0
0,4,785,15.0
0,0,786,13.0
0,1,786,17.0
0,2,786,14.0
0,3,786,27.0
0,4,786,12.0
0,0,787,12.0
0,1,787,40.0
0,2,787,17.0
0,3,787,29.0
0,4,787,14.0
0,0,788,27.0
0,1,788,61.0
0,2,788,70.0
0,3,788,37.0
0,4,788,9.0
0,0,789,32.0
0,1,789,42.0
0,2,789,17.0
0,3,789,24.0
0,4,789,31.0
0,0,790,16.0
0,1,790,50.0
0,2,790,20.0
0,3,790,13.0
0,4,790,33.0
0,0,791,19.0
0,1,791,32.0
0,2,791,26.0
0,3,791,29.0
0,4,791,45.0
0,0,792,39.0
0,1,792,20.0
0,2,792,16.0
0,3,792,35.0
0,4,792,21.0
0,0,793,25.0
0,1,793,47.0
0,2,793,16.0
0,3,793,18.0
0,4,793,19.0
0,0,794,15.0
0,1,794,19.0
0,2,794,23.0
0,3,794,24.0
0,4,794,26.0
0,0,795,22.0
0,1,795,20.0
0,2,795,23.0
0,3,795,25.0
0,4,795,14.0
0,0,796,14.0
0,1,796,77.0
0,2,796,53.0
0,3,796,12.0
0,4,796,36.0
0,0,797,14.0
0,1,797,15.0
0,2,797,10.0
0,3,797,77.0
0,4,797,42.0
0,0,798,11.0
0,1,798,45.0
0,2,798,25.0
0,3,798,22.0
0,4,798,24.0
0,0,799,22.0
0,1,799,22.0
0,2,799,27.0
0,3,799,14.0
0,4,799,19.0
0,0,800,15.0
0,1,800,22.0
0,2,800,19.0
0,3,800,12.0
0,4,800,21.0
0,0,801,12.0
0,1,801,40.0
0,2,801,18.0
0,3,801,14.0
0,4,801,14.0
0,0,802,10.0
0,1,802,81.0
0,2,802,29.0
0,3,802,16.0
0,4,802,34.0
0,0,803,12.0
0,1,803,19.0
0,2,803,24.0
0,3,803,37.0
0,4,803,29.0
0,0,804,14.0
0,1,804,33.0
0,2,804,11.0
0,3,804,16.0
0,4,804,22.0
0,0,805,30.0
0,1,805,12.0
0,2,805,20.0
0,3,805,15.0
0,4,805,22.0
0,0,806,19.0
0,1,806,23.0
0,2,806,23.0
0,3,806,20.0
0,4,806,17.0
0,0,807,15.0
0,1,807,27.0
0,2,807,33.0
0,3,807,64.0
0,4,807,17.0
0,0,808,45.0
0,1,808,15.0
0,2,808,25.0
0,3,808,39.0
0,4,808,20.0
0,0,809,10.0
0,1,809,28.0
0,2,809,25.0
0,3,809,19.0
0,4,809,13.0
0,0,810,34.0
0,1,810,48.0
0,2,810,31.0
0,3,810,14.0
0,4,810,26.0
0,0,811,20.0
0,1,811,45.0
0,2,811,13.0
0,3,811,22.0
0,4,811,10.0
0,0,812,63.0
0,1,812,27.0
0,2,812,39.0
0,3,812,21.0
0,4,812,38.0
0,0,813,11.0
0,1,813,51.0
0,2,813,13.0
0,3,813,19.0
0,4,813,18.0
0,0,814,29.0
0,1,814,14.0
0,2,814,14.0
0,3,814,28.0
0,4,814,19.0
0,0,815,10.0
0,1,815,13.0
0,2,815,25.0
0,3,815,21.0
0,4,815,13.0
0,0,816,19.0
0,1,816,29.0
0,2,816,26.0
0,3,816,29.0
0,4,816,11.0
0,0,817,20.0
0,1,817,22.0
0,2,817,11.0
0,3,817,50.0
0,4,817,67.0
0,0,818,14.0
0,1,818,17.0
0,2,818,18.0
0,3,818,12.0
0,4,818,48.0
0,0,819,28.0
0,1,819,73.0
0,2,819,21.0
0,3,819,27.0
0,4,819,33.0
0,0,820,19.0
0,1,820,28.0
0,2,820,16.0
0,3,820,14.0
0,4,820,33.0
0,0,821,14.0
0,1,821,16.0
0,2,821,15.0
0,3,821,23.0
0,4,821,48.0
0,0,822,13.0
0,1,822,70.0
0,2,822,13.0
0,3,822,23.0
0,4,822,21.0
0,0,823,18.0
0,1,823,42.0
0,2,823,23.0
0,3,823,54.0
0,4,823,37.0
0,0,824,49.0
0,1,824,41.0
0,2,824,35.0
0,3,824,13.0
0,4,824,15.0
0,0,825,18.0
0,1,825,33.0
0,2,825,15.0
0,3,825,34.0
0,4,825,14.0
0,0,826,28.0
0,1,826,105.0
0,2,826,15.0
0,3,826,23.0
0,4,826,42.0
0,0,827,26.0
0,1,827,17.0
0,2,827,11.0
0,3,827,17.0
0,4,827,23.0
0,0,828,13.0
0,1,828,40.0
0,2,828,28.0
0,3,828,25.0
0,4,828,55.0
0,0,829,13.0
0,1,829,16.0
0,2,829,12.0
0,3,829,35.0
0,4,829,24.0
0,0,830,21.0
0,1,830,31.0
0,2,830,11.0
0,3,830,30.0
0,4,830,47.0
0,0,831,20.0
0,1,831,19.0
0,2,831,14.0
0,3,831,41.0
0,4,831,26.0
0,0,832,18.0
0,1,832,19.0
0,2,832,39.0
0,3,832,104.0
0,4,832,13.0
0,0,833,11.0
0,1,833,13.0
0,2,833,29.0
0,3,833,22.0
0,4,833,17.0
0,0,834,32.0
0,1,834,24.0
0,2,834,34.0
0,3,834,56.0
0,4,834,50.0
0,0,835,18.0
0,1,835,35.0
0,2,835,15.0
0,3,835,28.0
0,4,835,10.0
0,0,836,25.0
0,1,836,31.0
0,2,836,74.0
0,3,836,22.0
0,4,836,27.0
0,0,837,16.0
0,1,837,31.0
0,2,837,23.0
0,3,837,51.0
0,4,837,45.0
0,0,838,38.0
0,1,838,19.0
0,2,838,20.0
0,3,838,19.0
0,4,838,67.0
0,0,839,19.0
0,1,839,24.0
0,2,839,15.0
0,3,839,56.0
0,4,839,16.0
0,0,840,17.0
0,1,840,17.0
0,2,840,19.0
0,3,840,20.0
0,4,840,33.0
0,0,841,27.0
0,1,841,68.0
0,2,841,20.0
0,3,841,19.0
0,4,841,13.0
0,0,842,28.0
0,1,842,23.0
0,2,842,23.0
0,3,842,32.0
0,4,842,46.0
0,0,843,18.0
0,1,843,18.0
0,2,843,31.0
0,3,843,13.0
0,4,843,48.0
0,0,844,19.0
0,1,844,23.0
0,2,844,16.0
0,3,844,44.0
0,4,844,17.0
0,0,845,20.0
0,1,845,19.0
0,2,845,26.0
0,3,845,33.0
0,4,845,65.0
0,0,846,8.0
0,1,846,76.0
0,2,846,29.0
0,3,846,18.0
0,4,846,47.0
0,0,847,22.0
0,1,847,42.0
0,2,847,44.0
0,3,847,12.0
0,4,847,17.0
0,0,848,13.0
0,1,848,66.0
0,2,848,21.0
0,3,848,33.0
0,4,848,59.0
0,0,849,18.0
0,1,849,38.0
0,2,849,27.0
0,3,849,51.0
0,4,849,19.0
0,0,850,32.0
0,1,850,85.0
0,2,850,26.0
0,3,850,30.0
0,4,850,26.0
0,0,851,23.0
0,1,851,38.0
0,2,851,44.0
0,3,851,28.0
0,4,851,21.0
0,0,852,12.0
0,1,852,35.0
0,2,852,15.0
0,3,852,28.0
0,4,852,28.0
0,0,853,35.0
0,1,853,47.0
0,2,853,87.0
0,3,853,20.0
0,4,853,27.0
0,0,854,43.0
0,1,854,37.0
0,2,854,12.0
0,3,854,34.0
0,4,854,53.0
0,0,855,44.0
0,1,855,25.0
0,2,855,11.0
0,3,855,17.0
0,4,855,28.0
0,0,856,32.0
0,1,856,57.0
0,2,856,28.0
0,3,856,26.0
0,4,856,17.0
0,0,857,14.0
0,1,857,37.0
0,2,857,14.0
0,3,857,19.0
0,4,857,28.0
0,0,858,46.0
0,1,858,29.0
0,2,858,18.0
0,3,858,9.0
0,4,858,21.0
0,0,859,18.0
0,1,859,24.0
0,2,859,27.0
0,3,859,17.0
0,4,859,13.0
0,0,860,20.0
0,1,860,18.0
0,2,860,17.0
0,3,860,22.0
0,4,860,74.0
0,0,861,17.0
0,1,861,33.0
0,2,861,19.0
0,3,861,40.0
0,4,861,19.0
0,0,862,47.0
0,1,862,21.0
0,2,862,19.0
0,3,862,20.0
0,4,862,22.0
0,0,863,13.0
0,1,863,12.0
0,2,863,60.0
0,3,863,28.0
0,4,863,14.0
0,0,864,15.0
0,1,864,25.0
0,2,864,42.0
0,3,864,60.0
0,4,864,39.0
0,0,865,14.0
0,1,865,137.0
0,2,865,37.0
0,3,865,18.0
0,4,865,14.0
0,0,866,33.0
0,1,866,21.0
0,2,866,72.0
0,3,866,17.0
0,4,866,10.0
0,0,867,29.0
0,1,867,15.0
0,2,867,33.0
0,3,867,68.0
0,4,867,19.0
0,0,868,12.0
0,1,868,38.0
0,2,868,25.0
0,3,868,32.0
0,4,868,20.0
0,0,869,20.0
0,1,869,15.0
0,2,869,55.0
0,3,869,30.0
0,4,869,18.0
0,0,870,18.0
0,1,870,54.0
0,2,870,29.0
0,3,870,21.0
0,4,870,45.0
0,0,871,15.0
0,1,871,24.0
0,2,871,38.0
0,3,871,47.0
0,4,871,46.0
0,0,872,40.0
0,1,872,37.0
0,2,872,26.0
0,3,872,21.0
0,4,872,33.0
0,0,873,24.0
0,1,873,43.0
0,2,873,30.0
0,3,873,48.0
0,4,873,31.0
0,0,874,9.0
0,1,874,48.0
0,2,874,25.0
0,3,874,28.0
0,4,874,19.0
0,0,875,17.0
0,1,875,20.0
0,2,875,49.0
0,3,875,37.0
0,4,875,33.0
0,0,876,19.0
0,1,876,33.0
0,2,876,31.0
0,3,876,22.0
0,4,876,25.0
0,0,877,13.0
0,1,877,47.0
0,2,877,16.0
0,3,877,37.0
0,4,877,22.0
0,0,878,62.0
0,1,878,48.0
0,2,878,17.0
0,3,878,16.0
0,4,878,69.0
0,0,879,20.0
0,1,879,32.0
0,2,879,17.0
0,3,879,25.0
0,4,879,45.0
0,0,880,21.0
0,1,880,19.0
0,2,880,20.0
0,3,880,12.0
0,4,880,58.0
0,0,881,19.0
0,1,881,33.0
0,2,881,53.0
0,3,881,18.0
0,4,881,33.0
0,0,882,17.0
0,1,882,42.0
0,2,882,15.0
0,3,882,33.0
0,4,882,25.0
0,0,883,19.0
0,1,883,36.0
0,2,883,43.0
0,3,883,28.0
0,4,883,14.0
0,0,884,20.0
0,1,884,24.0
0,2,884,19.0
0,3,884,25.0
0,4,884,18.0
0,0,885,19.0
0,1,885,22.0
0,2,885,25.0
0,3,885,24.0
0,4,885,65.0
0,0,886,27.0
0,1,886,65.0
0,2,886,32.0
0,3,886,19.0
0,4,886,17.0
0,0,887,51.0
0,1,887,23.0
0,2,887,25.0
0,3,887,21.0
0,4,887,29.0
0,0,888,12.0
0,1,888,130.0
0,2,888,19.0
0,3,888,51.0
0,4,888,22.0
0,0,889,22.0
0,1,889,47.0
0,2,889,16.0
0,3,889,65.0
0,4,889,15.0
0,0,890,46.0
0,1,890,22.0
0,2,890,21.0
0,3,890,20.0
0,4,890,32.0
0,0,891,31.0
0,1,891,25.0
0,2,891,31.0
0,3,891,24.0
0,4,891,40.0
0,0,892,12.0
0,1,892,57.0
0,2,892,71.0
0,3,892,19.0
0,4,892,28.0
0,0,893,13.0
0,1,893,25.0
0,2,893,39.0
0,3,893,50.0
0,4,893,36.0
0,0,894,18.0
0,1,894,23.0
0,2,894,58.0
0,3,894,14.0
0,4,894,76.0
0,0,895,19.0
0,1,895,23.0
0,2,895,33.0
0,3,895,12.0
0,4,895,48.0
0,0,896,33.0
0,1,896,118.0
0,2,896,69.0
0,3,896,36.0
0,4,896,29.0
0,0,897,33.0
0,1,897,60.0
0,2,897,41.0
0,3,897,23.0
0,4,897,57.0
0,0,898,46.0
0,1,898,30.0
0,2,898,23.0
0,3,898,19.0
0,4,898,16.0
0,0,899,26.0
0,1,899,84.0
0,2,899,26.0
0,3,899,64.0
0,4,899,25.0
0,0,900,77.0
0,1,900,22.0
0,2,900,13.0
0,3,900,16.0
0,4,900,32.0
0,0,901,16.0
0,1,901,33.0
0,2,901,20.0
0,3,901,37.0
0,4,901,104.0
0,0,902,12.0
0,1,902,37.0
0,2,902,63.0
0,3,902,54.0
0,4,902,20.0
0,0,903,13.0
0,1,903,33.0
0,2,903,22.0
0,3,903,15.0
0,4,903,46.0
0,0,904,11.0
0,1,904,33.0
0,2,904,22.0
0,3,904,18.0
0,4,904,44.0
0,0,905,12.0
0,1,905,43.0
0,2,905,21.0
0,3,905,30.0
0,4,905,30.0
0,0,906,24.0
0,1,906,15.0
0,2,906,18.0
0,3,906,13.0
0,4,906,33.0
0,0,907,40.0
0,1,907,55.0
0,2,907,82.0
0,3,907,43.0
0,4,907,57.0
0,0,908,11.0
0,1,908,25.0
0,2,908,36.0
0,3,908,25.0
0,4,908,49.0
0,0,909,22.0
0,1,909,22.0
0,2,909,21.0
0,3,909,55.0
0,4,909,17.0
0,0,910,64.0
0,1,910,24.0
0,2,910,19.0
0,3,910,74.0
0,4,910,13.0
0,0,911,26.0
0,1,911,32.0
0,2,911,24.0
0,3,911,16.0
0,4,911,18.0
0,0,912,22.0
0,1,912,32.0
0,2,912,32.0
0,3,912,19.0
0,4,912,34.0
0,0,913,20.0
0,1,913,59.0
0,2,913,37.0
0,3,913,26.0
0,4,913,62.0
0,0,914,18.0
0,1,914,30.0
0,2,914,13.0
0,3,914,15.0
0,4,914,16.0
0,0,915,17.0
0,1,915,81.0
0,2,915,16.0
0,3,915,43.0
0,4,915,46.0
0,0,916,24.0
0,1,916,53.0
0,2,916,22.0
0,3,916,24.0
0,4,916,66.0
0,0,917,39.0
0,1,917,13.0
0,2,917,26.0
0,3,917,11.0
0,4,917,31.0
0,0,918,20.0
0,1,918,82.0
0,2,918,20.0
0,3,918,23.0
0,4,918,43.0
0,0,919,36.0
0,1,919,16.0
0,2,919,42.0
0,3,919,42.0
0,4,919,19.0
0,0,920,29.0
0,1,920,56.0
0,2,920,67.0
0,3,920,24.0
0,4,920,32.0
0,0,921,26.0
0,1,921,80.0
0,2,921,16.0
0,3,921,25.0
0,4,921,20.0
0,0,922,48.0
0,1,922,27.0
0,2,922,39.0
0,3,922,53.0
0,4,922,53.0
0,0,923,32.0
0,1,923,22.0
0,2,923,12.0
0,3,923,27.0
0,4,923,36.0
0,0,924,20.0
0,1,924,14.0
0,2,924,34.0
0,3,924,16.0
0,4,924,37.0
0,0,925,33.0
0,1,925,39.0
0,2,925,27.0
0,3,925,49.0
0,4,925,24.0
0,0,926,28.0
0,1,926,64.0
0,2,926,40.0
0,3,926,31.0
0,4,926,55.0
0,0,927,28.0
0,1,927,52.0
0,2,927,31.0
0,3,927,11.0
0,4,927,16.0
0,0,928,16.0
0,1,928,22.0
0,2,928,21.0
0,3,928,44.0
0,4,928,43.0
0,0,929,18.0
0,1,929,38.0
0,2,929,31.0
0,3,929,38.0
0,4,929,86.0
0,0,930,27.0
0,1,930,15.0
0,2,930,35.0
0,3,930,81.0
0,4,930,46.0
0,0,931,11.0
0,1,931,72.0
0,2,931,47.0
0,3,931,35.0
0,4,931,90.0
0,0,932,40.0
0,1,932,28.0
0,2,932,24.0
0,3,932,32.0
0,4,932,38.0
0,0,933,15.0
0,1,933,48.0
0,2,933,45.0
0,3,933,24.0
0,4,933,40.0
0,0,934,21.0
0,1,934,47.0
0,2,934,27.0
0,3,934,30.0
0,4,934,41.0
0,0,935,39.0
0,1,935,23.0
0,2,935,17.0
0,3,935,67.0
0,4,935,40.0
0,0,936,22.0
0,1,936,88.0
0,2,936,24.0
0,3,936,24.0
0,4,936,47.0
0,0,937,34.0
0,1,937,27.0
0,2,937,25.0
0,3,937,18.0
0,4,937,30.0
0,0,938,25.0
0,1,938,63.0
0,2,938,19.0
0,3,938,25.0
0,4,938,24.0
0,0,939,18.0
0,1,939,150.0
0,2,939,41.0
0,3,939,28.0
0,4,939,19.0
0,0,940,17.0
0,1,940,77.0
0,2,940,49.0
0,3,940,22.0
0,4,940,34.0
0,0,941,33.0
0,1,941,35.0
0,2,941,39.0
0,3,941,50.0
0,4,941,23.0
0,0,942,15.0
0,1,942,72.0
0,2,942,53.0
0,3,942,76.0
0,4,942,27.0
0,0,943,37.0
0,1,943,182.0
0,2,943,18.0
0,3,943,32.0
0,4,943,17.0
0,0,944,21.0
0,1,944,16.0
0,2,944,20.0
0,3,944,31.0
0,4,944,24.0
0,0,945,19.0
0,1,945,47.0
0,2,945,21.0
0,3,945,45.0
0,4,945,11.0
0,0,946,87.0
0,1,946,16.0
0,2,946,39.0
0,3,946,43.0
0,4,946,57.0
0,0,947,33.0
0,1,947,22.0
0,2,947,59.0
0,3,947,63.0
0,4,947,51.0
0,0,948,31.0
0,1,948,74.0
0,2,948,40.0
0,3,948,114.0
0,4,948,68.0
0,0,949,37.0
0,1,949,56.0
0,2,949,18.0
0,3,949,42.0
0,4,949,20.0
0,0,950,14.0
0,1,950,65.0
0,2,950,16.0
0,3,950,12.0
0,4,950,25.0
0,0,951,27.0
0,1,951,95.0
0,2,951,60.0
0,3,951,32.0
0,4,951,45.0
0,0,952,46.0
0,1,952,134.0
0,2,952,97.0
0,3,952,20.0
0,4,952,67.0
0,0,953,18.0
0,1,953,23.0
0,2,953,26.0
0,3,953,26.0
0,4,953,24.0
0,0,954,19.0
0,1,954,49.0
0,2,954,65.0
0,3,954,52.0
0,4,954,29.0
0,0,955,15.0
0,1,955,72.0
0,2,955,26.0
0,3,955,17.0
0,4,955,32.0
0,0,956,26.0
0,1,956,64.0
0,2,956,33.0
0,3,956,18.0
0,4,956,20.0
0,0,957,31.0
0,1,957,76.0
0,2,957,54.0
0,3,957,37.0
0,4,957,25.0
0,0,958,29.0
0,1,958,49.0
0,2,958,27.0
0,3,958,14.0
0,4,958,16.0
0,0,959,30.0
0,1,959,41.0
0,2,959,24.0
0,3,959,51.0
0,4,959,32.0
0,0,960,40.0
0,1,960,60.0
0,2,960,23.0
0,3,960,36.0
0,4,960,65.0
0,0,961,20.0
0,1,961,66.0
0,2,961,32.0
0,3,961,16.0
0,4,961,21.0
0,0,962,60.0
0,1,962,22.0
0,2,962,28.0
0,3,962,38.0
0,4,962,84.0
0,0,963,30.0
0,1,963,34.0
0,2,963,19.0
0,3,963,49.0
0,4,963,17.0
0,0,964,26.0
0,1,964,25.0
0,2,964,14.0
0,3,964,25.0
0,4,964,15.0
0,0,965,21.0
0,1,965,22.0
0,2,965,20.0
0,3,965,30.0
0,4,965,23.0
0,0,966,21.0
0,1,966,25.0
0,2,966,34.0
0,3,966,35.0
0,4,966,36.0
0,0,967,19.0
0,1,967,13.0
0,2,967,11.0
0,3,967,57.0
0,4,967,46.0
0,0,968,16.0
0,1,968,94.0
0,2,968,106.0
0,3,968,26.0
0,4,968,32.0
0,0,969,13.0
0,1,969,37.0
0,2,969,37.0
0,3,969,124.0
0,4,969,35.0
0,0,970,21.0
0,1,970,36.0
0,2,970,11.0
0,3,970,28.0
0,4,970,31.0
0,0,971,15.0
0,1,971,30.0
0,2,971,66.0
0,3,971,46.0
0,4,971,42.0
0,0,972,13.0
0,1,972,27.0
0,2,972,67.0
0,3,972,31.0
0,4,972,43.0
0,0,973,13.0
0,1,973,18.0
0,2,973,32.0
0,3,973,27.0
0,4,973,67.0
0,0,974,62.0
0,1,974,144.0
0,2,974,53.0
0,3,974,16.0
0,4,974,40.0
0,0,975,17.0
0,1,975,23.0
0,2,975,38.0
0,3,975,40.0
0,4,975,52.0
0,0,976,14.0
0,1,976,21.0
0,2,976,19.0
0,3,976,11.0
0,4,976,25.0
0,0,977,19.0
0,1,977,46.0
0,2,977,30.0
0,3,977,48.0
0,4,977,48.0
0,0,978,36.0
0,1,978,35.0
0,2,978,27.0
0,3,978,31.0
0,4,978,120.0
0,0,979,36.0
0,1,979,53.0
0,2,979,19.0
0,3,979,58.0
0,4,979,14.0
0,0,980,18.0
0,1,980,68.0
0,2,980,34.0
0,3,980,42.0
0,4,980,60.0
0,0,981,31.0
0,1,981,16.0
0,2,981,28.0
0,3,981,18.0
0,4,981,28.0
0,0,982,21.0
0,1,982,96.0
0,2,982,31.0
0,3,982,53.0
0,4,982,44.0
0,0,983,25.0
0,1,983,22.0
0,2,983,17.0
0,3,983,47.0
0,4,983,52.0
0,0,984,15.0
0,1,984,46.0
0,2,984,23.0
0,3,984,43.0
0,4,984,36.0
0,0,985,21.0
0,1,985,129.0
0,2,985,56.0
0,3,985,27.0
0,4,985,29.0
0,0,986,29.0
0,1,986,75.0
0,2,986,33.0
0,3,986,18.0
0,4,986,68.0
0,0,987,25.0
0,1,987,21.0
0,2,987,16.0
0,3,987,77.0
0,4,987,26.0
0,0,988,13.0
0,1,988,66.0
0,2,988,81.0
0,3,988,28.0
0,4,988,28.0
0,0,989,61.0
0,1,989,38.0
0,2,989,65.0
0,3,989,68.0
0,4,989,42.0
0,0,990,21.0
0,1,990,30.0
0,2,990,41.0
0,3,990,14.0
0,4,990,35.0
0,0,991,22.0
0,1,991,39.0
0,2,991,110.0
0,3,991,33.0
0,4,991,28.0
0,0,992,33.0
0,1,992,60.0
0,2,992,14.0
0,3,992,21.0
0,4,992,33.0
0,0,993,15.0
0,1,993,63.0
0,2,993,52.0
0,3,993,33.0
0,4,993,39.0
0,0,994,18.0
0,1,994,51.0
0,2,994,52.0
0,3,994,36.0
0,4,994,26.0
0,0,995,51.0
0,1,995,13.0
0,2,995,62.0
0,3,995,38.0
0,4,995,62.0
0,0,996,15.0
0,1,996,100.0
0,2,996,20.0
0,3,996,95.0
0,4,996,104.0
0,0,997,52.0
0,1,997,87.0
0,2,997,28.0
0,3,997,59.0
0,4,997,44.0
0,0,998,45.0
0,1,998,79.0
0,2,998,36.0
0,3,998,42.0
0,4,998,47.0
0,0,999,16.0
0,1,999,49.0
0,2,999,18.0
0,3,999,62.0
0,4,999,63.0
0,0,1000,25.0
0,1,1000,29.0
0,2,1000,41.0
0,3,1000,175.0
0,4,1000,37.0
0,0,1001,24.0
0,1,1001,35.0
0,2,1001,78.0
0,3,1001,19.0
0,4,1001,27.0
0,0,1002,37.0
0,1,1002,37.0
0,2,1002,24.0
0,3,1002,12.0
0,4,1002,49.0
0,0,1003,21.0
0,1,1003,70.0
0,2,1003,47.0
0,3,1003,19.0
0,4,1003,76.0
0,0,1004,13.0
0,1,1004,47.0
0,2,1004,19.0
0,3,1004,66.0
0,4,1004,46.0
0,0,1005,31.0
0,1,1005,87.0
0,2,1005,15.0
0,3,1005,41.0
0,4,1005,36.0
0,0,1006,52.0
0,1,1006,65.0
0,2,1006,20.0
0,3,1006,23.0
0,4,1006,35.0
0,0,1007,41.0
0,1,1007,83.0
0,2,1007,49.0
0,3,1007,21.0
0,4,1007,123.0
0,0,1008,19.0
0,1,1008,20.0
0,2,1008,31.0
0,3,1008,31.0
0,4,1008,74.0
0,0,1009,21.0
0,1,1009,39.0
0,2,1009,73.0
0,3,1009,40.0
0,4,1009,38.0
0,0,1010,34.0
0,1,1010,28.0
0,2,1010,27.0
0,3,1010,62.0
0,4,1010,34.0
0,0,1011,28.0
0,1,1011,43.0
0,2,1011,88.0
0,3,1011,45.0
0,4,1011,16.0
0,0,1012,19.0
0,1,1012,31.0
0,2,1012,24.0
0,3,1012,45.0
0,4,1012,30.0
0,0,1013,24.0
0,1,1013,67.0
0,2,1013,89.0
0,3,1013,73.0
0,4,1013,17.0
0,0,1014,24.0
0,1,1014,46.0
0,2,1014,90.0
0,3,1014,143.0
0,4,1014,57.0
0,0,1015,30.0
0,1,1015,21.0
0,2,1015,36.0
0,3,1015,47.0
0,4,1015,35.0
0,0,1016,23.0
0,1,1016,59.0
0,2,1016,23.0
0,3,1016,65.0
0,4,1016,14.0
0,0,1017,14.0
0,1,1017,25.0
0,2,1017,52.0
0,3,1017,106.0
0,4,1017,48.0
0,0,1018,10.0
0,1,1018,18.0
0,2,1018,29.0
0,3,1018,24.0
0,4,1018,66.0
0,0,1019,22.0
0,1,1019,46.0
0,2,1019,54.0
0,3,1019,79.0
0,4,1019,45.0
0,0,1020,38.0
0,1,1020,57.0
0,2,1020,32.0
0,3,1020,27.0
0,4,1020,19.0
0,0,1021,20.0
0,1,1021,44.0
0,2,1021,41.0
0,3,1021,118.0
0,4,1021,57.0
0,0,1022,26.0
0,1,1022,67.0
0,2,1022,58.0
0,3,1022,53.0
0,4,1022,34.0
0,0,1023,21.0
0,1,1023,31.0
0,2,1023,21.0
0,3,1023,39.0
0,4,1023,39.0
0,0,1024,28.0
0,1,1024,38.0
0,2,1024,23.0
0,3,1024,103.0
0,4,1024,76.0
0,0,1025,31.0
0,1,1025,31.0
0,2,1025,55.0
0,3,1025,34.0
0,4,1025,40.0
0,0,1026,30.0
0,1,1026,16.0
0,2,1026,28.0
0,3,1026,16.0
0,4,1026,27.0
0,0,1027,30.0
0,1,1027,37.0
0,2,1027,56.0
0,3,1027,57.0
0,4,1027,24.0
0,0,1028,14.0
0,1,1028,32.0
0,2,1028,82.0
0,3,1028,23.0
0,4,1028,75.0
0,0,1029,40.0
0,1,1029,26.0
0,2,1029,75.0
0,3,1029,54.0
0,4,1029,39.0
0,0,1030,32.0
0,1,1030,40.0
0,2,1030,17.0
0,3,1030,50.0
0,4,1030,97.0
0,0,1031,34.0
0,1,1031,20.0
0,2,1031,45.0
0,3,1031,40.0
0,4,1031,113.0
0,0,1032,19.0
0,1,1032,36.0
0,2,1032,69.0
0,3,1032,52.0
0,4,1032,45.0
0,0,1033,46.0
0,1,1033,21.0
0,2,1033,44.0
0,3,1033,46.0
0,4,1033,62.0
0,0,1034,26.0
0,1,1034,113.0
0,2,1034,45.0
0,3,1034,59.0
0,4,1034,22.0
0,0,1035,33.0
0,1,1035,111.0
0,2,1035,38.0
0,3,1035,40.0
0,4,1035,76.0
0,0,1036,32.0
0,1,1036,60.0
0,2,1036,32.0
0,3,1036,51.0
0,4,1036,133.0
0,0,1037,33.0
0,1,1037,86.0
0,2,1037,30.0
0,3,1037,39.0
0,4,1037,35.0
0,0,1038,28.0
0,1,1038,47.0
0,2,1038,19.0
0,3,1038,19.0
0,4,1038,221.0
0,0,1039,26.0
0,1,1039,108.0
0,2,1039,66.0
0,3,1039,59.0
0,4,1039,46.0
0,0,1040,22.0
0,1,1040,40.0
0,2,1040,24.0
0,3,1040,100.0
0,4,1040,53.0
0,0,1041,21.0
0,1,1041,42.0
0,2,1041,29.0
0,3,1041,54.0
0,4,1041,111.0
0,0,1042,24.0
0,1,1042,39.0
0,2,1042,13.0
0,3,1042,23.0
0,4,1042,110.0
0,0,1043,52.0
0,1,1043,31.0
0,2,1043,24.0
0,3,1043,34.0
0,4,1043,55.0
0,0,1044,33.0
0,1,1044,130.0
0,2,1044,44.0
0,3,1044,26.0
0,4,1044,37.0
0,0,1045,24.0
0,1,1045,32.0
0,2,1045,52.0
0,3,1045,65.0
0,4,1045,41.0
0,0,1046,50.0
0,1,1046,20.0
0,2,1046,43.0
0,3,1046,32.0
0,4,1046,33.0
0,0,1047,15.0
0,1,1047,48.0
0,2,1047,80.0
0,3,1047,82.0
0,4,1047,59.0
0,0,1048,34.0
0,1,1048,35.0
0,2,1048,15.0
0,3,1048,36.0
0,4,1048,27.0
0,0,1049,61.0
0,1,1049,43.0
0,2,1049,26.0
0,3,1049,56.0
0,4,1049,81.0
0,0,1050,16.0
0,1,1050,80.0
0,2,1050,70.0
0,3,1050,30.0
0,4,1050,50.0
0,0,1051,16.0
0,1,1051,27.0
0,2,1051,44.0
0,3,1051,23.0
0,4,1051,35.0
0,0,1052,17.0
0,1,1052,54.0
0,2,1052,25.0
0,3,1052,37.0
0,4,1052,19.0
0,0,1053,46.0
0,1,1053,48.0
0,2,1053,23.0
0,3,1053,28.0
0,4,1053,46.0
0,0,1054,53.0
0,1,1054,46.0
0,2,1054,43.0
0,3,1054,40.0
0,4,1054,161.0
0,0,1055,37.0
0,1,1055,70.0
0,2,1055,34.0
0,3,1055,20.0
0,4,1055,22.0
0,0,1056,56.0
0,1,1056,22.0
0,2,1056,68.0
0,3,1056,38.0
0,4,1056,24.0
0,0,1057,23.0
0,1,1057,62.0
0,2,1057,43.0
0,3,1057,76.0
0,4,1057,41.0
0,0,1058,20.0
0,1,1058,36.0
0,2,1058,102.0
0,3,1058,38.0
0,4,1058,36.0
0,0,1059,23.0
0,1,1059,85.0
0,2,1059,25.0
0,3,1059,73.0
0,4,1059,77.0
0,0,1060,26.0
0,1,1060,52.0
0,2,1060,43.0
0,3,1060,23.0
0,4,1060,43.0
0,0,1061,39.0
0,1,1061,43.0
0,2,1061,42.0
0,3,1061,49.0
0,4,1061,61.0
0,0,1062,24.0
0,1,1062,36.0
0,2,1062,31.0
0,3,1062,53.0
0,4,1062,52.0
0,0,1063,71.0
0,1,1063,13.0
0,2,1063,59.0
0,3,1063,26.0
0,4,1063,56.0
0,0,1064,62.0
0,1,1064,58.0
0,2,1064,48.0
0,3,1064,97.0
0,4,1064,30.0
0,0,1065,38.0
0,1,1065,18.0
0,2,1065,15.0
0,3,1065,38.0
0,4,1065,94.0
0,0,1066,26.0
0,1,1066,40.0
0,2,1066,42.0
0,3,1066,86.0
0,4,1066,38.0
0,0,1067,44.0
0,1,1067,82.0
0,2,1067,43.0
0,3,1067,22.0
0,4,1067,44.0
0,0,1068,22.0
0,1,1068,41.0
0,2,1068,44.0
0,3,1068,52.0
0,4,1068,43.0
0,0,1069,22.0
0,1,1069,30.0
0,2,1069,24.0
0,3,1069,19.0
0,4,1069,108.0
0,0,1070,53.0
0,1,1070,27.0
0,2,1070,22.0
0,3,1070,76.0
0,4,1070,87.0
0,0,1071,20.0
0,1,1071,50.0
0,2,1071,34.0
0,3,1071,85.0
0,4,1071,42.0
0,0,1072,19.0
0,1,1072,53.0
0,2,1072,17.0
0,3,1072,83.0
0,4,1072,92.0
0,0,1073,29.0
0,1,1073,31.0
0,2,1073,56.0
0,3,1073,36.0
0,4,1073,98.0
0,0,1074,70.0
0,1,1074,125.0
0,2,1074,84.0
0,3,1074,49.0
0,4,1074,28.0
0,0,1075,26.0
0,1,1075,74.0
0,2,1075,43.0
0,3,1075,78.0
0,4,1075,38.0
0,0,1076,16.0
0,1,1076,22.0
0,2,1076,124.0
0,3,1076,56.0
0,4,1076,18.0
0,0,1077,33.0
0,1,1077,39.0
0,2,1077,25.0
0,3,1077,73.0
0,4,1077,31.0
0,0,1078,25.0
0,1,1078,107.0
0,2,1078,60.0
0,3,1078,70.0
0,4,1078,67.0
0,0,1079,49.0
0,1,1079,42.0
0,2,1079,38.0
0,3,1079,66.0
0,4,1079,58.0
0,0,1080,42.0
0,1,1080,59.0
0,2,1080,54.0
0,3,1080,53.0
0,4,1080,47.0
0,0,1081,18.0
0,1,1081,27.0
0,2,1081,35.0
0,3,1081,30.0
0,4,1081,44.0
0,0,1082,43.0
0,1,1082,61.0
0,2,1082,43.0
0,3,1082,17.0
0,4,1082,21.0
0,0,1083,13.0
0,1,1083,143.0
0,2,1083,26.0
0,3,1083,40.0
0,4,1083,22.0
0,0,1084,49.0
0,1,1084,84.0
0,2,1084,96.0
0,3,1084,29.0
0,4,1084,92.0
0,0,1085,28.0
0,1,1085,17.0
0,2,1085,51.0
0,3,1085,48.0
0,4,1085,71.0
0,0,1086,67.0
0,1,1086,46.0
0,2,1086,54.0
0,3,1086,26.0
0,4,1086,40.0
0,0,1087,55.0
0,1,1087,73.0
0,2,1087,70.0
0,3,1087,52.0
0,4,1087,79.0
0,0,1088,65.0
0,1,1088,53.0
0,2,1088,30.0
0,3,1088,31.0
0,4,1088,36.0
0,0,1089,29.0
0,1,1089,57.0
0,2,1089,34.0
0,3,1089,18.0
0,4,1089,28.0
0,0,1090,78.0
0,1,1090,40.0
0,2,1090,34.0
0,3,1090,29.0
0,4,1090,58.0
0,0,1091,18.0
0,1,1091,24.0
0,2,1091,24.0
0,3,1091,146.0
0,4,1091,60.0
0,0,1092,91.0
0,1,1092,47.0
0,2,1092,13.0
0,3,1092,28.0
0,4,1092,34.0
0,0,1093,20.0
0,1,1093,167.0
0,2,1093,46.0
0,3,1093,53.0
0,4,1093,27.0
0,0,1094,37.0
0,1,1094,46.0
0,2,1094,44.0
0,3,1094,32.0
0,4,1094,173.0
0,0,1095,19.0
0,1,1095,48.0
0,2,1095,71.0
0,3,1095,36.0
0,4,1095,38.0
0,0,1096,48.0
0,1,1096,41.0
0,2,1096,55.0
0,3,1096,29.0
0,4,1096,109.0
0,0,1097,34.0
0,1,1097,57.0
0,2,1097,18.0
0,3,1097,141.0
0,4,1097,115.0
0,0,1098,33.0
0,1,1098,35.0
0,2,1098,47.0
0,3,1098,84.0
0,4,1098,30.0
0,0,1099,148.0
0,1,1099,17.0
0,2,1099,43.0
0,3,1099,31.0
0,4,1099,61.0
0,0,1100,32.0
0,1,1100,30.0
0,2,1100,16.0
0,3,1100,141.0
0,4,1100,36.0
0,0,1101,41.0
0,1,1101,53.0
0,2,1101,27.0
0,3,1101,53.0
0,4,1101,113.0
0,0,1102,56.0
0,1,1102,41.0
0,2,1102,78.0
0,3,1102,16.0
0,4,1102,128.0
0,0,1103,41.0
0,1,1103,37.0
0,2,1103,21.0
0,3,1103,24.0
0,4,1103,109.0
0,0,1104,41.0
0,1,1104,55.0
0,2,1104,37.0
0,3,1104,79.0
0,4,1104,20.0
0,0,1105,24.0
0,1,1105,115.0
0,2,1105,47.0
0,3,1105,36.0
0,4,1105,76.0
0,0,1106,20.0
0,1,1106,42.0
0,2,1106,53.0
0,3,1106,41.0
0,4,1106,67.0
0,0,1107,17.0
0,1,1107,48.0
0,2,1107,43.0
0,3,1107,125.0
0,4,1107,38.0
0,0,1108,37.0
0,1,1108,31.0
0,2,1108,19.0
0,3,1108,47.0
0,4,1108,37.0
0,0,1109,51.0
0,1,1109,22.0
0,2,1109,22.0
0,3,1109,21.0
0,4,1109,68.0
0,0,1110,18.0
0,1,1110,104.0
0,2,1110,24.0
0,3,1110,39.0
0,4,1110,66.0
0,0,1111,28.0
0,1,1111,81.0
0,2,1111,96.0
0,3,1111,33.0
0,4,1111,149.0
0,0,1112,29.0
0,1,1112,41.0
0,2,1112,96.0
0,3,1112,58.0
0,4,1112,126.0
0,0,1113,119.0
0,1,1113,41.0
0,2,1113,43.0
0,3,1113,49.0
0,4,1113,33.0
0,0,1114,15.0
0,1,1114,33.0
0,2,1114,100.0
0,3,1114,33.0
0,4,1114,21.0
0,0,1115,56.0
0,1,1115,120.0
0,2,1115,47.0
0,3,1115,47.0
0,4,1115,41.0
0,0,1116,59.0
0,1,1116,34.0
0,2,1116,40.0
0,3,1116,76.0
0,4,1116,68.0
0,0,1117,46.0
0,1,1117,57.0
0,2,1117,24.0
0,3,1117,90.0
0,4,1117,105.0
0,0,1118,63.0
0,1,1118,74.0
0,2,1118,64.0
0,3,1118,38.0
0,4,1118,35.0
0,0,1119,16.0
0,1,1119,30.0
0,2,1119,53.0
0,3,1119,33.0
0,4,1119,162.0
0,0,1120,30.0
0,1,1120,40.0
0,2,1120,46.0
0,3,1120,103.0
0,4,1120,76.0
0,0,1121,91.0
0,1,1121,28.0
0,2,1121,21.0
0,3,1121,65.0
0,4,1121,35.0
0,0,1122,54.0
0,1,1122,29.0
0,2,1122,59.0
0,3,1122,42.0
0,4,1122,81.0
0,0,1123,44.0
0,1,1123,60.0
0,2,1123,39.0
0,3,1123,46.0
0,4,1123,167.0
0,0,1124,17.0
0,1,1124,32.0
0,2,1124,17.0
0,3,1124,59.0
0,4,1124,115.0
0,0,1125,38.0
0,1,1125,38.0
0,2,1125,37.0
0,3,1125,28.0
0,4,1125,57.0
0,0,1126,12.0
0,1,1126,64.0
0,2,1126,51.0
0,3,1126,76.0
0,4,1126,185.0
0,0,1127,35.0
0,1,1127,45.0
0,2,1127,39.0
0,3,1127,92.0
0,4,1127,147.0
0,0,1128,43.0
0,1,1128,90.0
0,2,1128,39.0
0,3,1128,67.0
0,4,1128,47.0
0,0,1129,148.0
0,1,1129,77.0
0,2,1129,48.0
0,3,1129,88.0
0,4,1129,155.0
0,0,1130,54.0
0,1,1130,40.0
0,2,1130,61.0
0,3,1130,93.0
0,4,1130,176.0
0,0,1131,17.0
0,1,1131,23.0
0,2,1131,91.0
0,3,1131,60.0
0,4,1131,33.0
0,0,1132,46.0
0,1,1132,32.0
0,2,1132,61.0
0,3,1132,72.0
0,4,1132,81.0
0,0,1133,15.0
0,1,1133,42.0
0,2,1133,31.0
0,3,1133,22.0
0,4,1133,62.0
0,0,1134,23.0
0,1,1134,91.0
0,2,1134,50.0
0,3,1134,69.0
0,4,1134,63.0
0,0,1135,28.0
0,1,1135,98.0
0,2,1135,34.0
0,3,1135,38.0
0,4,1135,78.0
0,0,1136,32.0
0,1,1136,46.0
0,2,1136,27.0
0,3,1136,24.0
0,4,1136,156.0
0,0,1137,56.0
0,1,1137,58.0
0,2,1137,118.0
0,3,1137,47.0
0,4,1137,136.0
0,0,1138,44.0
0,1,1138,35.0
0,2,1138,18.0
0,3,1138,46.0
0,4,1138,155.0
0,0,1139,20.0
0,1,1139,28.0
0,2,1139,26.0
0,3,1139,57.0
0,4,1139,27.0
0,0,1140,102.0
0,1,1140,128.0
0,2,1140,52.0
0,3,1140,65.0
0,4,1140,34.0
0,0,1141,77.0
0,1,1141,174.0
0,2,1141,66.0
0,3,1141,74.0
0,4,1141,46.0
0,0,1142,41.0
0,1,1142,88.0
0,2,1142,25.0
0,3,1142,60.0
0,4,1142,172.0
0,0,1143,79.0
0,1,1143,72.0
0,2,1143,21.0
0,3,1143,77.0
0,4,1143,114.0
0,0,1144,37.0
0,1,1144,68.0
0,2,1144,43.0
0,3,1144,41.0
0,4,1144,60.0
0,0,1145,57.0
0,1,1145,181.0
0,2,1145,26.0
0,3,1145,39.0
0,4,1145,100.0
0,0,1146,17.0
0,1,1146,39.0
0,2,1146,29.0
0,3,1146,54.0
0,4,1146,83.0
0,0,1147,36.0
0,1,1147,28.0
0,2,1147,33.0
0,3,1147,77.0
0,4,1147,127.0
0,0,1148,41.0
0,1,1148,21.0
0,2,1148,13.0
0,3,1148,29.0
0,4,1148,41.0
0,0,1149,84.0
0,1,1149,41.0
0,2,1149,33.0
0,3,1149,146.0
0,4,1149,217.0
0,0,1150,123.0
0,1,1150,56.0
0,2,1150,56.0
0,3,1150,63.0
0,4,1150,230.0
0,0,1151,36.0
0,1,1151,48.0
0,2,1151,103.0
0,3,1151,71.0
0,4,1151,131.0
0,0,1152,28.0
0,1,1152,48.0
0,2,1152,160.0
0,3,1152,33.0
0,4,1152,61.0
0,0,1153,103.0
0,1,1153,115.0
0,2,1153,28.0
0,3,1153,53.0
0,4,1153,63.0
0,0,1154,48.0
0,1,1154,39.0
0,2,1154,30.0
0,3,1154,55.0
0,4,1154,74.0
0,0,1155,58.0
0,1,1155,36.0
0,2,1155,72.0
0,3,1155,26.0
0,4,1155,154.0
0,0,1156,40.0
0,1,1156,103.0
0,2,1156,59.0
0,3,1156,43.0
0,4,1156,45.0
0,0,1157,89.0
0,1,1157,60.0
0,2,1157,34.0
0,3,1157,80.0
0,4,1157,57.0
0,0,1158,53.0
0,1,1158,74.0
0,2,1158,40.0
0,3,1158,68.0
0,4,1158,149.0
0,0,1159,32.0
0,1,1159,32.0
0,2,1159,23.0
0,3,1159,34.0
0,4,1159,207.0
0,0,1160,79.0
0,1,1160,71.0
0,2,1160,49.0
0,3,1160,45.0
0,4,1160,111.0
0,0,1161,139.0
0,1,1161,37.0
0,2,1161,91.0
0,3,1161,49.0
0,4,1161,72.0
0,0,1162,70.0
0,1,1162,36.0
0,2,1162,66.0
0,3,1162,40.0
0,4,1162,110.0
0,0,1163,39.0
0,1,1163,53.0
0,2,1163,108.0
0,3,1163,154.0
0,4,1163,26.0
0,0,1164,57.0
0,1,1164,46.0
0,2,1164,53.0
0,3,1164,22.0
0,4,1164,114.0
0,0,1165,85.0
0,1,1165,231.0
0,2,1165,78.0
0,3,1165,31.0
0,4,1165,146.0
0,0,1166,134.0
0,1,1166,109.0
0,2,1166,104.0
0,3,1166,46.0
0,4,1166,178.0
0,0,1167,64.0
0,1,1167,27.0
0,2,1167,41.0
0,3,1167,54.0
0,4,1167,113.0
0,0,1168,46.0
0,1,1168,118.0
0,2,1168,78.0
0,3,1168,74.0
0,4,1168,54.0
0,0,1169,30.0
0,1,1169,123.0
0,2,1169,28.0
0,3,1169,58.0
0,4,1169,134.0
0,0,1170,71.0
0,1,1170,126.0
0,2,1170,97.0
0,3,1170,157.0
0,4,1170,94.0
0,0,1171,112.0
0,1,1171,51.0
0,2,1171,66.0
0,3,1171,143.0
0,4,1171,86.0
0,0,1172,35.0
0,1,1172,49.0
0,2,1172,43.0
0,3,1172,122.0
0,4,1172,108.0
0,0,1173,194.0
0,1,1173,118.0
0,2,1173,42.0
0,3,1173,33.0
0,4,1173,181.0
0,0,1174,42.0
0,1,1174,99.0
0,2,1174,41.0
0,3,1174,74.0
0,4,1174,190.0
0,0,1175,24.0
0,1,1175,42.0
0,2,1175,67.0
0,3,1175,20.0
0,4,1175,96.0
0,0,1176,44.0
0,1,1176,57.0
0,2,1176,46.0
0,3,1176,47.0
0,4,1176,109.0
0,0,1177,83.0
0,1,1177,49.0
0,2,1177,46.0
0,3,1177,50.0
0,4,1177,94.0
0,0,1178,122.0
0,1,1178,82.0
0,2,1178,84.0
0,3,1178,46.0
0,4,1178,289.0
0,0,1179,31.0
0,1,1179,101.0
0,2,1179,46.0
0,3,1179,74.0
0,4,1179,254.0
0,0,1180,29.0
0,1,1180,147.0
0,2,1180,63.0
0,3,1180,124.0
0,4,1180,87.0
0,0,1181,61.0
0,1,1181,62.0
0,2,1181,36.0
0,3,1181,26.0
0,4,1181,29.0
0,0,1182,39.0
0,1,1182,65.0
0,2,1182,71.0
0,3,1182,69.0
0,4,1182,85.0
0,0,1183,51.0
0,1,1183,41.0
0,2,1183,18.0
0,3,1183,20.0
0,4,1183,66.0
0,0,1184,62.0
0,1,1184,55.0
0,2,1184,39.0
0,3,1184,41.0
0,4,1184,44.0
0,0,1185,42.0
0,1,1185,74.0
0,2,1185,53.0
0,3,1185,23.0
0,4,1185,106.0
0,0,1186,147.0
0,1,1186,190.0
0,2,1186,91.0
0,3,1186,111.0
0,4,1186,90.0
0,0,1187,52.0
0,1,1187,47.0
0,2,1187,23.0
0,3,1187,93.0
0,4,1187,152.0
0,0,1188,40.0
0,1,1188,24.0
0,2,1188,48.0
0,3,1188,69.0
0,4,1188,102.0
0,0,1189,84.0
0,1,1189,151.0
0,2,1189,23.0
0,3,1189,64.0
0,4,1189,98.0
0,0,1190,113.0
0,1,1190,36.0
0,2,1190,71.0
0,3,1190,71.0
0,4,1190,79.0
0,0,1191,56.0
0,1,1191,25.0
0,2,1191,20.0
0,3,1191,59.0
0,4,1191,65.0
0,0,1192,36.0
0,1,1192,70.0
0,2,1192,56.0
0,3,1192,58.0
0,4,1192,118.0
0,0,1193,38.0
0,1,1193,49.0
0,2,1193,63.0
0,3,1193,137.0
0,4,1193,124.0
0,0,1194,192.0
0,1,1194,60.0
0,2,1194,72.0
0,3,1194,109.0
0,4,1194,85.0
0,0,1195,31.0
0,1,1195,68.0
0,2,1195,54.0
0,3,1195,87.0
0,4,1195,63.0
0,0,1196,56.0
0,1,1196,39.0
0,2,1196,37.0
0,3,1196,94.0
0,4,1196,84.0
0,0,1197,40.0
0,1,1197,30.0
0,2,1197,109.0
0,3,1197,80.0
0,4,1197,153.0
0,0,1198,66.0
0,1,1198,78.0
0,2,1198,34.0
0,3,1198,59.0
0,4,1198,46.0
0,0,1199,61.0
0,1,1199,60.0
0,2,1199,28.0
0,3,1199,40.0
0,4,1199,181.0
0,0,1200,47.0
0,1,1200,120.0
0,2,1200,68.0
0,3,1200,14.0
0,4,1200,128.0
0,0,1201,101.0
0,1,1201,62.0
0,2,1201,212.0
0,3,1201,98.0
0,4,1201,42.0
0,0,1202,116.0
0,1,1202,121.0
0,2,1202,76.0
0,3,1202,50.0
0,4,1202,79.0
0,0,1203,95.0
0,1,1203,69.0
0,2,1203,75.0
0,3,1203,65.0
0,4,1203,156.0
0,0,1204,54.0
0,1,1204,107.0
0,2,1204,45.0
0,3,1204,45.0
0,4,1204,21.0
0,0,1205,41.0
0,1,1205,79.0
0,2,1205,51.0
0,3,1205,40.0
0,4,1205,81.0
0,0,1206,25.0
0,1,1206,66.0
0,2,1206,29.0
0,3,1206,100.0
0,4,1206,116.0
0,0,1207,21.0
0,1,1207,56.0
0,2,1207,25.0
0,3,1207,43.0
0,4,1207,187.0
0,0,1208,71.0
0,1,1208,181.0
0,2,1208,25.0
0,3,1208,156.0
0,4,1208,69.0
0,0,1209,65.0
0,1,1209,57.0
0,2,1209,31.0
0,3,1209,59.0
0,4,1209,31.0
0,0,1210,153.0
0,1,1210,33.0
0,2,1210,29.0
0,3,1210,58.0
0,4,1210,22.0
0,0,1211,119.0
0,1,1211,69.0
0,2,1211,116.0
0,3,1211,30.0
0,4,1211,103.0
0,0,1212,57.0
0,1,1212,40.0
0,2,1212,51.0
0,3,1212,71.0
0,4,1212,126.0
0,0,1213,87.0
0,1,1213,60.0
0,2,1213,41.0
0,3,1213,132.0
0,4,1213,44.0
0,0,1214,69.0
0,1,1214,134.0
0,2,1214,32.0
0,3,1214,131.0
0,4,1214,29.0
0,0,1215,128.0
0,1,1215,20.0
0,2,1215,63.0
0,3,1215,27.0
0,4,1215,20.0
0,0,1216,100.0
0,1,1216,35.0
0,2,1216,72.0
0,3,1216,164.0
0,4,1216,110.0
0,0,1217,49.0
0,1,1217,64.0
0,2,1217,44.0
0,3,1217,64.0
0,4,1217,52.0
0,0,1218,52.0
0,1,1218,60.0
0,2,1218,107.0
0,3,1218,74.0
0,4,1218,143.0
0,0,1219,214.0
0,1,1219,58.0
0,2,1219,110.0
0,3,1219,46.0
0,4,1219,91.0
0,0,1220,108.0
0,1,1220,40.0
0,2,1220,36.0
0,3,1220,56.0
0,4,1220,38.0
0,0,1221,58.0
0,1,1221,38.0
0,2,1221,24.0
0,3,1221,62.0
0,4,1221,179.0
0,0,1222,53.0
0,1,1222,124.0
0,2,1222,46.0
0,3,1222,95.0
0,4,1222,117.0
0,0,1223,174.0
0,1,1223,31.0
0,2,1223,35.0
0,3,1223,193.0
0,4,1223,60.0
0,0,1224,226.0
0,1,1224,93.0
0,2,1224,52.0
0,3,1224,113.0
0,4,1224,108.0
0,0,1225,40.0
0,1,1225,69.0
0,2,1225,55.0
0,3,1225,126.0
0,4,1225,24.0
0,0,1226,83.0
0,1,1226,46.0
0,2,1226,24.0
0,3,1226,121.0
0,4,1226,74.0
0,0,1227,109.0
0,1,1227,102.0
0,2,1227,92.0
0,3,1227,107.0
0,4,1227,43.0
0,0,1228,176.0
0,1,1228,35.0
0,2,1228,212.0
0,3,1228,59.0
0,4,1228,21.0
0,0,1229,304.0
0,1,1229,127.0
0,2,1229,40.0
0,3,1229,43.0
0,4,1229,103.0
0,0,1230,135.0
0,1,1230,133.0
0,2,1230,52.0
0,3,1230,117.0
0,4,1230,24.0
0,0,1231,62.0
0,1,1231,127.0
0,2,1231,207.0
0,3,1231,97.0
0,4,1231,51.0
0,0,1232,45.0
0,1,1232,40.0
0,2,1232,190.0
0,3,1232,49.0
0,4,1232,67.0
0,0,1233,112.0
0,1,1233,142.0
0,2,1233,111.0
0,3,1233,104.0
0,4,1233,50.0
0,0,1234,148.0
0,1,1234,167.0
0,2,1234,42.0
0,3,1234,32.0
0,4,1234,129.0
0,0,1235,199.0
0,1,1235,106.0
0,2,1235,50.0
0,3,1235,106.0
0,4,1235,180.0
0,0,1236,127.0
0,1,1236,80.0
0,2,1236,160.0
0,3,1236,149.0
0,4,1236,155.0
0,0,1237,57.0
0,1,1237,155.0
0,2,1237,77.0
0,3,1237,33.0
0,4,1237,87.0
0,0,1238,28.0
0,1,1238,76.0
0,2,1238,36.0
0,3,1238,212.0
0,4,1238,120.0
0,0,1239,102.0
0,1,1239,200.0
0,2,1239,41.0
0,3,1239,94.0
0,4,1239,142.0
0,0,1240,65.0
0,1,1240,58.0
0,2,1240,115.0
0,3,1240,119.0
0,4,1240,116.0
0,0,1241,141.0
0,1,1241,128.0
0,2,1241,43.0
0,3,1241,44.0
0,4,1241,30.0
0,0,1242,45.0
0,1,1242,50.0
0,2,1242,109.0
0,3,1242,122.0
0,4,1242,41.0
0,0,1243,31.0
0,1,1243,117.0
0,2,1243,36.0
0,3,1243,156.0
0,4,1243,33.0
0,0,1244,45.0
0,1,1244,86.0
0,2,1244,159.0
0,3,1244,94.0
0,4,1244,104.0
0,0,1245,92.0
0,1,1245,71.0
0,2,1245,26.0
0,3,1245,101.0
0,4,1245,132.0
0,0,1246,83.0
0,1,1246,107.0
0,2,1246,125.0
0,3,1246,123.0
0,4,1246,39.0
0,0,1247,91.0
0,1,1247,57.0
0,2,1247,77.0
0,3,1247,135.0
0,4,1247,94.0
0,0,1248,44.0
0,1,1248,86.0
0,2,1248,66.0
0,3,1248,56.0
0,4,1248,156.0
0,0,1249,47.0
0,1,1249,110.0
0,2,1249,39.0
0,3,1249,83.0
0,4,1249,134.0
0,0,1250,129.0
0,1,1250,109.0
0,2,1250,100.0
0,3,1250,104.0
0,4,1250,28.0
0,0,1251,92.0
0,1,1251,168.0
0,2,1251,123.0
0,3,1251,101.0
0,4,1251,24.0
0,0,1252,148.0
0,1,1252,171.0
0,2,1252,63.0
0,3,1252,260.0
0,4,1252,108.0
0,0,1253,107.0
0,1,1253,56.0
0,2,1253,47.0
0,3,1253,62.0
0,4,1253,159.0
0,0,1254,104.0
0,1,1254,119.0
0,2,1254,34.0
0,3,1254,233.0
0,4,1254,228.0
0,0,1255,39.0
0,1,1255,139.0
0,2,1255,26.0
0,3,1255,120.0
0,4,1255,87.0
0,0,1256,102.0
0,1,1256,285.0
0,2,1256,23.0
0,3,1256,77.0
0,4,1256,102.0
0,0,1257,57.0
0,1,1257,78.0
0,2,1257,61.0
0,3,1257,144.0
0,4,1257,132.0
0,0,1258,119.0
0,1,1258,43.0
0,2,1258,45.0
0,3,1258,48.0
0,4,1258,51.0
0,0,1259,122.0
0,1,1259,67.0
0,2,1259,105.0
0,3,1259,136.0
0,4,1259,239.0
0,0,1260,90.0
0,1,1260,94.0
0,2,1260,94.0
0,3,1260,87.0
0,4,1260,167.0
0,0,1261,109.0
0,1,1261,194.0
0,2,1261,104.0
0,3,1261,54.0
0,4,1261,196.0
0,0,1262,71.0
0,1,1262,58.0
0,2,1262,66.0
0,3,1262,64.0
0,4,1262,156.0
0,0,1263,135.0
0,1,1263,361.0
0,2,1263,49.0
0,3,1263,156.0
0,4,1263,302.0
0,0,1264,203.0
0,1,1264,285.0
0,2,1264,44.0
0,3,1264,140.0
0,4,1264,120.0
0,0,1265,45.0
0,1,1265,101.0
0,2,1265,55.0
0,3,1265,117.0
0,4,1265,295.0
0,0,1266,30.0
0,1,1266,123.0
0,2,1266,219.0
0,3,1266,90.0
0,4,1266,253.0
0,0,1267,133.0
0,1,1267,130.0
0,2,1267,56.0
0,3,1267,124.0
0,4,1267,148.0
0,0,1268,142.0
0,1,1268,92.0
0,2,1268,58.0
0,3,1268,62.0
0,4,1268,260.0
0,0,1269,60.0
0,1,1269,73.0
0,2,1269,153.0
0,3,1269,96.0
0,4,1269,227.0
0,0,1270,108.0
0,1,1270,139.0
0,2,1270,70.0
0,3,1270,168.0
0,4,1270,188.0
0,0,1271,147.0
0,1,1271,248.0
0,2,1271,39.0
0,3,1271,71.0
0,4,1271,255.0
0,0,1272,212.0
0,1,1272,163.0
0,2,1272,87.0
0,3,1272,59.0
0,4,1272,207.0
0,0,1273,166.0
0,1,1273,64.0
0,2,1273,71.0
0,3,1273,207.0
0,4,1273,67.0
0,0,1274,78.0
0,1,1274,162.0
0,2,1274,10.0
0,3,1274,187.0
0,4,1274,275.0
0,0,1275,168.0
0,1,1275,354.0
0,2,1275,37.0
0,3,1275,193.0
0,4,1275,323.0
0,0,1276,136.0
0,1,1276,263.0
0,2,1276,73.0
0,3,1276,20.0
0,4,1276,124.0
0,0,1277,147.0
0,1,1277,337.0
0,2,1277,55.0
0,3,1277,81.0
0,4,1277,148.0
0,0,1278,53.0
0,1,1278,314.0
0,2,1278,94.0
0,3,1278,140.0
0,4,1278,90.0
0,0,1279,225.0
0,1,1279,136.0
0,2,1279,37.0
0,3,1279,123.0
0,4,1279,322.0
0,0,1280,52.0
0,1,1280,130.0
0,2,1280,166.0
0,3,1280,29.0
0,4,1280,112.0
0,0,1281,132.0
0,1,1281,166.0
0,2,1281,104.0
0,3,1281,89.0
0,4,1281,289.0
0,0,1282,114.0
0,1,1282,247.0
0,2,1282,50.0
0,3,1282,192.0
0,4,1282,208.0
0,0,1283,183.0
0,1,1283,170.0
0,2,1283,74.0
0,3,1283,99.0
0,4,1283,199.0
0,0,1284,147.0
0,1,1284,113.0
0,2,1284,100.0
0,3,1284,211.0
0,4,1284,123.0
0,0,1285,89.0
0,1,1285,75.0
0,2,1285,117.0
0,3,1285,120.0
0,4,1285,356.0
0,0,1286,149.0
0,1,1286,184.0
0,2,1286,82.0
0,3,1286,77.0
0,4,1286,101.0
0,0,1287,96.0
0,1,1287,111.0
0,2,1287,207.0
0,3,1287,116.0
0,4,1287,119.0
0,0,1288,150.0
0,1,1288,40.0
0,2,1288,127.0
0,3,1288,139.0
0,4,1288,251.0
0,0,1289,109.0
0,1,1289,73.0
0,2,1289,41.0
0,3,1289,119.0
0,4,1289,362.0
0,0,1290,203.0
0,1,1290,141.0
0,2,1290,28.0
0,3,1290,77.0
0,4,1290,321.0
0,0,1291,131.0
0,1,1291,50.0
0,2,1291,127.0
0,3,1291,39.0
0,4,1291,136.0
0,0,1292,234.0
0,1,1292,103.0
0,2,1292,209.0
0,3,1292,146.0
0,4,1292,174.0
0,0,1293,195.0
0,1,1293,84.0
0,2,1293,37.0
0,3,1293,27.0
0,4,1293,100.0
0,0,1294,98.0
0,1,1294,210.0
0,2,1294,63.0
0,3,1294,92.0
0,4,1294,221.0
0,0,1295,57.0
0,1,1295,257.0
0,2,1295,140.0
0,3,1295,69.0
0,4,1295,191.0
0,0,1296,229.0
0,1,1296,333.0
0,2,1296,104.0
0,3,1296,37.0
0,4,1296,166.0
0,0,1297,146.0
0,1,1297,220.0
0,2,1297,222.0
0,3,1297,75.0
0,4,1297,333.0
0,0,1298,91.0
0,1,1298,308.0
0,2,1298,123.0
0,3,1298,110.0
0,4,1298,303.0
0,0,1299,216.0
0,1,1299,63.0
0,2,1299,155.0
0,3,1299,89.0
0,4,1299,263.0
0,0,1300,87.0
0,1,1300,388.0
0,2,1300,198.0
0,3,1300,36.0
0,4,1300,318.0
0,0,1301,147.0
0,1,1301,238.0
0,2,1301,75.0
0,3,1301,20.0
0,4,1301,270.0
0,0,1302,270.0
0,1,1302,235.0
0,2,1302,89.0
0,3,1302,182.0
0,4,1302,289.0
0,0,1303,121.0
0,1,1303,400.0
0,2,1303,109.0
0,3,1303,76.0
0,4,1303,257.0
0,0,1304,159.0
0,1,1304,400.0
0,2,1304,68.0
0,3,1304,74.0
0,4,1304,288.0
0,0,1305,279.0
0,1,1305,143.0
0,2,1305,171.0
0,3,1305,96.0
0,4,1305,273.0
0,0,1306,228.0
0,1,1306,200.0
0,2,1306,36.0
0,3,1306,44.0
0,4,1306,187.0
0,0,1307,272.0
0,1,1307,400.0
0,2,1307,111.0
0,3,1307,39.0
0,4,1307,291.0
0,0,1308,199.0
0,1,1308,147.0
0,2,1308,96.0
0,3,1308,233.0
0,4,1308,247.0
0,0,1309,264.0
0,1,1309,400.0
0,2,1309,132.0
0,3,1309,39.0
0,4,1309,291.0
0,0,1310,208.0
0,1,1310,110.0
0,2,1310,99.0
0,3,1310,161.0
0,4,1310,319.0
0,0,1311,203.0
0,1,1311,360.0
0,2,1311,44.0
0,3,1311,79.0
0,4,1311,212.0
0,0,1312,130.0
0,1,1312,346.0
0,2,1312,92.0
0,3,1312,18.0
0,4,1312,224.0
0,0,1313,162.0
0,1,1313,66.0
0,2,1313,147.0
0,3,1313,87.0
0,4,1313,223.0
0,0,1314,200.0
0,1,1314,290.0
0,2,1314,106.0
0,3,1314,93.0
0,4,1314,387.0
0,0,1315,174.0
0,1,1315,131.0
0,2,1315,87.0
0,3,1315,170.0
0,4,1315,220.0
0,0,1316,165.0
0,1,1316,140.0
0,2,1316,120.0
0,3,1316,179.0
0,4,1316,214.0
0,0,1317,123.0
0,1,1317,400.0
0,2,1317,52.0
0,3,1317,184.0
0,4,1317,211.0
0,0,1318,178.0
0,1,1318,90.0
0,2,1318,48.0
0,3,1318,162.0
0,4,1318,243.0
0,0,1319,207.0
0,1,1319,297.0
0,2,1319,27.0
0,3,1319,180.0
0,4,1319,229.0
0,0,1320,204.0
0,1,1320,149.0
0,2,1320,120.0
0,3,1320,181.0
0,4,1320,295.0
0,0,1321,204.0
0,1,1321,206.0
0,2,1321,254.0
0,3,1321,19.0
0,4,1321,199.0
0,0,1322,209.0
0,1,1322,360.0
0,2,1322,56.0
0,3,1322,175.0
0,4,1322,216.0
0,0,1323,85.0
0,1,1323,168.0
0,2,1323,83.0
0,3,1323,20.0
0,4,1323,207.0
0,0,1324,201.0
0,1,1324,119.0
0,2,1324,126.0
0,3,1324,169.0
0,4,1324,266.0
0,0,1325,301.0
0,1,1325,81.0
0,2,1325,63.0
0,3,1325,20.0
0,4,1325,243.0
0,0,1326,113.0
0,1,1326,386.0
0,2,1326,42.0
0,3,1326,124.0
0,4,1326,253.0
0,0,1327,249.0
0,1,1327,177.0
0,2,1327,156.0
0,3,1327,129.0
0,4,1327,183.0
0,0,1328,193.0
0,1,1328,206.0
0,2,1328,107.0
0,3,1328,26.0
0,4,1328,234.0
0,0,1329,212.0
0,1,1329,182.0
0,2,1329,206.0
0,3,1329,174.0
0,4,1329,225.0
0,0,1330,139.0
0,1,1330,285.0
0,2,1330,90.0
0,3,1330,177.0
0,4,1330,221.0
0,0,1331,158.0
0,1,1331,321.0
0,2,1331,98.0
0,3,1331,151.0
0,4,1331,242.0
0,0,1332,161.0
0,1,1332,238.0
0,2,1332,78.0
0,3,1332,152.0
0,4,1332,204.0
0,0,1333,148.0
0,1,1333,339.0
0,2,1333,88.0
0,3,1333,174.0
0,4,1333,217.0
0,0,1334,127.0
0,1,1334,295.0
0,2,1334,108.0
0,3,1334,160.0
0,4,1334,200.0
0,0,1335,180.0
0,1,1335,400.0
0,2,1335,353.0
0,3,1335,141.0
0,4,1335,210.0
0,0,1336,252.0
0,1,1336,110.0
0,2,1336,127.0
0,3,1336,137.0
0,4,1336,310.0
0,0,1337,168.0
0,1,1337,325.0
0,2,1337,104.0
0,3,1337,183.0
0,4,1337,298.0
0,0,1338,207.0
0,1,1338,204.0
0,2,1338,119.0
0,3,1338,193.0
0,4,1338,289.0
0,0,1339,205.0
0,1,1339,364.0
0,2,1339,106.0
0,3,1339,146.0
0,4,1339,267.0
0,0,1340,92.0
0,1,1340,400.0
0,2,1340,60.0
0,3,1340,188.0
0,4,1340,225.0
0,0,1341,92.0
0,1,1341,400.0
0,2,1341,106.0
0,3,1341,185.0
0,4,1341,238.0
0,0,1342,209.0
0,1,1342,400.0
0,2,1342,81.0
0,3,1342,210.0
0,4,1342,205.0
0,0,1343,141.0
0,1,1343,151.0
0,2,1343,75.0
0,3,1343,186.0
0,4,1343,384.0
0,0,1344,97.0
0,1,1344,247.0
0,2,1344,45.0
0,3,1344,183.0
0,4,1344,231.0
0,0,1345,179.0
0,1,1345,197.0
0,2,1345,136.0
0,3,1345,269.0
0,4,1345,220.0
0,0,1346,136.0
0,1,1346,217.0
0,2,1346,75.0
0,3,1346,187.0
0,4,1346,197.0
0,0,1347,171.0
0,1,1347,400.0
0,2,1347,264.0
0,3,1347,232.0
0,4,1347,262.0
0,0,1348,186.0
0,1,1348,372.0
0,2,1348,118.0
0,3,1348,219.0
0,4,1348,259.0
0,0,1349,180.0
0,1,1349,201.0
0,2,1349,138.0
0,3,1349,284.0
0,4,1349,254.0
0,0,1350,190.0
0,1,1350,390.0
0,2,1350,74.0
0,3,1350,400.0
0,4,1350,251.0
0,0,1351,194.0
0,1,1351,376.0
0,2,1351,68.0
0,3,1351,242.0
0,4,1351,285.0
0,0,1352,200.0
0,1,1352,223.0
0,2,1352,35.0
0,3,1352,292.0
0,4,1352,188.0
0,0,1353,121.0
0,1,1353,400.0
0,2,1353,141.0
0,3,1353,274.0
0,4,1353,277.0
0,0,1354,221.0
0,1,1354,296.0
0,2,1354,93.0
0,3,1354,239.0
0,4,1354,232.0
0,0,1355,182.0
0,1,1355,369.0
0,2,1355,203.0
0,3,1355,400.0
0,4,1355,281.0
0,0,1356,134.0
0,1,1356,323.0
0,2,1356,120.0
0,3,1356,296.0
0,4,1356,246.0
0,0,1357,125.0
0,1,1357,282.0
0,2,1357,124.0
0,3,1357,400.0
0,4,1357,196.0
0,0,1358,182.0
0,1,1358,400.0
0,2,1358,108.0
0,3,1358,400.0
0,4,1358,209.0
0,0,1359,232.0
0,1,1359,229.0
0,2,1359,238.0
0,3,1359,233.0
0,4,1359,280.0
0,0,1360,168.0
0,1,1360,300.0
0,2,1360,166.0
0,3,1360,202.0
0,4,1360,349.0
0,0,1361,146.0
0,1,1361,321.0
0,2,1361,213.0
0,3,1361,234.0
0,4,1361,256.0
0,0,1362,120.0
0,1,1362,217.0
0,2,1362,214.0
0,3,1362,235.0
0,4,1362,213.0
0,0,1363,169.0
0,1,1363,164.0
0,2,1363,94.0
0,3,1363,377.0
0,4,1363,263.0
0,0,1364,158.0
0,1,1364,400.0
0,2,1364,96.0
0,3,1364,263.0
0,4,1364,141.0
0,0,1365,181.0
0,1,1365,400.0
0,2,1365,72.0
0,3,1365,400.0
0,4,1365,249.0
0,0,1366,160.0
0,1,1366,261.0
0,2,1366,164.0
0,3,1366,238.0
0,4,1366,200.0
0,0,1367,183.0
0,1,1367,247.0
0,2,1367,63.0
0,3,1367,292.0
0,4,1367,275.0
0,0,1368,86.0
0,1,1368,229.0
0,2,1368,320.0
0,3,1368,400.0
0,4,1368,324.0
0,0,1369,155.0
0,1,1369,400.0
0,2,1369,88.0
0,3,1369,350.0
0,4,1369,224.0
0,0,1370,180.0
0,1,1370,123.0
0,2,1370,93.0
0,3,1370,298.0
0,4,1370,254.0
0,0,1371,183.0
0,1,1371,233.0
0,2,1371,145.0
0,3,1371,308.0
0,4,1371,290.0
0,0,1372,213.0
0,1,1372,336.0
0,2,1372,143.0
0,3,1372,364.0
0,4,1372,291.0
0,0,1373,188.0
0,1,1373,256.0
0,2,1373,169.0
0,3,1373,334.0
0,4,1373,162.0
0,0,1374,191.0
0,1,1374,150.0
0,2,1374,327.0
0,3,1374,258.0
0,4,1374,260.0
0,0,1375,281.0
0,1,1375,186.0
0,2,1375,68.0
0,3,1375,400.0
0,4,1375,365.0
0,0,1376,181.0
0,1,1376,269.0
0,2,1376,133.0
0,3,1376,219.0
0,4,1376,201.0
0,0,1377,125.0
0,1,1377,244.0
0,2,1377,134.0
0,3,1377,329.0
0,4,1377,354.0
0,0,1378,99.0
0,1,1378,400.0
0,2,1378,243.0
0,3,1378,298.0
0,4,1378,153.0
0,0,1379,190.0
0,1,1379,296.0
0,2,1379,400.0
0,3,1379,184.0
0,4,1379,231.0
0,0,1380,119.0
0,1,1380,400.0
0,2,1380,336.0
0,3,1380,400.0
0,4,1380,295.0
0,0,1381,205.0
0,1,1381,247.0
0,2,1381,238.0
0,3,1381,275.0
0,4,1381,86.0
0,0,1382,200.0
0,1,1382,262.0
0,2,1382,119.0
0,3,1382,274.0
0,4,1382,400.0
0,0,1383,164.0
0,1,1383,244.0
0,2,1383,193.0
0,3,1383,237.0
0,4,1383,287.0
0,0,1384,124.0
0,1,1384,239.0
0,2,1384,132.0
0,3,1384,284.0
0,4,1384,400.0
0,0,1385,184.0
0,1,1385,224.0
0,2,1385,295.0
0,3,1385,306.0
0,4,1385,400.0
0,0,1386,198.0
0,1,1386,387.0
0,2,1386,61.0
0,3,1386,330.0
0,4,1386,208.0
0,0,1387,212.0
0,1,1387,400.0
0,2,1387,15.0
0,3,1387,265.0
0,4,1387,282.0
0,0,1388,133.0
0,1,1388,400.0
0,2,1388,291.0
0,3,1388,192.0
0,4,1388,229.0
0,0,1389,201.0
0,1,1389,387.0
0,2,1389,400.0
0,3,1389,245.0
0,4,1389,73.0
0,0,1390,190.0
0,1,1390,167.0
0,2,1390,87.0
0,3,1390,336.0
0,4,1390,400.0
0,0,1391,230.0
0,1,1391,400.0
0,2,1391,25.0
0,3,1391,279.0
0,4,1391,247.0
0,0,1392,287.0
0,1,1392,335.0
0,2,1392,138.0
0,3,1392,248.0
0,4,1392,236.0
0,0,1393,99.0
0,1,1393,232.0
0,2,1393,187.0
0,3,1393,349.0
0,4,1393,164.0
0,0,1394,136.0
0,1,1394,344.0
0,2,1394,161.0
0,3,1394,291.0
0,4,1394,136.0
0,0,1395,161.0
0,1,1395,309.0
0,2,1395,316.0
0,3,1395,321.0
0,4,1395,186.0
0,0,1396,98.0
0,1,1396,326.0
0,2,1396,187.0
0,3,1396,283.0
0,4,1396,206.0
0,0,1397,188.0
0,1,1397,400.0
0,2,1397,310.0
0,3,1397,82.0
0,4,1397,193.0
0,0,1398,235.0
0,1,1398,400.0
0,2,1398,142.0
0,3,1398,145.0
0,4,1398,67.0
0,0,1399,157.0
0,1,1399,371.0
0,2,1399,141.0
0,3,1399,291.0
0,4,1399,171.0
0,0,1400,156.0
0,1,1400,389.0
0,2,1400,291.0
0,3,1400,234.0
0,4,1400,138.0
0,0,1401,244.0
0,1,1401,332.0
0,2,1401,108.0
0,3,1401,251.0
0,4,1401,146.0
0,0,1402,74.0
0,1,1402,330.0
0,2,1402,356.0
0,3,1402,202.0
0,4,1402,151.0
0,0,1403,170.0
0,1,1403,243.0
0,2,1403,238.0
0,3,1403,91.0
0,4,1403,213.0
0,0,1404,191.0
0,1,1404,323.0
0,2,1404,79.0
0,3,1404,251.0
0,4,1404,149.0
0,0,1405,190.0
0,1,1405,400.0
0,2,1405,179.0
0,3,1405,240.0
0,4,1405,226.0
0,0,1406,150.0
0,1,1406,337.0
0,2,1406,195.0
0,3,1406,382.0
0,4,1406,179.0
0,0,1407,183.0
0,1,1407,327.0
0,2,1407,177.0
0,3,1407,241.0
0,4,1407,176.0
0,0,1408,170.0
0,1,1408,382.0
0,2,1408,195.0
0,3,1408,87.0
0,4,1408,30.0
0,0,1409,59.0
0,1,1409,256.0
0,2,1409,196.0
0,3,1409,295.0
0,4,1409,182.0
0,0,1410,141.0
0,1,1410,367.0
0,2,1410,222.0
0,3,1410,400.0
0,4,1410,175.0
0,0,1411,46.0
0,1,1411,222.0
0,2,1411,153.0
0,3,1411,202.0
0,4,1411,123.0
0,0,1412,111.0
0,1,1412,335.0
0,2,1412,186.0
0,3,1412,222.0
0,4,1412,48.0
0,0,1413,175.0
0,1,1413,203.0
0,2,1413,193.0
0,3,1413,44.0
0,4,1413,210.0
0,0,1414,249.0
0,1,1414,205.0
0,2,1414,132.0
0,3,1414,239.0
0,4,1414,240.0
0,0,1415,285.0
0,1,1415,256.0
0,2,1415,141.0
0,3,1415,367.0
0,4,1415,151.0
0,0,1416,176.0
0,1,1416,322.0
0,2,1416,123.0
0,3,1416,189.0
0,4,1416,142.0
0,0,1417,111.0
0,1,1417,380.0
0,2,1417,157.0
0,3,1417,212.0
0,4,1417,176.0
0,0,1418,113.0
0,1,1418,290.0
0,2,1418,138.0
0,3,1418,215.0
0,4,1418,226.0
0,0,1419,202.0
0,1,1419,400.0
0,2,1419,273.0
0,3,1419,87.0
0,4,1419,244.0
0,0,1420,190.0
0,1,1420,349.0
0,2,1420,137.0
0,3,1420,89.0
0,4,1420,146.0
0,0,1421,158.0
0,1,1421,269.0
0,2,1421,155.0
0,3,1421,234.0
0,4,1421,400.0
0,0,1422,131.0
0,1,1422,300.0
0,2,1422,230.0
0,3,1422,156.0
0,4,1422,400.0
0,0,1423,222.0
0,1,1423,400.0
0,2,1423,110.0
0,3,1423,156.0
0,4,1423,400.0
0,0,1424,220.0
0,1,1424,296.0
0,2,1424,200.0
0,3,1424,217.0
0,4,1424,177.0
0,0,1425,247.0
0,1,1425,339.0
0,2,1425,353.0
0,3,1425,178.0
0,4,1425,195.0
0,0,1426,194.0
0,1,1426,338.0
0,2,1426,159.0
0,3,1426,249.0
0,4,1426,224.0
0,0,1427,209.0
0,1,1427,312.0
0,2,1427,140.0
0,3,1427,171.0
0,4,1427,157.0
0,0,1428,203.0
0,1,1428,400.0
0,2,1428,162.0
0,3,1428,156.0
0,4,1428,400.0
0,0,1429,237.0
0,1,1429,302.0
0,2,1429,156.0
0,3,1429,168.0
0,4,1429,400.0
0,0,1430,102.0
0,1,1430,317.0
0,2,1430,239.0
0,3,1430,248.0
0,4,1430,311.0
0,0,1431,172.0
0,1,1431,385.0
0,2,1431,141.0
0,3,1431,257.0
0,4,1431,217.0
0,0,1432,219.0
0,1,1432,400.0
0,2,1432,174.0
0,3,1432,301.0
0,4,1432,160.0
0,0,1433,103.0
0,1,1433,400.0
0,2,1433,349.0
0,3,1433,364.0
0,4,1433,138.0
0,0,1434,159.0
0,1,1434,400.0
0,2,1434,141.0
0,3,1434,283.0
0,4,1434,400.0
0,0,1435,296.0
0,1,1435,347.0
0,2,1435,107.0
0,3,1435,193.0
0,4,1435,115.0
0,0,1436,264.0
0,1,1436,312.0
0,2,1436,198.0
0,3,1436,400.0
0,4,1436,400.0
0,0,1437,128.0
0,1,1437,380.0
0,2,1437,318.0
0,3,1437,208.0
0,4,1437,120.0
0,0,1438,104.0
0,1,1438,248.0
0,2,1438,291.0
0,3,1438,87.0
0,4,1438,177.0
0,0,1439,206.0
0,1,1439,311.0
0,2,1439,124.0
0,3,1439,269.0
0,4,1439,128.0
0,0,1440,275.0
0,1,1440,400.0
0,2,1440,248.0
0,3,1440,400.0
0,4,1440,233.0
0,0,1441,207.0
0,1,1441,400.0
0,2,1441,108.0
0,3,1441,128.0
0,4,1441,160.0
0,0,1442,221.0
0,1,1442,400.0
0,2,1442,238.0
0,3,1442,216.0
0,4,1442,250.0
0,0,1443,186.0
0,1,1443,393.0
0,2,1443,162.0
0,3,1443,383.0
0,4,1443,263.0
0,0,1444,229.0
0,1,1444,290.0
0,2,1444,303.0
0,3,1444,155.0
0,4,1444,400.0
0,0,1445,211.0
0,1,1445,384.0
0,2,1445,189.0
0,3,1445,212.0
0,4,1445,124.0
0,0,1446,231.0
0,1,1446,282.0
0,2,1446,291.0
0,3,1446,265.0
0,4,1446,400.0
0,0,1447,203.0
0,1,1447,400.0
0,2,1447,215.0
0,3,1447,198.0
0,4,1447,142.0
0,0,1448,185.0
0,1,1448,365.0
0,2,1448,400.0
0,3,1448,400.0
0,4,1448,400.0
0,0,1449,109.0
0,1,1449,400.0
0,2,1449,202.0
0,3,1449,332.0
0,4,1449,400.0
0,0,1450,251.0
0,1,1450,400.0
0,2,1450,144.0
0,3,1450,400.0
0,4,1450,177.0
0,0,1451,252.0
0,1,1451,172.0
0,2,1451,400.0
0,3,1451,220.0
0,4,1451,199.0
0,0,1452,117.0
0,1,1452,400.0
0,2,1452,324.0
0,3,1452,237.0
0,4,1452,400.0
0,0,1453,254.0
0,1,1453,400.0
0,2,1453,295.0
0,3,1453,184.0
0,4,1453,400.0
0,0,1454,248.0
0,1,1454,369.0
0,2,1454,150.0
0,3,1454,104.0
0,4,1454,400.0
0,0,1455,131.0
0,1,1455,389.0
0,2,1455,187.0
0,3,1455,147.0
0,4,1455,400.0
0,0,1456,135.0
0,1,1456,222.0
0,2,1456,213.0
0,3,1456,269.0
0,4,1456,400.0
0,0,1457,246.0
0,1,1457,400.0
0,2,1457,109.0
0,3,1457,274.0
0,4,1457,400.0
0,0,1458,147.0
0,1,1458,101.0
0,2,1458,193.0
0,3,1458,229.0
0,4,1458,137.0
0,0,1459,224.0
0,1,1459,316.0
0,2,1459,205.0
0,3,1459,400.0
0,4,1459,400.0
0,0,1460,206.0
0,1,1460,298.0
0,2,1460,112.0
0,3,1460,400.0
0,4,1460,400.0
0,0,1461,202.0
0,1,1461,260.0
0,2,1461,193.0
0,3,1461,381.0
0,4,1461,337.0
0,0,1462,192.0
0,1,1462,235.0
0,2,1462,177.0
0,3,1462,216.0
0,4,1462,247.0
0,0,1463,252.0
0,1,1463,269.0
0,2,1463,230.0
0,3,1463,271.0
0,4,1463,400.0
0,0,1464,177.0
0,1,1464,295.0
0,2,1464,229.0
0,3,1464,221.0
0,4,1464,329.0
0,0,1465,88.0
0,1,1465,79.0
0,2,1465,230.0
0,3,1465,210.0
0,4,1465,58.0
0,0,1466,238.0
0,1,1466,329.0
0,2,1466,143.0
0,3,1466,197.0
0,4,1466,307.0
0,0,1467,183.0
0,1,1467,201.0
0,2,1467,216.0
0,3,1467,179.0
0,4,1467,356.0
0,0,1468,370.0
0,1,1468,400.0
0,2,1468,206.0
0,3,1468,222.0
0,4,1468,312.0
0,0,1469,83.0
0,1,1469,234.0
0,2,1469,299.0
0,3,1469,293.0
0,4,1469,354.0
0,0,1470,227.0
0,1,1470,370.0
0,2,1470,264.0
0,3,1470,218.0
0,4,1470,339.0
0,0,1471,308.0
0,1,1471,400.0
0,2,1471,161.0
0,3,1471,304.0
0,4,1471,113.0
0,0,1472,185.0
0,1,1472,365.0
0,2,1472,225.0
0,3,1472,299.0
0,4,1472,289.0
0,0,1473,111.0
0,1,1473,400.0
0,2,1473,253.0
0,3,1473,171.0
0,4,1473,341.0
0,0,1474,136.0
0,1,1474,103.0
0,2,1474,198.0
0,3,1474,237.0
0,4,1474,296.0
0,0,1475,271.0
0,1,1475,302.0
0,2,1475,229.0
0,3,1475,276.0
0,4,1475,293.0
0,0,1476,167.0
0,1,1476,56.0
0,2,1476,232.0
0,3,1476,363.0
0,4,1476,314.0
0,0,1477,115.0
0,1,1477,266.0
0,2,1477,290.0
0,3,1477,400.0
0,4,1477,252.0
0,0,1478,208.0
0,1,1478,237.0
0,2,1478,349.0
0,3,1478,274.0
0,4,1478,271.0
0,0,1479,251.0
0,1,1479,73.0
0,2,1479,326.0
0,3,1479,303.0
0,4,1479,255.0
0,0,1480,109.0
0,1,1480,400.0
0,2,1480,95.0
0,3,1480,223.0
0,4,1480,276.0
0,0,1481,184.0
0,1,1481,335.0
0,2,1481,107.0
0,3,1481,178.0
0,4,1481,299.0
0,0,1482,232.0
0,1,1482,237.0
0,2,1482,144.0
0,3,1482,168.0
0,4,1482,261.0
0,0,1483,288.0
0,1,1483,340.0
0,2,1483,288.0
0,3,1483,191.0
0,4,1483,378.0
0,0,1484,218.0
0,1,1484,400.0
0,2,1484,233.0
0,3,1484,249.0
0,4,1484,218.0
0,0,1485,134.0
0,1,1485,279.0
0,2,1485,79.0
0,3,1485,304.0
0,4,1485,258.0
0,0,1486,247.0
0,1,1486,332.0
0,2,1486,400.0
0,3,1486,352.0
0,4,1486,289.0
0,0,1487,206.0
0,1,1487,327.0
0,2,1487,325.0
0,3,1487,298.0
0,4,1487,335.0
0,0,1488,181.0
0,1,1488,144.0
0,2,1488,166.0
0,3,1488,272.0
0,4,1488,224.0
0,0,1489,290.0
0,1,1489,389.0
0,2,1489,204.0
0,3,1489,221.0
0,4,1489,307.0
0,0,1490,235.0
0,1,1490,400.0
0,2,1490,154.0
0,3,1490,252.0
0,4,1490,317.0
0,0,1491,302.0
0,1,1491,400.0
0,2,1491,154.0
0,3,1491,253.0
0,4,1491,291.0
0,0,1492,185.0
0,1,1492,224.0
0,2,1492,400.0
0,3,1492,254.0
0,4,1492,312.0
0,0,1493,255.0
0,1,1493,310.0
0,2,1493,400.0
0,3,1493,189.0
0,4,1493,294.0
0,0,1494,137.0
0,1,1494,325.0
0,2,1494,119.0
0,3,1494,230.0
0,4,1494,271.0
0,0,1495,260.0
0,1,1495,400.0
0,2,1495,142.0
0,3,1495,349.0
0,4,1495,246.0
0,0,1496,182.0
0,1,1496,358.0
0,2,1496,219.0
0,3,1496,286.0
0,4,1496,244.0
0,0,1497,228.0
0,1,1497,208.0
0,2,1497,400.0
0,3,1497,281.0
0,4,1497,258.0
0,0,1498,397.0
0,1,1498,400.0
0,2,1498,316.0
0,3,1498,341.0
0,4,1498,279.0
0,0,1499,192.0
0,1,1499,290.0
0,2,1499,208.0
0,3,1499,181.0
0,4,1499,277.0
0,0,1500,95.0
0,1,1500,400.0
0,2,1500,339.0
0,3,1500,248.0
0,4,1500,293.0
0,0,1501,314.0
0,1,1501,314.0
0,2,1501,266.0
0,3,1501,296.0
0,4,1501,262.0
0,0,1502,242.0
0,1,1502,336.0
0,2,1502,400.0
0,3,1502,342.0
0,4,1502,267.0
0,0,1503,327.0
0,1,1503,400.0
0,2,1503,400.0
0,3,1503,400.0
0,4,1503,307.0
0,0,1504,274.0
0,1,1504,400.0
0,2,1504,400.0
0,3,1504,400.0
0,4,1504,263.0
0,0,1505,113.0
0,1,1505,400.0
0,2,1505,400.0
0,3,1505,345.0
0,4,1505,342.0
0,0,1506,240.0
0,1,1506,218.0
0,2,1506,352.0
0,3,1506,234.0
0,4,1506,274.0
0,0,1507,264.0
0,1,1507,394.0
0,2,1507,400.0
0,3,1507,400.0
0,4,1507,265.0
0,0,1508,120.0
0,1,1508,400.0
0,2,1508,400.0
0,3,1508,295.0
0,4,1508,344.0
0,0,1509,177.0
0,1,1509,400.0
0,2,1509,384.0
0,3,1509,282.0
0,4,1509,285.0
0,0,1510,213.0
0,1,1510,400.0
0,2,1510,400.0
0,3,1510,248.0
0,4,1510,233.0
0,0,1511,301.0
0,1,1511,400.0
0,2,1511,352.0
0,3,1511,227.0
0,4,1511,305.0
0,0,1512,255.0
0,1,1512,400.0
0,2,1512,400.0
0,3,1512,284.0
0,4,1512,322.0
0,0,1513,138.0
0,1,1513,400.0
0,2,1513,352.0
0,3,1513,196.0
0,4,1513,400.0
0,0,1514,343.0
0,1,1514,334.0
0,2,1514,400.0
0,3,1514,225.0
0,4,1514,257.0
0,0,1515,141.0
0,1,1515,369.0
0,2,1515,400.0
0,3,1515,103.0
0,4,1515,356.0
0,0,1516,295.0
0,1,1516,400.0
0,2,1516,400.0
0,3,1516,349.0
0,4,1516,311.0
0,0,1517,263.0
0,1,1517,329.0
0,2,1517,400.0
0,3,1517,332.0
0,4,1517,283.0
0,0,1518,74.0
0,1,1518,400.0
0,2,1518,260.0
0,3,1518,223.0
0,4,1518,297.0
0,0,1519,285.0
0,1,1519,400.0
0,2,1519,343.0
0,3,1519,400.0
0,4,1519,400.0
0,0,1520,335.0
0,1,1520,258.0
0,2,1520,333.0
0,3,1520,282.0
0,4,1520,349.0
0,0,1521,348.0
0,1,1521,216.0
0,2,1521,250.0
0,3,1521,153.0
0,4,1521,291.0
0,0,1522,104.0
0,1,1522,265.0
0,2,1522,279.0
0,3,1522,209.0
0,4,1522,386.0
0,0,1523,281.0
0,1,1523,161.0
0,2,1523,311.0
0,3,1523,286.0
0,4,1523,310.0
0,0,1524,311.0
0,1,1524,400.0
0,2,1524,400.0
0,3,1524,181.0
0,4,1524,130.0
0,0,1525,278.0
0,1,1525,389.0
0,2,1525,296.0
0,3,1525,216.0
0,4,1525,344.0
0,0,1526,361.0
0,1,1526,282.0
0,2,1526,298.0
0,3,1526,303.0
0,4,1526,365.0
0,0,1527,277.0
0,1,1527,400.0
0,2,1527,332.0
0,3,1527,400.0
0,4,1527,303.0
0,0,1528,205.0
0,1,1528,242.0
0,2,1528,214.0
0,3,1528,389.0
0,4,1528,337.0
0,0,1529,88.0
0,1,1529,81.0
0,2,1529,251.0
0,3,1529,400.0
0,4,1529,173.0
0,0,1530,312.0
0,1,1530,400.0
0,2,1530,263.0
0,3,1530,278.0
0,4,1530,400.0
0,0,1531,272.0
0,1,1531,215.0
0,2,1531,141.0
0,3,1531,220.0
0,4,1531,400.0
0,0,1532,356.0
0,1,1532,368.0
0,2,1532,240.0
0,3,1532,400.0
0,4,1532,135.0
0,0,1533,389.0
0,1,1533,400.0
0,2,1533,223.0
0,3,1533,251.0
0,4,1533,174.0
0,0,1534,400.0
0,1,1534,400.0
0,2,1534,173.0
0,3,1534,309.0
0,4,1534,392.0
0,0,1535,351.0
0,1,1535,400.0
0,2,1535,211.0
0,3,1535,112.0
0,4,1535,400.0
0,0,1536,400.0
0,1,1536,400.0
0,2,1536,208.0
0,3,1536,339.0
0,4,1536,292.0
0,0,1537,400.0
0,1,1537,69.0
0,2,1537,216.0
0,3,1537,400.0
0,4,1537,235.0
0,0,1538,400.0
0,1,1538,400.0
0,2,1538,210.0
0,3,1538,185.0
0,4,1538,400.0
0,0,1539,339.0
0,1,1539,400.0
0,2,1539,218.0
0,3,1539,263.0
0,4,1539,400.0
0,0,1540,400.0
0,1,1540,400.0
0,2,1540,128.0
0,3,1540,314.0
0,4,1540,400.0
0,0,1541,317.0
0,1,1541,342.0
0,2,1541,128.0
0,3,1541,172.0
0,4,1541,142.0
0,0,1542,341.0
0,1,1542,400.0
0,2,1542,205.0
0,3,1542,365.0
0,4,1542,400.0
0,0,1543,379.0
0,1,1543,247.0
0,2,1543,193.0
0,3,1543,276.0
0,4,1543,400.0
0,0,1544,274.0
0,1,1544,233.0
0,2,1544,164.0
0,3,1544,339.0
0,4,1544,174.0
0,0,1545,376.0
0,1,1545,400.0
0,2,1545,217.0
0,3,1545,392.0
0,4,1545,98.0
0,0,1546,359.0
0,1,1546,259.0
0,2,1546,221.0
0,3,1546,127.0
0,4,1546,330.0
0,0,1547,400.0
0,1,1547,400.0
0,2,1547,223.0
0,3,1547,288.0
0,4,1547,400.0
0,0,1548,400.0
0,1,1548,225.0
0,2,1548,260.0
0,3,1548,114.0
0,4,1548,400.0
0,0,1549,279.0
0,1,1549,378.0
0,2,1549,331.0
0,3,1549,400.0
0,4,1549,400.0
0,0,1550,241.0
0,1,1550,400.0
0,2,1550,212.0
0,3,1550,338.0
0,4,1550,400.0
0,0,1551,149.0
0,1,1551,400.0
0,2,1551,233.0
0,3,1551,121.0
0,4,1551,400.0
0,0,1552,400.0
0,1,1552,400.0
0,2,1552,190.0
0,3,1552,291.0
0,4,1552,178.0
0,0,1553,212.0
0,1,1553,346.0
0,2,1553,211.0
0,3,1553,113.0
0,4,1553,400.0
0,0,1554,400.0
0,1,1554,400.0
0,2,1554,188.0
0,3,1554,78.0
0,4,1554,387.0
0,0,1555,203.0
0,1,1555,400.0
0,2,1555,151.0
0,3,1555,109.0
0,4,1555,400.0
0,0,1556,334.0
0,1,1556,354.0
0,2,1556,217.0
0,3,1556,199.0
0,4,1556,366.0
0,0,1557,400.0
0,1,1557,400.0
0,2,1557,334.0
0,3,1557,372.0
0,4,1557,330.0
0,0,1558,189.0
0,1,1558,400.0
0,2,1558,192.0
0,3,1558,301.0
0,4,1558,400.0
0,0,1559,400.0
0,1,1559,341.0
0,2,1559,233.0
0,3,1559,60.0
0,4,1559,400.0
0,0,1560,400.0
0,1,1560,400.0
0,2,1560,301.0
0,3,1560,179.0
0,4,1560,400.0
0,0,1561,400.0
0,1,1561,328.0
0,2,1561,128.0
0,3,1561,222.0
0,4,1561,400.0
0,0,1562,400.0
0,1,1562,400.0
0,2,1562,253.0
0,3,1562,116.0
0,4,1562,400.0
0,0,1563,336.0
0,1,1563,400.0
0,2,1563,151.0
0,3,1563,97.0
0,4,1563,400.0
0,0,1564,104.0
0,1,1564,383.0
0,2,1564,231.0
0,3,1564,270.0
0,4,1564,400.0
0,0,1565,169.0
0,1,1565,400.0
0,2,1565,300.0
0,3,1565,269.0
0,4,1565,400.0
0,0,1566,382.0
0,1,1566,400.0
0,2,1566,333.0
0,3,1566,249.0
0,4,1566,335.0
0,0,1567,198.0
0,1,1567,400.0
0,2,1567,268.0
0,3,1567,21.0
0,4,1567,370.0
0,0,1568,297.0
0,1,1568,173.0
0,2,1568,274.0
0,3,1568,221.0
0,4,1568,374.0
0,0,1569,214.0
0,1,1569,400.0
0,2,1569,285.0
0,3,1569,198.0
0,4,1569,390.0
0,0,1570,127.0
0,1,1570,400.0
0,2,1570,400.0
0,3,1570,400.0
0,4,1570,400.0
0,0,1571,97.0
0,1,1571,400.0
0,2,1571,297.0
0,3,1571,217.0
0,4,1571,400.0
0,0,1572,153.0
0,1,1572,400.0
0,2,1572,268.0
0,3,1572,221.0
0,4,1572,373.0
0,0,1573,239.0
0,1,1573,400.0
0,2,1573,400.0
0,3,1573,22.0
0,4,1573,400.0
0,0,1574,217.0
0,1,1574,400.0
0,2,1574,243.0
0,3,1574,304.0
0,4,1574,356.0
0,0,1575,120.0
0,1,1575,191.0
0,2,1575,327.0
0,3,1575,138.0
0,4,1575,347.0
0,0,1576,179.0
0,1,1576,400.0
0,2,1576,88.0
0,3,1576,115.0
0,4,1576,400.0
0,0,1577,145.0
0,1,1577,400.0
0,2,1577,304.0
0,3,1577,283.0
0,4,1577,400.0
0,0,1578,177.0
0,1,1578,400.0
0,2,1578,400.0
0,3,1578,226.0
0,4,1578,112.0
0,0,1579,147.0
0,1,1579,400.0
0,2,1579,307.0
0,3,1579,181.0
0,4,1579,300.0
0,0,1580,245.0
0,1,1580,400.0
0,2,1580,351.0
0,3,1580,199.0
0,4,1580,400.0
0,0,1581,131.0
0,1,1581,400.0
0,2,1581,371.0
0,3,1581,58.0
0,4,1581,149.0
0,0,1582,207.0
0,1,1582,400.0
0,2,1582,245.0
0,3,1582,223.0
0,4,1582,400.0
0,0,1583,104.0
0,1,1583,400.0
0,2,1583,313.0
0,3,1583,174.0
0,4,1583,355.0
0,0,1584,137.0
0,1,1584,400.0
0,2,1584,331.0
0,3,1584,213.0
0,4,1584,400.0
0,0,1585,66.0
0,1,1585,400.0
0,2,1585,252.0
0,3,1585,179.0
0,4,1585,313.0
0,0,1586,124.0
0,1,1586,400.0
0,2,1586,149.0
0,3,1586,215.0
0,4,1586,400.0
0,0,1587,103.0
0,1,1587,400.0
0,2,1587,287.0
0,3,1587,169.0
0,4,1587,400.0
0,0,1588,128.0
0,1,1588,400.0
0,2,1588,222.0
0,3,1588,207.0
0,4,1588,100.0
0,0,1589,73.0
0,1,1589,400.0
0,2,1589,216.0
0,3,1589,307.0
0,4,1589,168.0
0,0,1590,77.0
0,1,1590,400.0
0,2,1590,276.0
0,3,1590,219.0
0,4,1590,400.0
0,0,1591,183.0
0,1,1591,400.0
0,2,1591,106.0
0,3,1591,72.0
0,4,1591,400.0
0,0,1592,173.0
0,1,1592,400.0
0,2,1592,221.0
0,3,1592,203.0
0,4,1592,400.0
0,0,1593,161.0
0,1,1593,400.0
0,2,1593,256.0
0,3,1593,289.0
0,4,1593,182.0
0,0,1594,182.0
0,1,1594,400.0
0,2,1594,234.0
0,3,1594,343.0
0,4,1594,211.0
0,0,1595,25.0
0,1,1595,400.0
0,2,1595,287.0
0,3,1595,254.0
0,4,1595,145.0
0,0,1596,172.0
0,1,1596,400.0
0,2,1596,266.0
0,3,1596,335.0
0,4,1596,380.0
0,0,1597,171.0
0,1,1597,400.0
0,2,1597,242.0
0,3,1597,48.0
0,4,1597,275.0
0,0,1598,112.0
0,1,1598,400.0
0,2,1598,140.0
0,3,1598,342.0
0,4,1598,186.0
0,0,1599,205.0
0,1,1599,400.0
0,2,1599,164.0
0,3,1599,297.0
0,4,1599,226.0
0,0,1600,220.0
0,1,1600,400.0
0,2,1600,250.0
0,3,1600,247.0
0,4,1600,117.0
0,0,1601,146.0
0,1,1601,400.0
0,2,1601,243.0
0,3,1601,128.0
0,4,1601,99.0
0,0,1602,400.0
0,1,1602,400.0
0,2,1602,217.0
0,3,1602,296.0
0,4,1602,114.0
0,0,1603,134.0
0,1,1603,209.0
0,2,1603,281.0
0,3,1603,287.0
0,4,1603,106.0
0,0,1604,175.0
0,1,1604,400.0
0,2,1604,118.0
0,3,1604,334.0
0,4,1604,321.0
0,0,1605,130.0
0,1,1605,400.0
0,2,1605,214.0
0,3,1605,326.0
0,4,1605,155.0
0,0,1606,163.0
0,1,1606,400.0
0,2,1606,183.0
0,3,1606,97.0
0,4,1606,132.0
0,0,1607,140.0
0,1,1607,400.0
0,2,1607,223.0
0,3,1607,163.0
0,4,1607,400.0
0,0,1608,151.0
0,1,1608,107.0
0,2,1608,214.0
0,3,1608,400.0
0,4,1608,400.0
0,0,1609,138.0
0,1,1609,400.0
0,2,1609,173.0
0,3,1609,230.0
0,4,1609,197.0
0,0,1610,275.0
0,1,1610,400.0
0,2,1610,202.0
0,3,1610,319.0
0,4,1610,400.0
0,0,1611,307.0
0,1,1611,400.0
0,2,1611,199.0
0,3,1611,372.0
0,4,1611,181.0
0,0,1612,187.0
0,1,1612,400.0
0,2,1612,138.0
0,3,1612,323.0
0,4,1612,400.0
0,0,1613,343.0
0,1,1613,400.0
0,2,1613,239.0
0,3,1613,353.0
0,4,1613,93.0
0,0,1614,170.0
0,1,1614,400.0
0,2,1614,189.0
0,3,1614,400.0
0,4,1614,400.0
0,0,1615,223.0
0,1,1615,400.0
0,2,1615,209.0
0,3,1615,329.0
0,4,1615,400.0
0,0,1616,268.0
0,1,1616,400.0
0,2,1616,219.0
0,3,1616,340.0
0,4,1616,194.0
0,0,1617,250.0
0,1,1617,400.0
0,2,1617,196.0
0,3,1617,400.0
0,4,1617,400.0
0,0,1618,239.0
0,1,1618,400.0
0,2,1618,196.0
0,3,1618,400.0
0,4,1618,400.0
0,0,1619,350.0
0,1,1619,400.0
0,2,1619,216.0
0,3,1619,201.0
0,4,1619,400.0
0,0,1620,269.0
0,1,1620,400.0
0,2,1620,102.0
0,3,1620,380.0
0,4,1620,161.0
0,0,1621,251.0
0,1,1621,400.0
0,2,1621,182.0
0,3,1621,192.0
0,4,1621,400.0
0,0,1622,110.0
0,1,1622,400.0
0,2,1622,197.0
0,3,1622,141.0
0,4,1622,400.0
0,0,1623,327.0
0,1,1623,400.0
0,2,1623,175.0
0,3,1623,367.0
0,4,1623,271.0
0,0,1624,311.0
0,1,1624,400.0
0,2,1624,232.0
0,3,1624,296.0
0,4,1624,99.0
0,0,1625,313.0
0,1,1625,400.0
0,2,1625,215.0
0,3,1625,400.0
0,4,1625,60.0
0,0,1626,267.0
0,1,1626,400.0
0,2,1626,200.0
0,3,1626,400.0
0,4,1626,400.0
0,0,1627,268.0
0,1,1627,400.0
0,2,1627,247.0
0,3,1627,400.0
0,4,1627,400.0
0,0,1628,292.0
0,1,1628,400.0
0,2,1628,240.0
0,3,1628,400.0
0,4,1628,117.0
0,0,1629,243.0
0,1,1629,400.0
0,2,1629,246.0
0,3,1629,400.0
0,4,1629,400.0
0,0,1630,278.0
0,1,1630,400.0
0,2,1630,242.0
0,3,1630,400.0
0,4,1630,400.0
0,0,1631,281.0
0,1,1631,400.0
0,2,1631,240.0
0,3,1631,400.0
0,4,1631,103.0
0,0,1632,269.0
0,1,1632,400.0
0,2,1632,229.0
0,3,1632,400.0
0,4,1632,190.0
0,0,1633,270.0
0,1,1633,400.0
0,2,1633,244.0
0,3,1633,400.0
0,4,1633,400.0
0,0,1634,313.0
0,1,1634,400.0
0,2,1634,186.0
0,3,1634,400.0
0,4,1634,400.0
0,0,1635,281.0
0,1,1635,400.0
0,2,1635,254.0
0,3,1635,400.0
0,4,1635,100.0
0,0,1636,308.0
0,1,1636,400.0
0,2,1636,400.0
0,3,1636,400.0
0,4,1636,400.0
0,0,1637,283.0
0,1,1637,400.0
0,2,1637,220.0
0,3,1637,400.0
0,4,1637,124.0
0,0,1638,205.0
0,1,1638,400.0
0,2,1638,233.0
0,3,1638,400.0
0,4,1638,129.0
0,0,1639,210.0
0,1,1639,400.0
0,2,1639,351.0
0,3,1639,400.0
0,4,1639,97.0
0,0,1640,270.0
0,1,1640,400.0
0,2,1640,278.0
0,3,1640,400.0
0,4,1640,400.0
0,0,1641,243.0
0,1,1641,400.0
0,2,1641,271.0
0,3,1641,242.0
0,4,1641,79.0
0,0,1642,258.0
0,1,1642,400.0
0,2,1642,329.0
0,3,1642,199.0
0,4,1642,113.0
0,0,1643,213.0
0,1,1643,400.0
0,2,1643,220.0
0,3,1643,400.0
0,4,1643,400.0
0,0,1644,237.0
0,1,1644,400.0
0,2,1644,349.0
0,3,1644,400.0
0,4,1644,193.0
0,0,1645,266.0
0,1,1645,400.0
0,2,1645,299.0
0,3,1645,400.0
0,4,1645,158.0
0,0,1646,279.0
0,1,1646,400.0
0,2,1646,320.0
0,3,1646,400.0
0,4,1646,400.0
0,0,1647,257.0
0,1,1647,400.0
0,2,1647,293.0
0,3,1647,400.0
0,4,1647,57.0
0,0,1648,400.0
0,1,1648,400.0
0,2,1648,400.0
0,3,1648,400.0
0,4,1648,71.0
0,0,1649,242.0
0,1,1649,400.0
0,2,1649,288.0
0,3,1649,400.0
0,4,1649,400.0
0,0,1650,244.0
0,1,1650,400.0
0,2,1650,400.0
0,3,1650,400.0
0,4,1650,400.0
0,0,1651,262.0
0,1,1651,400.0
0,2,1651,374.0
0,3,1651,400.0
0,4,1651,157.0
0,0,1652,238.0
0,1,1652,400.0
0,2,1652,400.0
0,3,1652,400.0
0,4,1652,400.0
0,0,1653,330.0
0,1,1653,400.0
0,2,1653,400.0
0,3,1653,400.0
0,4,1653,101.0
0,0,1654,221.0
0,1,1654,400.0
0,2,1654,383.0
0,3,1654,400.0
0,4,1654,125.0
0,0,1655,289.0
0,1,1655,400.0
0,2,1655,306.0
0,3,1655,400.0
0,4,1655,400.0
0,0,1656,225.0
0,1,1656,272.0
0,2,1656,86.0
0,3,1656,400.0
0,4,1656,400.0
0,0,1657,283.0
0,1,1657,400.0
0,2,1657,400.0
0,3,1657,400.0
0,4,1657,400.0
0,0,1658,215.0
0,1,1658,73.0
0,2,1658,400.0
0,3,1658,400.0
0,4,1658,138.0
0,0,1659,284.0
0,1,1659,400.0
0,2,1659,400.0
0,3,1659,400.0
0,4,1659,400.0
0,0,1660,220.0
0,1,1660,400.0
0,2,1660,180.0
0,3,1660,400.0
0,4,1660,372.0
0,0,1661,234.0
0,1,1661,400.0
0,2,1661,400.0
0,3,1661,400.0
0,4,1661,336.0
0,0,1662,188.0
0,1,1662,400.0
0,2,1662,400.0
0,3,1662,400.0
0,4,1662,350.0
0,0,1663,273.0
0,1,1663,400.0
0,2,1663,205.0
0,3,1663,400.0
0,4,1663,361.0
0,0,1664,234.0
0,1,1664,400.0
0,2,1664,399.0
0,3,1664,400.0
0,4,1664,307.0
0,0,1665,239.0
0,1,1665,400.0
0,2,1665,400.0
0,3,1665,400.0
0,4,1665,339.0
0,0,1666,207.0
0,1,1666,400.0
0,2,1666,400.0
0,3,1666,400.0
0,4,1666,333.0
0,0,1667,243.0
0,1,1667,400.0
0,2,1667,397.0
0,3,1667,400.0
0,4,1667,338.0
0,0,1668,236.0
0,1,1668,400.0
0,2,1668,400.0
0,3,1668,400.0
0,4,1668,223.0
0,0,1669,234.0
0,1,1669,400.0
0,2,1669,400.0
0,3,1669,400.0
0,4,1669,156.0
0,0,1670,236.0
0,1,1670,400.0
0,2,1670,315.0
0,3,1670,400.0
0,4,1670,331.0
0,0,1671,232.0
0,1,1671,400.0
0,2,1671,256.0
0,3,1671,400.0
0,4,1671,275.0
0,0,1672,242.0
0,1,1672,400.0
0,2,1672,255.0
0,3,1672,400.0
0,4,1672,204.0
0,0,1673,199.0
0,1,1673,400.0
0,2,1673,268.0
0,3,1673,400.0
0,4,1673,203.0
0,0,1674,237.0
0,1,1674,400.0
0,2,1674,400.0
0,3,1674,400.0
0,4,1674,165.0
0,0,1675,299.0
0,1,1675,400.0
0,2,1675,195.0
0,3,1675,400.0
0,4,1675,326.0
0,0,1676,249.0
0,1,1676,400.0
0,2,1676,232.0
0,3,1676,400.0
0,4,1676,268.0
0,0,1677,223.0
0,1,1677,400.0
0,2,1677,291.0
0,3,1677,400.0
0,4,1677,143.0
0,0,1678,206.0
0,1,1678,400.0
0,2,1678,400.0
0,3,1678,400.0
0,4,1678,353.0
0,0,1679,324.0
0,1,1679,400.0
0,2,1679,340.0
0,3,1679,400.0
0,4,1679,400.0
0,0,1680,261.0
0,1,1680,358.0
0,2,1680,108.0
0,3,1680,400.0
0,4,1680,297.0
0,0,1681,273.0
0,1,1681,400.0
0,2,1681,400.0
0,3,1681,400.0
0,4,1681,260.0
0,0,1682,227.0
0,1,1682,380.0
0,2,1682,400.0
0,3,1682,400.0
0,4,1682,136.0
0,0,1683,239.0
0,1,1683,234.0
0,2,1683,366.0
0,3,1683,400.0
0,4,1683,325.0
0,0,1684,252.0
0,1,1684,138.0
0,2,1684,307.0
0,3,1684,400.0
0,4,1684,257.0
0,0,1685,210.0
0,1,1685,384.0
0,2,1685,350.0
0,3,1685,400.0
0,4,1685,263.0
0,0,1686,253.0
0,1,1686,198.0
0,2,1686,400.0
0,3,1686,400.0
0,4,1686,346.0
0,0,1687,254.0
0,1,1687,248.0
0,2,1687,400.0
0,3,1687,400.0
0,4,1687,273.0
0,0,1688,200.0
0,1,1688,274.0
0,2,1688,400.0
0,3,1688,400.0
0,4,1688,188.0
0,0,1689,282.0
0,1,1689,305.0
0,2,1689,400.0
0,3,1689,400.0
0,4,1689,278.0
0,0,1690,219.0
0,1,1690,177.0
0,2,1690,400.0
0,3,1690,400.0
0,4,1690,251.0
0,0,1691,221.0
0,1,1691,139.0
0,2,1691,293.0
0,3,1691,400.0
0,4,1691,287.0
0,0,1692,241.0
0,1,1692,168.0
0,2,1692,400.0
0,3,1692,400.0
0,4,1692,324.0
0,0,1693,272.0
0,1,1693,184.0
0,2,1693,400.0
0,3,1693,400.0
0,4,1693,281.0
0,0,1694,225.0
0,1,1694,118.0
0,2,1694,400.0
0,3,1694,400.0
0,4,1694,298.0
0,0,1695,215.0
0,1,1695,149.0
0,2,1695,263.0
0,3,1695,400.0
0,4,1695,304.0
0,0,1696,290.0
0,1,1696,118.0
0,2,1696,283.0
0,3,1696,400.0
0,4,1696,315.0
0,0,1697,259.0
0,1,1697,208.0
0,2,1697,261.0
0,3,1697,400.0
0,4,1697,290.0
0,0,1698,236.0
0,1,1698,59.0
0,2,1698,400.0
0,3,1698,400.0
0,4,1698,360.0
0,0,1699,233.0
0,1,1699,217.0
0,2,1699,288.0
0,3,1699,400.0
0,4,1699,298.0
0,0,1700,195.0
0,1,1700,167.0
0,2,1700,346.0
0,3,1700,400.0
0,4,1700,261.0
0,0,1701,234.0
0,1,1701,168.0
0,2,1701,400.0
0,3,1701,400.0
0,4,1701,235.0
0,0,1702,238.0
0,1,1702,180.0
0,2,1702,307.0
0,3,1702,400.0
0,4,1702,225.0
0,0,1703,193.0
0,1,1703,154.0
0,2,1703,371.0
0,3,1703,400.0
0,4,1703,265.0
0,0,1704,233.0
0,1,1704,164.0
0,2,1704,400.0
0,3,1704,400.0
0,4,1704,264.0
0,0,1705,186.0
0,1,1705,217.0
0,2,1705,295.0
0,3,1705,400.0
0,4,1705,288.0
0,0,1706,200.0
0,1,1706,160.0
0,2,1706,342.0
0,3,1706,400.0
0,4,1706,252.0
0,0,1707,143.0
0,1,1707,170.0
0,2,1707,400.0
0,3,1707,400.0
0,4,1707,266.0
0,0,1708,271.0
0,1,1708,188.0
0,2,1708,400.0
0,3,1708,400.0
0,4,1708,132.0
0,0,1709,189.0
0,1,1709,212.0
0,2,1709,400.0
0,3,1709,400.0
0,4,1709,216.0
0,0,1710,261.0
0,1,1710,193.0
0,2,1710,391.0
0,3,1710,400.0
0,4,1710,234.0
0,0,1711,178.0
0,1,1711,143.0
0,2,1711,384.0
0,3,1711,400.0
0,4,1711,246.0
0,0,1712,195.0
0,1,1712,135.0
0,2,1712,400.0
0,3,1712,400.0
0,4,1712,286.0
0,0,1713,230.0
0,1,1713,147.0
0,2,1713,400.0
0,3,1713,400.0
0,4,1713,255.0
0,0,1714,244.0
0,1,1714,177.0
0,2,1714,400.0
0,3,1714,400.0
0,4,1714,230.0
0,0,1715,199.0
0,1,1715,178.0
0,2,1715,400.0
0,3,1715,400.0
0,4,1715,270.0
0,0,1716,261.0
0,1,1716,152.0
0,2,1716,400.0
0,3,1716,400.0
0,4,1716,287.0
0,0,1717,244.0
0,1,1717,241.0
0,2,1717,400.0
0,3,1717,400.0
0,4,1717,232.0
0,0,1718,224.0
0,1,1718,132.0
0,2,1718,400.0
0,3,1718,400.0
0,4,1718,204.0
0,0,1719,207.0
0,1,1719,235.0
0,2,1719,400.0
0,3,1719,400.0
0,4,1719,316.0
0,0,1720,199.0
0,1,1720,93.0
0,2,1720,400.0
0,3,1720,400.0
0,4,1720,243.0
0,0,1721,247.0
0,1,1721,135.0
0,2,1721,400.0
0,3,1721,400.0
0,4,1721,229.0
0,0,1722,290.0
0,1,1722,148.0
0,2,1722,400.0
0,3,1722,400.0
0,4,1722,228.0
0,0,1723,220.0
0,1,1723,127.0
0,2,1723,400.0
0,3,1723,400.0
0,4,1723,161.0
0,0,1724,231.0
0,1,1724,400.0
0,2,1724,400.0
0,3,1724,400.0
0,4,1724,214.0
0,0,1725,250.0
0,1,1725,252.0
0,2,1725,400.0
0,3,1725,400.0
0,4,1725,84.0
0,0,1726,171.0
0,1,1726,257.0
0,2,1726,400.0
0,3,1726,400.0
0,4,1726,185.0
0,0,1727,256.0
0,1,1727,275.0
0,2,1727,400.0
0,3,1727,400.0
0,4,1727,214.0
0,0,1728,259.0
0,1,1728,322.0
0,2,1728,400.0
0,3,1728,400.0
0,4,1728,201.0
0,0,1729,304.0
0,1,1729,137.0
0,2,1729,400.0
0,3,1729,400.0
0,4,1729,218.0
0,0,1730,245.0
0,1,1730,211.0
0,2,1730,400.0
0,3,1730,400.0
0,4,1730,146.0
0,0,1731,280.0
0,1,1731,400.0
0,2,1731,400.0
0,3,1731,400.0
0,4,1731,111.0
0,0,1732,266.0
0,1,1732,173.0
0,2,1732,400.0
0,3,1732,289.0
0,4,1732,71.0
0,0,1733,252.0
0,1,1733,238.0
0,2,1733,400.0
0,3,1733,390.0
0,4,1733,220.0
0,0,1734,240.0
0,1,1734,400.0
0,2,1734,400.0
0,3,1734,400.0
0,4,1734,141.0
0,0,1735,243.0
0,1,1735,199.0
0,2,1735,400.0
0,3,1735,400.0
0,4,1735,220.0
0,0,1736,271.0
0,1,1736,155.0
0,2,1736,400.0
0,3,1736,400.0
0,4,1736,224.0
0,0,1737,258.0
0,1,1737,400.0
0,2,1737,400.0
0,3,1737,400.0
0,4,1737,76.0
0,0,1738,196.0
0,1,1738,179.0
0,2,1738,400.0
0,3,1738,400.0
0,4,1738,216.0
0,0,1739,258.0
0,1,1739,221.0
0,2,1739,400.0
0,3,1739,400.0
0,4,1739,183.0
0,0,1740,282.0
0,1,1740,351.0
0,2,1740,400.0
0,3,1740,400.0
0,4,1740,145.0
0,0,1741,319.0
0,1,1741,400.0
0,2,1741,400.0
0,3,1741,400.0
0,4,1741,209.0
0,0,1742,305.0
0,1,1742,224.0
0,2,1742,400.0
0,3,1742,56.0
0,4,1742,191.0
0,0,1743,273.0
0,1,1743,287.0
0,2,1743,400.0
0,3,1743,400.0
0,4,1743,177.0
0,0,1744,274.0
0,1,1744,400.0
0,2,1744,400.0
0,3,1744,400.0
0,4,1744,159.0
0,0,1745,275.0
0,1,1745,208.0
0,2,1745,400.0
0,3,1745,400.0
0,4,1745,133.0
0,0,1746,250.0
0,1,1746,400.0
0,2,1746,400.0
0,3,1746,400.0
0,4,1746,17.0
0,0,1747,256.0
0,1,1747,400.0
0,2,1747,400.0
0,3,1747,338.0
0,4,1747,116.0
0,0,1748,317.0
0,1,1748,400.0
0,2,1748,400.0
0,3,1748,400.0
0,4,1748,194.0
0,0,1749,271.0
0,1,1749,219.0
0,2,1749,400.0
0,3,1749,400.0
0,4,1749,147.0
0,0,1750,259.0
0,1,1750,119.0
0,2,1750,400.0
0,3,1750,400.0
0,4,1750,224.0
0,0,1751,263.0
0,1,1751,378.0
0,2,1751,400.0
0,3,1751,400.0
0,4,1751,193.0
0,0,1752,225.0
0,1,1752,183.0
0,2,1752,400.0
0,3,1752,400.0
0,4,1752,166.0
0,0,1753,314.0
0,1,1753,391.0
0,2,1753,400.0
0,3,1753,66.0
0,4,1753,138.0
0,0,1754,240.0
0,1,1754,400.0
0,2,1754,400.0
0,3,1754,400.0
0,4,1754,124.0
0,0,1755,329.0
0,1,1755,400.0
0,2,1755,400.0
0,3,1755,400.0
0,4,1755,164.0
0,0,1756,331.0
0,1,1756,400.0
0,2,1756,400.0
0,3,1756,400.0
0,4,1756,127.0
0,0,1757,238.0
0,1,1757,400.0
0,2,1757,400.0
0,3,1757,400.0
0,4,1757,95.0
0,0,1758,329.0
0,1,1758,400.0
0,2,1758,400.0
0,3,1758,400.0
0,4,1758,56.0
0,0,1759,318.0
0,1,1759,400.0
0,2,1759,400.0
0,3,1759,400.0
0,4,1759,176.0
0,0,1760,319.0
0,1,1760,400.0
0,2,1760,400.0
0,3,1760,400.0
0,4,1760,157.0
0,0,1761,252.0
0,1,1761,400.0
0,2,1761,400.0
0,3,1761,400.0
0,4,1761,63.0
0,0,1762,344.0
0,1,1762,400.0
0,2,1762,400.0
0,3,1762,400.0
0,4,1762,82.0
0,0,1763,361.0
0,1,1763,400.0
0,2,1763,400.0
0,3,1763,400.0
0,4,1763,88.0
0,0,1764,385.0
0,1,1764,400.0
0,2,1764,400.0
0,3,1764,400.0
0,4,1764,101.0
0,0,1765,386.0
0,1,1765,400.0
0,2,1765,400.0
0,3,1765,400.0
0,4,1765,116.0
0,0,1766,390.0
0,1,1766,400.0
0,2,1766,400.0
0,3,1766,400.0
0,4,1766,40.0
0,0,1767,334.0
0,1,1767,400.0
0,2,1767,400.0
0,3,1767,400.0
0,4,1767,102.0
0,0,1768,193.0
0,1,1768,400.0
0,2,1768,400.0
0,3,1768,400.0
0,4,1768,91.0
0,0,1769,400.0
0,1,1769,400.0
0,2,1769,400.0
0,3,1769,400.0
0,4,1769,59.0
0,0,1770,384.0
0,1,1770,400.0
0,2,1770,400.0
0,3,1770,400.0
0,4,1770,149.0
0,0,1771,367.0
0,1,1771,400.0
0,2,1771,400.0
0,3,1771,400.0
0,4,1771,156.0
0,0,1772,400.0
0,1,1772,400.0
0,2,1772,400.0
0,3,1772,400.0
0,4,1772,166.0
0,0,1773,379.0
0,1,1773,400.0
0,2,1773,400.0
0,3,1773,400.0
0,4,1773,124.0
0,0,1774,400.0
0,1,1774,400.0
0,2,1774,400.0
0,3,1774,400.0
0,4,1774,147.0
0,0,1775,400.0
0,1,1775,400.0
0,2,1775,400.0
0,3,1775,400.0
0,4,1775,70.0
0,0,1776,400.0
0,1,1776,400.0
0,2,1776,400.0
0,3,1776,400.0
0,4,1776,75.0
0,0,1777,400.0
0,1,1777,400.0
0,2,1777,400.0
0,3,1777,400.0
0,4,1777,143.0
0,0,1778,354.0
0,1,1778,400.0
0,2,1778,400.0
0,3,1778,400.0
0,4,1778,185.0
0,0,1779,400.0
0,1,1779,400.0
0,2,1779,400.0
0,3,1779,400.0
0,4,1779,124.0
0,0,1780,400.0
0,1,1780,400.0
0,2,1780,400.0
0,3,1780,400.0
0,4,1780,183.0
0,0,1781,388.0
0,1,1781,400.0
0,2,1781,305.0
0,3,1781,400.0
0,4,1781,15.0
0,0,1782,400.0
0,1,1782,400.0
0,2,1782,400.0
0,3,1782,400.0
0,4,1782,98.0
0,0,1783,400.0
0,1,1783,400.0
0,2,1783,400.0
0,3,1783,400.0
0,4,1783,132.0
0,0,1784,400.0
0,1,1784,400.0
0,2,1784,400.0
0,3,1784,400.0
0,4,1784,181.0
0,0,1785,400.0
0,1,1785,400.0
0,2,1785,309.0
0,3,1785,400.0
0,4,1785,106.0
0,0,1786,400.0
0,1,1786,400.0
0,2,1786,400.0
0,3,1786,400.0
0,4,1786,73.0
0,0,1787,400.0
0,1,1787,400.0
0,2,1787,400.0
0,3,1787,400.0
0,4,1787,203.0
0,0,1788,400.0
0,1,1788,400.0
0,2,1788,400.0
0,3,1788,400.0
0,4,1788,75.0
0,0,1789,400.0
0,1,1789,400.0
0,2,1789,203.0
0,3,1789,400.0
0,4,1789,113.0
0,0,1790,400.0
0,1,1790,400.0
0,2,1790,137.0
0,3,1790,400.0
0,4,1790,147.0
0,0,1791,400.0
0,1,1791,400.0
0,2,1791,400.0
0,3,1791,400.0
0,4,1791,169.0
0,0,1792,400.0
0,1,1792,400.0
0,2,1792,400.0
0,3,1792,400.0
0,4,1792,133.0
0,0,1793,400.0
0,1,1793,400.0
0,2,1793,400.0
0,3,1793,400.0
0,4,1793,238.0
0,0,1794,400.0
0,1,1794,400.0
0,2,1794,400.0
0,3,1794,400.0
0,4,1794,181.0
0,0,1795,400.0
0,1,1795,400.0
0,2,1795,237.0
0,3,1795,400.0
0,4,1795,88.0
0,0,1796,400.0
0,1,1796,400.0
0,2,1796,400.0
0,3,1796,400.0
0,4,1796,162.0
0,0,1797,400.0
0,1,1797,400.0
0,2,1797,267.0
0,3,1797,400.0
0,4,1797,273.0
0,0,1798,400.0
0,1,1798,400.0
0,2,1798,150.0
0,3,1798,400.0
0,4,1798,301.0
0,0,1799,400.0
0,1,1799,400.0
0,2,1799,69.0
0,3,1799,400.0
0,4,1799,400.0
