Simulation,Agent,Episode,Reward
0,0,0,310.0
0,1,0,280.0
0,2,0,120.0
0,3,0,230.0
0,4,0,220.0
0,0,1,240.0
0,1,1,130.0
0,2,1,210.0
0,3,1,340.0
0,4,1,180.0
0,0,2,320.0
0,1,2,200.0
0,2,2,190.0
0,3,2,240.0
0,4,2,220.0
0,0,3,340.0
0,1,3,250.0
0,2,3,220.0
0,3,3,200.0
0,4,3,280.0
0,0,4,250.0
0,1,4,250.0
0,2,4,210.0
0,3,4,280.0
0,4,4,170.0
0,0,5,290.0
0,1,5,170.0
0,2,5,200.0
0,3,5,210.0
0,4,5,340.0
0,0,6,300.0
0,1,6,220.0
0,2,6,270.0
0,3,6,230.0
0,4,6,160.0
0,0,7,210.0
0,1,7,260.0
0,2,7,240.0
0,3,7,260.0
0,4,7,250.0
0,0,8,220.0
0,1,8,330.0
0,2,8,360.0
0,3,8,160.0
0,4,8,240.0
0,0,9,250.0
0,1,9,110.0
0,2,9,250.0
0,3,9,200.0
0,4,9,320.0
0,0,10,270.0
0,1,10,230.0
0,2,10,270.0
0,3,10,230.0
0,4,10,250.0
0,0,11,190.0
0,1,11,300.0
0,2,11,170.0
0,3,11,170.0
0,4,11,210.0
0,0,12,240.0
0,1,12,160.0
0,2,12,270.0
0,3,12,250.0
0,4,12,200.0
0,0,13,280.0
0,1,13,220.0
0,2,13,300.0
0,3,13,200.0
0,4,13,220.0
0,0,14,280.0
0,1,14,270.0
0,2,14,190.0
0,3,14,150.0
0,4,14,230.0
0,0,15,320.0
0,1,15,150.0
0,2,15,260.0
0,3,15,250.0
0,4,15,300.0
0,0,16,350.0
0,1,16,300.0
0,2,16,660.0
0,3,16,220.0
0,4,16,310.0
0,0,17,190.0
0,1,17,260.0
0,2,17,290.0
0,3,17,150.0
0,4,17,190.0
0,0,18,260.0
0,1,18,310.0
0,2,18,180.0
0,3,18,230.0
0,4,18,170.0
0,0,19,120.0
0,1,19,190.0
0,2,19,210.0
0,3,19,310.0
0,4,19,200.0
0,0,20,360.0
0,1,20,270.0
0,2,20,290.0
0,3,20,420.0
0,4,20,300.0
0,0,21,210.0
0,1,21,290.0
0,2,21,310.0
0,3,21,200.0
0,4,21,290.0
0,0,22,240.0
0,1,22,340.0
0,2,22,320.0
0,3,22,170.0
0,4,22,260.0
0,0,23,300.0
0,1,23,280.0
0,2,23,160.0
0,3,23,230.0
0,4,23,200.0
0,0,24,290.0
0,1,24,170.0
0,2,24,290.0
0,3,24,170.0
0,4,24,190.0
0,0,25,480.0
0,1,25,1090.0
0,2,25,190.0
0,3,25,220.0
0,4,25,230.0
0,0,26,250.0
0,1,26,340.0
0,2,26,340.0
0,3,26,180.0
0,4,26,160.0
0,0,27,270.0
0,1,27,210.0
0,2,27,220.0
0,3,27,200.0
0,4,27,740.0
0,0,28,300.0
0,1,28,220.0
0,2,28,650.0
0,3,28,280.0
0,4,28,300.0
0,0,29,190.0
0,1,29,260.0
0,2,29,1050.0
0,3,29,470.0
0,4,29,200.0
0,0,30,220.0
0,1,30,300.0
0,2,30,290.0
0,3,30,790.0
0,4,30,350.0
0,0,31,190.0
0,1,31,240.0
0,2,31,240.0
0,3,31,210.0
0,4,31,280.0
0,0,32,230.0
0,1,32,330.0
0,2,32,200.0
0,3,32,130.0
0,4,32,130.0
0,0,33,210.0
0,1,33,590.0
0,2,33,240.0
0,3,33,340.0
0,4,33,280.0
0,0,34,220.0
0,1,34,200.0
0,2,34,300.0
0,3,34,220.0
0,4,34,180.0
0,0,35,260.0
0,1,35,210.0
0,2,35,600.0
0,3,35,260.0
0,4,35,230.0
0,0,36,210.0
0,1,36,250.0
0,2,36,220.0
0,3,36,250.0
0,4,36,360.0
0,0,37,320.0
0,1,37,810.0
0,2,37,1180.0
0,3,37,160.0
0,4,37,200.0
0,0,38,310.0
0,1,38,200.0
0,2,38,290.0
0,3,38,160.0
0,4,38,290.0
0,0,39,210.0
0,1,39,220.0
0,2,39,250.0
0,3,39,180.0
0,4,39,190.0
0,0,40,200.0
0,1,40,260.0
0,2,40,210.0
0,3,40,260.0
0,4,40,280.0
0,0,41,260.0
0,1,41,200.0
0,2,41,150.0
0,3,41,260.0
0,4,41,300.0
0,0,42,240.0
0,1,42,350.0
0,2,42,240.0
0,3,42,270.0
0,4,42,170.0
0,0,43,320.0
0,1,43,200.0
0,2,43,150.0
0,3,43,260.0
0,4,43,220.0
0,0,44,240.0
0,1,44,270.0
0,2,44,220.0
0,3,44,240.0
0,4,44,420.0
0,0,45,310.0
0,1,45,180.0
0,2,45,160.0
0,3,45,210.0
0,4,45,430.0
0,0,46,360.0
0,1,46,200.0
0,2,46,330.0
0,3,46,300.0
0,4,46,380.0
0,0,47,260.0
0,1,47,310.0
0,2,47,260.0
0,3,47,180.0
0,4,47,180.0
0,0,48,310.0
0,1,48,760.0
0,2,48,240.0
0,3,48,200.0
0,4,48,120.0
0,0,49,270.0
0,1,49,320.0
0,2,49,240.0
0,3,49,330.0
0,4,49,160.0
0,0,50,340.0
0,1,50,240.0
0,2,50,330.0
0,3,50,290.0
0,4,50,240.0
0,0,51,250.0
0,1,51,270.0
0,2,51,130.0
0,3,51,200.0
0,4,51,260.0
0,0,52,340.0
0,1,52,750.0
0,2,52,230.0
0,3,52,290.0
0,4,52,310.0
0,0,53,230.0
0,1,53,290.0
0,2,53,170.0
0,3,53,250.0
0,4,53,240.0
0,0,54,190.0
0,1,54,190.0
0,2,54,170.0
0,3,54,200.0
0,4,54,190.0
0,0,55,290.0
0,1,55,220.0
0,2,55,240.0
0,3,55,160.0
0,4,55,170.0
0,0,56,210.0
0,1,56,190.0
0,2,56,290.0
0,3,56,210.0
0,4,56,280.0
0,0,57,240.0
0,1,57,630.0
0,2,57,180.0
0,3,57,600.0
0,4,57,200.0
0,0,58,230.0
0,1,58,160.0
0,2,58,160.0
0,3,58,240.0
0,4,58,270.0
0,0,59,440.0
0,1,59,220.0
0,2,59,330.0
0,3,59,550.0
0,4,59,200.0
0,0,60,220.0
0,1,60,250.0
0,2,60,350.0
0,3,60,1010.0
0,4,60,180.0
0,0,61,280.0
0,1,61,150.0
0,2,61,310.0
0,3,61,380.0
0,4,61,160.0
0,0,62,1090.0
0,1,62,260.0
0,2,62,160.0
0,3,62,230.0
0,4,62,250.0
0,0,63,200.0
0,1,63,300.0
0,2,63,430.0
0,3,63,200.0
0,4,63,380.0
0,0,64,250.0
0,1,64,310.0
0,2,64,310.0
0,3,64,180.0
0,4,64,230.0
0,0,65,200.0
0,1,65,390.0
0,2,65,250.0
0,3,65,200.0
0,4,65,180.0
0,0,66,260.0
0,1,66,280.0
0,2,66,610.0
0,3,66,410.0
0,4,66,160.0
0,0,67,240.0
0,1,67,180.0
0,2,67,170.0
0,3,67,280.0
0,4,67,280.0
0,0,68,310.0
0,1,68,240.0
0,2,68,160.0
0,3,68,190.0
0,4,68,240.0
0,0,69,430.0
0,1,69,210.0
0,2,69,150.0
0,3,69,380.0
0,4,69,160.0
0,0,70,260.0
0,1,70,310.0
0,2,70,310.0
0,3,70,220.0
0,4,70,380.0
0,0,71,280.0
0,1,71,300.0
0,2,71,200.0
0,3,71,260.0
0,4,71,350.0
0,0,72,350.0
0,1,72,480.0
0,2,72,190.0
0,3,72,310.0
0,4,72,180.0
0,0,73,200.0
0,1,73,270.0
0,2,73,240.0
0,3,73,240.0
0,4,73,260.0
0,0,74,310.0
0,1,74,310.0
0,2,74,320.0
0,3,74,290.0
0,4,74,340.0
0,0,75,280.0
0,1,75,190.0
0,2,75,220.0
0,3,75,190.0
0,4,75,220.0
0,0,76,190.0
0,1,76,250.0
0,2,76,240.0
0,3,76,250.0
0,4,76,210.0
0,0,77,270.0
0,1,77,250.0
0,2,77,240.0
0,3,77,100.0
0,4,77,400.0
0,0,78,200.0
0,1,78,110.0
0,2,78,220.0
0,3,78,170.0
0,4,78,220.0
0,0,79,320.0
0,1,79,230.0
0,2,79,220.0
0,3,79,270.0
0,4,79,340.0
0,0,80,320.0
0,1,80,220.0
0,2,80,300.0
0,3,80,260.0
0,4,80,200.0
0,0,81,220.0
0,1,81,260.0
0,2,81,170.0
0,3,81,190.0
0,4,81,250.0
0,0,82,160.0
0,1,82,180.0
0,2,82,290.0
0,3,82,170.0
0,4,82,480.0
0,0,83,220.0
0,1,83,150.0
0,2,83,240.0
0,3,83,210.0
0,4,83,240.0
0,0,84,130.0
0,1,84,150.0
0,2,84,270.0
0,3,84,220.0
0,4,84,200.0
0,0,85,280.0
0,1,85,120.0
0,2,85,170.0
0,3,85,190.0
0,4,85,330.0
0,0,86,480.0
0,1,86,240.0
0,2,86,230.0
0,3,86,300.0
0,4,86,320.0
0,0,87,550.0
0,1,87,1030.0
0,2,87,310.0
0,3,87,270.0
0,4,87,220.0
0,0,88,320.0
0,1,88,330.0
0,2,88,210.0
0,3,88,230.0
0,4,88,270.0
0,0,89,290.0
0,1,89,280.0
0,2,89,380.0
0,3,89,380.0
0,4,89,340.0
0,0,90,260.0
0,1,90,230.0
0,2,90,390.0
0,3,90,150.0
0,4,90,180.0
0,0,91,520.0
0,1,91,250.0
0,2,91,280.0
0,3,91,220.0
0,4,91,250.0
0,0,92,270.0
0,1,92,240.0
0,2,92,200.0
0,3,92,170.0
0,4,92,350.0
0,0,93,260.0
0,1,93,200.0
0,2,93,180.0
0,3,93,270.0
0,4,93,340.0
0,0,94,160.0
0,1,94,390.0
0,2,94,320.0
0,3,94,250.0
0,4,94,280.0
0,0,95,340.0
0,1,95,310.0
0,2,95,340.0
0,3,95,230.0
0,4,95,290.0
0,0,96,270.0
0,1,96,240.0
0,2,96,110.0
0,3,96,210.0
0,4,96,380.0
0,0,97,190.0
0,1,97,220.0
0,2,97,280.0
0,3,97,310.0
0,4,97,180.0
0,0,98,220.0
0,1,98,250.0
0,2,98,170.0
0,3,98,230.0
0,4,98,160.0
0,0,99,240.0
0,1,99,330.0
0,2,99,140.0
0,3,99,250.0
0,4,99,280.0
0,0,100,240.0
0,1,100,230.0
0,2,100,250.0
0,3,100,200.0
0,4,100,160.0
0,0,101,280.0
0,1,101,210.0
0,2,101,250.0
0,3,101,270.0
0,4,101,210.0
0,0,102,240.0
0,1,102,650.0
0,2,102,230.0
0,3,102,150.0
0,4,102,230.0
0,0,103,240.0
0,1,103,700.0
0,2,103,290.0
0,3,103,220.0
0,4,103,860.0
0,0,104,210.0
0,1,104,1090.0
0,2,104,340.0
0,3,104,290.0
0,4,104,270.0
0,0,105,260.0
0,1,105,450.0
0,2,105,290.0
0,3,105,570.0
0,4,105,280.0
0,0,106,260.0
0,1,106,290.0
0,2,106,360.0
0,3,106,240.0
0,4,106,220.0
0,0,107,310.0
0,1,107,850.0
0,2,107,350.0
0,3,107,200.0
0,4,107,260.0
0,0,108,180.0
0,1,108,180.0
0,2,108,280.0
0,3,108,150.0
0,4,108,320.0
0,0,109,240.0
0,1,109,350.0
0,2,109,230.0
0,3,109,110.0
0,4,109,270.0
0,0,110,200.0
0,1,110,930.0
0,2,110,230.0
0,3,110,210.0
0,4,110,960.0
0,0,111,320.0
0,1,111,140.0
0,2,111,390.0
0,3,111,300.0
0,4,111,570.0
0,0,112,360.0
0,1,112,110.0
0,2,112,230.0
0,3,112,130.0
0,4,112,170.0
0,0,113,550.0
0,1,113,210.0
0,2,113,190.0
0,3,113,160.0
0,4,113,290.0
0,0,114,150.0
0,1,114,250.0
0,2,114,230.0
0,3,114,240.0
0,4,114,110.0
0,0,115,410.0
0,1,115,110.0
0,2,115,310.0
0,3,115,360.0
0,4,115,260.0
0,0,116,330.0
0,1,116,280.0
0,2,116,330.0
0,3,116,240.0
0,4,116,120.0
0,0,117,340.0
0,1,117,220.0
0,2,117,270.0
0,3,117,260.0
0,4,117,240.0
0,0,118,470.0
0,1,118,140.0
0,2,118,250.0
0,3,118,260.0
0,4,118,240.0
0,0,119,550.0
0,1,119,190.0
0,2,119,230.0
0,3,119,230.0
0,4,119,120.0
0,0,120,270.0
0,1,120,270.0
0,2,120,320.0
0,3,120,180.0
0,4,120,330.0
0,0,121,160.0
0,1,121,490.0
0,2,121,340.0
0,3,121,190.0
0,4,121,460.0
0,0,122,320.0
0,1,122,220.0
0,2,122,610.0
0,3,122,170.0
0,4,122,280.0
0,0,123,360.0
0,1,123,220.0
0,2,123,630.0
0,3,123,180.0
0,4,123,530.0
0,0,124,250.0
0,1,124,180.0
0,2,124,490.0
0,3,124,180.0
0,4,124,480.0
0,0,125,390.0
0,1,125,110.0
0,2,125,470.0
0,3,125,270.0
0,4,125,620.0
0,0,126,160.0
0,1,126,180.0
0,2,126,360.0
0,3,126,270.0
0,4,126,230.0
0,0,127,180.0
0,1,127,120.0
0,2,127,370.0
0,3,127,230.0
0,4,127,420.0
0,0,128,970.0
0,1,128,140.0
0,2,128,240.0
0,3,128,300.0
0,4,128,480.0
0,0,129,240.0
0,1,129,220.0
0,2,129,250.0
0,3,129,210.0
0,4,129,130.0
0,0,130,430.0
0,1,130,70.0
0,2,130,330.0
0,3,130,130.0
0,4,130,730.0
0,0,131,320.0
0,1,131,220.0
0,2,131,660.0
0,3,131,280.0
0,4,131,250.0
0,0,132,220.0
0,1,132,190.0
0,2,132,310.0
0,3,132,340.0
0,4,132,110.0
0,0,133,200.0
0,1,133,120.0
0,2,133,330.0
0,3,133,850.0
0,4,133,310.0
0,0,134,280.0
0,1,134,220.0
0,2,134,230.0
0,3,134,520.0
0,4,134,570.0
0,0,135,470.0
0,1,135,230.0
0,2,135,640.0
0,3,135,260.0
0,4,135,290.0
0,0,136,140.0
0,1,136,390.0
0,2,136,250.0
0,3,136,220.0
0,4,136,260.0
0,0,137,1010.0
0,1,137,840.0
0,2,137,180.0
0,3,137,370.0
0,4,137,530.0
0,0,138,180.0
0,1,138,810.0
0,2,138,140.0
0,3,138,260.0
0,4,138,540.0
0,0,139,160.0
0,1,139,890.0
0,2,139,200.0
0,3,139,240.0
0,4,139,260.0
0,0,140,190.0
0,1,140,140.0
0,2,140,150.0
0,3,140,150.0
0,4,140,450.0
0,0,141,400.0
0,1,141,110.0
0,2,141,180.0
0,3,141,280.0
0,4,141,200.0
0,0,142,230.0
0,1,142,110.0
0,2,142,350.0
0,3,142,290.0
0,4,142,630.0
0,0,143,540.0
0,1,143,160.0
0,2,143,220.0
0,3,143,140.0
0,4,143,400.0
0,0,144,240.0
0,1,144,110.0
0,2,144,170.0
0,3,144,310.0
0,4,144,190.0
0,0,145,560.0
0,1,145,110.0
0,2,145,200.0
0,3,145,190.0
0,4,145,650.0
0,0,146,450.0
0,1,146,110.0
0,2,146,370.0
0,3,146,350.0
0,4,146,210.0
0,0,147,210.0
0,1,147,160.0
0,2,147,400.0
0,3,147,320.0
0,4,147,1080.0
0,0,148,140.0
0,1,148,110.0
0,2,148,510.0
0,3,148,170.0
0,4,148,530.0
0,0,149,300.0
0,1,149,110.0
0,2,149,200.0
0,3,149,180.0
0,4,149,250.0
0,0,150,200.0
0,1,150,140.0
0,2,150,120.0
0,3,150,220.0
0,4,150,410.0
0,0,151,250.0
0,1,151,160.0
0,2,151,290.0
0,3,151,120.0
0,4,151,190.0
0,0,152,270.0
0,1,152,140.0
0,2,152,280.0
0,3,152,190.0
0,4,152,270.0
0,0,153,200.0
0,1,153,140.0
0,2,153,160.0
0,3,153,220.0
0,4,153,640.0
0,0,154,270.0
0,1,154,110.0
0,2,154,380.0
0,3,154,220.0
0,4,154,640.0
0,0,155,270.0
0,1,155,170.0
0,2,155,250.0
0,3,155,120.0
0,4,155,300.0
0,0,156,210.0
0,1,156,140.0
0,2,156,180.0
0,3,156,160.0
0,4,156,780.0
0,0,157,590.0
0,1,157,130.0
0,2,157,410.0
0,3,157,230.0
0,4,157,1000.0
0,0,158,220.0
0,1,158,170.0
0,2,158,280.0
0,3,158,900.0
0,4,158,550.0
0,0,159,580.0
0,1,159,130.0
0,2,159,330.0
0,3,159,210.0
0,4,159,530.0
0,0,160,340.0
0,1,160,140.0
0,2,160,190.0
0,3,160,1450.0
0,4,160,310.0
0,0,161,360.0
0,1,161,210.0
0,2,161,230.0
0,3,161,260.0
0,4,161,410.0
0,0,162,130.0
0,1,162,190.0
0,2,162,120.0
0,3,162,190.0
0,4,162,340.0
0,0,163,960.0
0,1,163,140.0
0,2,163,640.0
0,3,163,350.0
0,4,163,240.0
0,0,164,790.0
0,1,164,220.0
0,2,164,370.0
0,3,164,250.0
0,4,164,210.0
0,0,165,700.0
0,1,165,190.0
0,2,165,310.0
0,3,165,400.0
0,4,165,290.0
0,0,166,440.0
0,1,166,140.0
0,2,166,220.0
0,3,166,400.0
0,4,166,530.0
0,0,167,200.0
0,1,167,170.0
0,2,167,260.0
0,3,167,280.0
0,4,167,220.0
0,0,168,250.0
0,1,168,140.0
0,2,168,330.0
0,3,168,1030.0
0,4,168,750.0
0,0,169,270.0
0,1,169,210.0
0,2,169,240.0
0,3,169,220.0
0,4,169,330.0
0,0,170,300.0
0,1,170,140.0
0,2,170,190.0
0,3,170,310.0
0,4,170,1670.0
0,0,171,450.0
0,1,171,110.0
0,2,171,1060.0
0,3,171,310.0
0,4,171,220.0
0,0,172,440.0
0,1,172,130.0
0,2,172,310.0
0,3,172,300.0
0,4,172,470.0
0,0,173,290.0
0,1,173,140.0
0,2,173,300.0
0,3,173,270.0
0,4,173,280.0
0,0,174,290.0
0,1,174,140.0
0,2,174,960.0
0,3,174,490.0
0,4,174,440.0
0,0,175,190.0
0,1,175,140.0
0,2,175,180.0
0,3,175,280.0
0,4,175,340.0
0,0,176,350.0
0,1,176,140.0
0,2,176,300.0
0,3,176,530.0
0,4,176,480.0
0,0,177,520.0
0,1,177,140.0
0,2,177,210.0
0,3,177,210.0
0,4,177,500.0
0,0,178,180.0
0,1,178,170.0
0,2,178,210.0
0,3,178,510.0
0,4,178,470.0
0,0,179,350.0
0,1,179,140.0
0,2,179,340.0
0,3,179,510.0
0,4,179,790.0
0,0,180,220.0
0,1,180,140.0
0,2,180,350.0
0,3,180,180.0
0,4,180,350.0
0,0,181,300.0
0,1,181,160.0
0,2,181,290.0
0,3,181,110.0
0,4,181,140.0
0,0,182,300.0
0,1,182,140.0
0,2,182,310.0
0,3,182,400.0
0,4,182,380.0
0,0,183,1120.0
0,1,183,140.0
0,2,183,360.0
0,3,183,430.0
0,4,183,190.0
0,0,184,350.0
0,1,184,130.0
0,2,184,360.0
0,3,184,350.0
0,4,184,730.0
0,0,185,330.0
0,1,185,140.0
0,2,185,510.0
0,3,185,470.0
0,4,185,300.0
0,0,186,300.0
0,1,186,140.0
0,2,186,160.0
0,3,186,150.0
0,4,186,520.0
0,0,187,390.0
0,1,187,240.0
0,2,187,370.0
0,3,187,520.0
0,4,187,600.0
0,0,188,280.0
0,1,188,110.0
0,2,188,390.0
0,3,188,340.0
0,4,188,320.0
0,0,189,230.0
0,1,189,410.0
0,2,189,270.0
0,3,189,600.0
0,4,189,440.0
0,0,190,220.0
0,1,190,140.0
0,2,190,460.0
0,3,190,600.0
0,4,190,510.0
0,0,191,300.0
0,1,191,190.0
0,2,191,380.0
0,3,191,300.0
0,4,191,430.0
0,0,192,340.0
0,1,192,170.0
0,2,192,630.0
0,3,192,270.0
0,4,192,250.0
0,0,193,1130.0
0,1,193,140.0
0,2,193,240.0
0,3,193,190.0
0,4,193,480.0
0,0,194,180.0
0,1,194,240.0
0,2,194,230.0
0,3,194,110.0
0,4,194,180.0
0,0,195,540.0
0,1,195,170.0
0,2,195,250.0
0,3,195,220.0
0,4,195,480.0
0,0,196,180.0
0,1,196,130.0
0,2,196,260.0
0,3,196,330.0
0,4,196,640.0
0,0,197,910.0
0,1,197,170.0
0,2,197,370.0
0,3,197,220.0
0,4,197,500.0
0,0,198,1750.0
0,1,198,110.0
0,2,198,280.0
0,3,198,220.0
0,4,198,300.0
0,0,199,290.0
0,1,199,140.0
0,2,199,220.0
0,3,199,930.0
0,4,199,340.0
0,0,200,240.0
0,1,200,170.0
0,2,200,290.0
0,3,200,870.0
0,4,200,250.0
0,0,201,450.0
0,1,201,220.0
0,2,201,190.0
0,3,201,360.0
0,4,201,100.0
0,0,202,510.0
0,1,202,240.0
0,2,202,220.0
0,3,202,420.0
0,4,202,210.0
0,0,203,360.0
0,1,203,390.0
0,2,203,160.0
0,3,203,870.0
0,4,203,520.0
0,0,204,450.0
0,1,204,170.0
0,2,204,290.0
0,3,204,260.0
0,4,204,690.0
0,0,205,210.0
0,1,205,220.0
0,2,205,390.0
0,3,205,300.0
0,4,205,320.0
0,0,206,920.0
0,1,206,170.0
0,2,206,230.0
0,3,206,170.0
0,4,206,630.0
0,0,207,610.0
0,1,207,210.0
0,2,207,200.0
0,3,207,170.0
0,4,207,480.0
0,0,208,240.0
0,1,208,140.0
0,2,208,570.0
0,3,208,290.0
0,4,208,530.0
0,0,209,250.0
0,1,209,140.0
0,2,209,280.0
0,3,209,1690.0
0,4,209,430.0
0,0,210,140.0
0,1,210,140.0
0,2,210,340.0
0,3,210,250.0
0,4,210,340.0
0,0,211,130.0
0,1,211,210.0
0,2,211,270.0
0,3,211,120.0
0,4,211,320.0
0,0,212,550.0
0,1,212,220.0
0,2,212,260.0
0,3,212,350.0
0,4,212,520.0
0,0,213,990.0
0,1,213,170.0
0,2,213,350.0
0,3,213,200.0
0,4,213,460.0
0,0,214,440.0
0,1,214,220.0
0,2,214,270.0
0,3,214,150.0
0,4,214,460.0
0,0,215,380.0
0,1,215,220.0
0,2,215,430.0
0,3,215,600.0
0,4,215,250.0
0,0,216,190.0
0,1,216,140.0
0,2,216,620.0
0,3,216,250.0
0,4,216,500.0
0,0,217,310.0
0,1,217,220.0
0,2,217,230.0
0,3,217,290.0
0,4,217,110.0
0,0,218,610.0
0,1,218,140.0
0,2,218,470.0
0,3,218,120.0
0,4,218,250.0
0,0,219,440.0
0,1,219,140.0
0,2,219,250.0
0,3,219,170.0
0,4,219,240.0
0,0,220,520.0
0,1,220,220.0
0,2,220,220.0
0,3,220,200.0
0,4,220,280.0
0,0,221,200.0
0,1,221,220.0
0,2,221,250.0
0,3,221,240.0
0,4,221,450.0
0,0,222,160.0
0,1,222,220.0
0,2,222,310.0
0,3,222,490.0
0,4,222,660.0
0,0,223,490.0
0,1,223,140.0
0,2,223,220.0
0,3,223,170.0
0,4,223,250.0
0,0,224,350.0
0,1,224,220.0
0,2,224,420.0
0,3,224,170.0
0,4,224,440.0
0,0,225,180.0
0,1,225,140.0
0,2,225,350.0
0,3,225,860.0
0,4,225,320.0
0,0,226,280.0
0,1,226,220.0
0,2,226,190.0
0,3,226,130.0
0,4,226,570.0
0,0,227,350.0
0,1,227,130.0
0,2,227,520.0
0,3,227,150.0
0,4,227,330.0
0,0,228,310.0
0,1,228,790.0
0,2,228,220.0
0,3,228,250.0
0,4,228,250.0
0,0,229,220.0
0,1,229,220.0
0,2,229,300.0
0,3,229,620.0
0,4,229,250.0
0,0,230,260.0
0,1,230,140.0
0,2,230,190.0
0,3,230,430.0
0,4,230,110.0
0,0,231,130.0
0,1,231,220.0
0,2,231,190.0
0,3,231,230.0
0,4,231,250.0
0,0,232,320.0
0,1,232,140.0
0,2,232,230.0
0,3,232,120.0
0,4,232,460.0
0,0,233,330.0
0,1,233,220.0
0,2,233,160.0
0,3,233,490.0
0,4,233,330.0
0,0,234,190.0
0,1,234,220.0
0,2,234,330.0
0,3,234,120.0
0,4,234,300.0
0,0,235,260.0
0,1,235,140.0
0,2,235,190.0
0,3,235,480.0
0,4,235,690.0
0,0,236,330.0
0,1,236,170.0
0,2,236,240.0
0,3,236,290.0
0,4,236,540.0
0,0,237,280.0
0,1,237,140.0
0,2,237,390.0
0,3,237,190.0
0,4,237,110.0
0,0,238,160.0
0,1,238,140.0
0,2,238,140.0
0,3,238,200.0
0,4,238,470.0
0,0,239,230.0
0,1,239,140.0
0,2,239,330.0
0,3,239,500.0
0,4,239,280.0
0,0,240,220.0
0,1,240,890.0
0,2,240,230.0
0,3,240,240.0
0,4,240,680.0
0,0,241,420.0
0,1,241,170.0
0,2,241,170.0
0,3,241,220.0
0,4,241,270.0
0,0,242,250.0
0,1,242,210.0
0,2,242,230.0
0,3,242,270.0
0,4,242,640.0
0,0,243,250.0
0,1,243,790.0
0,2,243,310.0
0,3,243,210.0
0,4,243,240.0
0,0,244,390.0
0,1,244,390.0
0,2,244,250.0
0,3,244,270.0
0,4,244,220.0
0,0,245,310.0
0,1,245,140.0
0,2,245,240.0
0,3,245,570.0
0,4,245,440.0
0,0,246,270.0
0,1,246,390.0
0,2,246,240.0
0,3,246,390.0
0,4,246,250.0
0,0,247,270.0
0,1,247,140.0
0,2,247,240.0
0,3,247,320.0
0,4,247,170.0
0,0,248,210.0
0,1,248,140.0
0,2,248,360.0
0,3,248,200.0
0,4,248,640.0
0,0,249,220.0
0,1,249,410.0
0,2,249,260.0
0,3,249,340.0
0,4,249,280.0
0,0,250,1090.0
0,1,250,140.0
0,2,250,220.0
0,3,250,170.0
0,4,250,110.0
0,0,251,180.0
0,1,251,790.0
0,2,251,280.0
0,3,251,570.0
0,4,251,200.0
0,0,252,280.0
0,1,252,190.0
0,2,252,320.0
0,3,252,390.0
0,4,252,380.0
0,0,253,240.0
0,1,253,390.0
0,2,253,180.0
0,3,253,350.0
0,4,253,460.0
0,0,254,260.0
0,1,254,410.0
0,2,254,260.0
0,3,254,840.0
0,4,254,590.0
0,0,255,360.0
0,1,255,790.0
0,2,255,180.0
0,3,255,740.0
0,4,255,1170.0
0,0,256,560.0
0,1,256,140.0
0,2,256,210.0
0,3,256,170.0
0,4,256,300.0
0,0,257,330.0
0,1,257,390.0
0,2,257,210.0
0,3,257,450.0
0,4,257,710.0
0,0,258,230.0
0,1,258,140.0
0,2,258,170.0
0,3,258,510.0
0,4,258,470.0
0,0,259,250.0
0,1,259,140.0
0,2,259,270.0
0,3,259,370.0
0,4,259,900.0
0,0,260,150.0
0,1,260,140.0
0,2,260,240.0
0,3,260,470.0
0,4,260,220.0
0,0,261,280.0
0,1,261,410.0
0,2,261,390.0
0,3,261,570.0
0,4,261,270.0
0,0,262,320.0
0,1,262,140.0
0,2,262,200.0
0,3,262,370.0
0,4,262,290.0
0,0,263,230.0
0,1,263,220.0
0,2,263,220.0
0,3,263,470.0
0,4,263,260.0
0,0,264,160.0
0,1,264,190.0
0,2,264,160.0
0,3,264,470.0
0,4,264,70.0
0,0,265,300.0
0,1,265,220.0
0,2,265,170.0
0,3,265,940.0
0,4,265,210.0
0,0,266,220.0
0,1,266,140.0
0,2,266,240.0
0,3,266,250.0
0,4,266,210.0
0,0,267,210.0
0,1,267,240.0
0,2,267,350.0
0,3,267,160.0
0,4,267,300.0
0,0,268,180.0
0,1,268,140.0
0,2,268,270.0
0,3,268,170.0
0,4,268,240.0
0,0,269,190.0
0,1,269,140.0
0,2,269,560.0
0,3,269,170.0
0,4,269,340.0
0,0,270,300.0
0,1,270,410.0
0,2,270,220.0
0,3,270,250.0
0,4,270,470.0
0,0,271,230.0
0,1,271,440.0
0,2,271,340.0
0,3,271,600.0
0,4,271,110.0
0,0,272,450.0
0,1,272,210.0
0,2,272,200.0
0,3,272,240.0
0,4,272,530.0
0,0,273,270.0
0,1,273,140.0
0,2,273,260.0
0,3,273,1830.0
0,4,273,330.0
0,0,274,250.0
0,1,274,810.0
0,2,274,360.0
0,3,274,240.0
0,4,274,170.0
0,0,275,250.0
0,1,275,190.0
0,2,275,480.0
0,3,275,880.0
0,4,275,430.0
0,0,276,210.0
0,1,276,240.0
0,2,276,400.0
0,3,276,210.0
0,4,276,420.0
0,0,277,240.0
0,1,277,140.0
0,2,277,150.0
0,3,277,360.0
0,4,277,320.0
0,0,278,250.0
0,1,278,390.0
0,2,278,290.0
0,3,278,310.0
0,4,278,250.0
0,0,279,220.0
0,1,279,790.0
0,2,279,150.0
0,3,279,360.0
0,4,279,440.0
0,0,280,220.0
0,1,280,410.0
0,2,280,360.0
0,3,280,310.0
0,4,280,510.0
0,0,281,230.0
0,1,281,210.0
0,2,281,320.0
0,3,281,130.0
0,4,281,290.0
0,0,282,330.0
0,1,282,810.0
0,2,282,210.0
0,3,282,380.0
0,4,282,230.0
0,0,283,420.0
0,1,283,410.0
0,2,283,500.0
0,3,283,280.0
0,4,283,190.0
0,0,284,220.0
0,1,284,140.0
0,2,284,180.0
0,3,284,170.0
0,4,284,250.0
0,0,285,260.0
0,1,285,490.0
0,2,285,280.0
0,3,285,560.0
0,4,285,520.0
0,0,286,570.0
0,1,286,140.0
0,2,286,180.0
0,3,286,610.0
0,4,286,220.0
0,0,287,180.0
0,1,287,220.0
0,2,287,110.0
0,3,287,170.0
0,4,287,650.0
0,0,288,530.0
0,1,288,810.0
0,2,288,230.0
0,3,288,380.0
0,4,288,470.0
0,0,289,190.0
0,1,289,270.0
0,2,289,270.0
0,3,289,170.0
0,4,289,500.0
0,0,290,320.0
0,1,290,190.0
0,2,290,110.0
0,3,290,1010.0
0,4,290,780.0
0,0,291,370.0
0,1,291,140.0
0,2,291,220.0
0,3,291,310.0
0,4,291,520.0
0,0,292,360.0
0,1,292,410.0
0,2,292,260.0
0,3,292,480.0
0,4,292,260.0
0,0,293,240.0
0,1,293,140.0
0,2,293,260.0
0,3,293,380.0
0,4,293,270.0
0,0,294,230.0
0,1,294,140.0
0,2,294,310.0
0,3,294,570.0
0,4,294,120.0
0,0,295,370.0
0,1,295,410.0
0,2,295,170.0
0,3,295,230.0
0,4,295,260.0
0,0,296,200.0
0,1,296,210.0
0,2,296,230.0
0,3,296,410.0
0,4,296,210.0
0,0,297,250.0
0,1,297,170.0
0,2,297,330.0
0,3,297,570.0
0,4,297,430.0
0,0,298,230.0
0,1,298,220.0
0,2,298,220.0
0,3,298,490.0
0,4,298,400.0
0,0,299,180.0
0,1,299,430.0
0,2,299,340.0
0,3,299,410.0
0,4,299,330.0
0,0,300,290.0
0,1,300,220.0
0,2,300,320.0
0,3,300,580.0
0,4,300,230.0
0,0,301,340.0
0,1,301,410.0
0,2,301,200.0
0,3,301,460.0
0,4,301,110.0
0,0,302,310.0
0,1,302,210.0
0,2,302,260.0
0,3,302,170.0
0,4,302,460.0
0,0,303,230.0
0,1,303,190.0
0,2,303,260.0
0,3,303,130.0
0,4,303,210.0
0,0,304,400.0
0,1,304,270.0
0,2,304,280.0
0,3,304,350.0
0,4,304,420.0
0,0,305,360.0
0,1,305,270.0
0,2,305,610.0
0,3,305,150.0
0,4,305,90.0
0,0,306,210.0
0,1,306,220.0
0,2,306,120.0
0,3,306,890.0
0,4,306,250.0
0,0,307,260.0
0,1,307,440.0
0,2,307,270.0
0,3,307,250.0
0,4,307,480.0
0,0,308,230.0
0,1,308,210.0
0,2,308,240.0
0,3,308,190.0
0,4,308,660.0
0,0,309,230.0
0,1,309,290.0
0,2,309,220.0
0,3,309,540.0
0,4,309,860.0
0,0,310,300.0
0,1,310,210.0
0,2,310,1150.0
0,3,310,280.0
0,4,310,450.0
0,0,311,280.0
0,1,311,260.0
0,2,311,240.0
0,3,311,890.0
0,4,311,250.0
0,0,312,290.0
0,1,312,420.0
0,2,312,240.0
0,3,312,250.0
0,4,312,250.0
0,0,313,480.0
0,1,313,270.0
0,2,313,270.0
0,3,313,580.0
0,4,313,480.0
0,0,314,340.0
0,1,314,490.0
0,2,314,650.0
0,3,314,500.0
0,4,314,220.0
0,0,315,430.0
0,1,315,440.0
0,2,315,250.0
0,3,315,320.0
0,4,315,240.0
0,0,316,340.0
0,1,316,250.0
0,2,316,260.0
0,3,316,410.0
0,4,316,110.0
0,0,317,350.0
0,1,317,820.0
0,2,317,240.0
0,3,317,320.0
0,4,317,210.0
0,0,318,260.0
0,1,318,490.0
0,2,318,570.0
0,3,318,220.0
0,4,318,120.0
0,0,319,470.0
0,1,319,910.0
0,2,319,210.0
0,3,319,230.0
0,4,319,270.0
0,0,320,260.0
0,1,320,200.0
0,2,320,980.0
0,3,320,120.0
0,4,320,250.0
0,0,321,300.0
0,1,321,290.0
0,2,321,190.0
0,3,321,600.0
0,4,321,210.0
0,0,322,270.0
0,1,322,390.0
0,2,322,350.0
0,3,322,410.0
0,4,322,410.0
0,0,323,190.0
0,1,323,410.0
0,2,323,230.0
0,3,323,390.0
0,4,323,510.0
0,0,324,260.0
0,1,324,290.0
0,2,324,1300.0
0,3,324,200.0
0,4,324,280.0
0,0,325,240.0
0,1,325,410.0
0,2,325,210.0
0,3,325,400.0
0,4,325,250.0
0,0,326,310.0
0,1,326,410.0
0,2,326,240.0
0,3,326,240.0
0,4,326,230.0
0,0,327,260.0
0,1,327,240.0
0,2,327,950.0
0,3,327,250.0
0,4,327,200.0
0,0,328,710.0
0,1,328,250.0
0,2,328,230.0
0,3,328,290.0
0,4,328,230.0
0,0,329,320.0
0,1,329,810.0
0,2,329,280.0
0,3,329,410.0
0,4,329,450.0
0,0,330,190.0
0,1,330,890.0
0,2,330,540.0
0,3,330,340.0
0,4,330,440.0
0,0,331,330.0
0,1,331,410.0
0,2,331,320.0
0,3,331,220.0
0,4,331,330.0
0,0,332,310.0
0,1,332,470.0
0,2,332,240.0
0,3,332,580.0
0,4,332,110.0
0,0,333,630.0
0,1,333,390.0
0,2,333,600.0
0,3,333,300.0
0,4,333,270.0
0,0,334,220.0
0,1,334,520.0
0,2,334,290.0
0,3,334,380.0
0,4,334,250.0
0,0,335,210.0
0,1,335,320.0
0,2,335,300.0
0,3,335,250.0
0,4,335,250.0
0,0,336,340.0
0,1,336,430.0
0,2,336,320.0
0,3,336,1860.0
0,4,336,110.0
0,0,337,230.0
0,1,337,810.0
0,2,337,180.0
0,3,337,860.0
0,4,337,290.0
0,0,338,170.0
0,1,338,390.0
0,2,338,200.0
0,3,338,890.0
0,4,338,430.0
0,0,339,520.0
0,1,339,220.0
0,2,339,210.0
0,3,339,220.0
0,4,339,280.0
0,0,340,1020.0
0,1,340,220.0
0,2,340,260.0
0,3,340,380.0
0,4,340,210.0
0,0,341,200.0
0,1,341,310.0
0,2,341,190.0
0,3,341,320.0
0,4,341,230.0
0,0,342,280.0
0,1,342,250.0
0,2,342,270.0
0,3,342,260.0
0,4,342,110.0
0,0,343,310.0
0,1,343,190.0
0,2,343,590.0
0,3,343,170.0
0,4,343,310.0
0,0,344,300.0
0,1,344,210.0
0,2,344,190.0
0,3,344,140.0
0,4,344,240.0
0,0,345,350.0
0,1,345,190.0
0,2,345,150.0
0,3,345,180.0
0,4,345,850.0
0,0,346,380.0
0,1,346,140.0
0,2,346,180.0
0,3,346,300.0
0,4,346,450.0
0,0,347,230.0
0,1,347,320.0
0,2,347,570.0
0,3,347,840.0
0,4,347,270.0
0,0,348,220.0
0,1,348,440.0
0,2,348,170.0
0,3,348,250.0
0,4,348,320.0
0,0,349,310.0
0,1,349,410.0
0,2,349,740.0
0,3,349,250.0
0,4,349,620.0
0,0,350,140.0
0,1,350,410.0
0,2,350,190.0
0,3,350,250.0
0,4,350,250.0
0,0,351,370.0
0,1,351,440.0
0,2,351,1050.0
0,3,351,250.0
0,4,351,70.0
0,0,352,330.0
0,1,352,220.0
0,2,352,230.0
0,3,352,170.0
0,4,352,420.0
0,0,353,210.0
0,1,353,210.0
0,2,353,670.0
0,3,353,240.0
0,4,353,330.0
0,0,354,240.0
0,1,354,210.0
0,2,354,250.0
0,3,354,250.0
0,4,354,270.0
0,0,355,240.0
0,1,355,250.0
0,2,355,230.0
0,3,355,280.0
0,4,355,410.0
0,0,356,650.0
0,1,356,870.0
0,2,356,230.0
0,3,356,320.0
0,4,356,620.0
0,0,357,280.0
0,1,357,280.0
0,2,357,200.0
0,3,357,250.0
0,4,357,240.0
0,0,358,260.0
0,1,358,170.0
0,2,358,240.0
0,3,358,120.0
0,4,358,300.0
0,0,359,210.0
0,1,359,490.0
0,2,359,250.0
0,3,359,200.0
0,4,359,110.0
0,0,360,600.0
0,1,360,220.0
0,2,360,250.0
0,3,360,330.0
0,4,360,200.0
0,0,361,230.0
0,1,361,270.0
0,2,361,210.0
0,3,361,540.0
0,4,361,260.0
0,0,362,280.0
0,1,362,210.0
0,2,362,170.0
0,3,362,280.0
0,4,362,510.0
0,0,363,270.0
0,1,363,520.0
0,2,363,350.0
0,3,363,220.0
0,4,363,440.0
0,0,364,250.0
0,1,364,140.0
0,2,364,250.0
0,3,364,250.0
0,4,364,460.0
0,0,365,200.0
0,1,365,230.0
0,2,365,210.0
0,3,365,320.0
0,4,365,300.0
0,0,366,300.0
0,1,366,470.0
0,2,366,310.0
0,3,366,230.0
0,4,366,1100.0
0,0,367,270.0
0,1,367,810.0
0,2,367,180.0
0,3,367,290.0
0,4,367,430.0
0,0,368,210.0
0,1,368,290.0
0,2,368,280.0
0,3,368,520.0
0,4,368,310.0
0,0,369,290.0
0,1,369,890.0
0,2,369,630.0
0,3,369,220.0
0,4,369,250.0
0,0,370,270.0
0,1,370,140.0
0,2,370,210.0
0,3,370,160.0
0,4,370,470.0
0,0,371,220.0
0,1,371,220.0
0,2,371,520.0
0,3,371,150.0
0,4,371,470.0
0,0,372,130.0
0,1,372,230.0
0,2,372,250.0
0,3,372,1060.0
0,4,372,260.0
0,0,373,460.0
0,1,373,170.0
0,2,373,230.0
0,3,373,140.0
0,4,373,110.0
0,0,374,300.0
0,1,374,290.0
0,2,374,320.0
0,3,374,480.0
0,4,374,490.0
0,0,375,150.0
0,1,375,220.0
0,2,375,400.0
0,3,375,970.0
0,4,375,440.0
0,0,376,300.0
0,1,376,260.0
0,2,376,430.0
0,3,376,280.0
0,4,376,480.0
0,0,377,240.0
0,1,377,810.0
0,2,377,220.0
0,3,377,370.0
0,4,377,250.0
0,0,378,290.0
0,1,378,280.0
0,2,378,320.0
0,3,378,280.0
0,4,378,280.0
0,0,379,250.0
0,1,379,140.0
0,2,379,190.0
0,3,379,250.0
0,4,379,270.0
0,0,380,360.0
0,1,380,470.0
0,2,380,200.0
0,3,380,270.0
0,4,380,460.0
0,0,381,310.0
0,1,381,490.0
0,2,381,760.0
0,3,381,150.0
0,4,381,260.0
0,0,382,310.0
0,1,382,1660.0
0,2,382,170.0
0,3,382,300.0
0,4,382,280.0
0,0,383,1170.0
0,1,383,230.0
0,2,383,290.0
0,3,383,370.0
0,4,383,390.0
0,0,384,220.0
0,1,384,410.0
0,2,384,300.0
0,3,384,300.0
0,4,384,220.0
0,0,385,390.0
0,1,385,410.0
0,2,385,250.0
0,3,385,390.0
0,4,385,110.0
0,0,386,180.0
0,1,386,520.0
0,2,386,240.0
0,3,386,640.0
0,4,386,130.0
0,0,387,300.0
0,1,387,260.0
0,2,387,440.0
0,3,387,280.0
0,4,387,500.0
0,0,388,200.0
0,1,388,240.0
0,2,388,1740.0
0,3,388,250.0
0,4,388,310.0
0,0,389,170.0
0,1,389,490.0
0,2,389,250.0
0,3,389,260.0
0,4,389,420.0
0,0,390,390.0
0,1,390,270.0
0,2,390,340.0
0,3,390,80.0
0,4,390,410.0
0,0,391,330.0
0,1,391,390.0
0,2,391,260.0
0,3,391,320.0
0,4,391,450.0
0,0,392,250.0
0,1,392,210.0
0,2,392,300.0
0,3,392,270.0
0,4,392,320.0
0,0,393,590.0
0,1,393,210.0
0,2,393,270.0
0,3,393,190.0
0,4,393,350.0
0,0,394,340.0
0,1,394,920.0
0,2,394,570.0
0,3,394,490.0
0,4,394,400.0
0,0,395,260.0
0,1,395,490.0
0,2,395,360.0
0,3,395,220.0
0,4,395,300.0
0,0,396,260.0
0,1,396,320.0
0,2,396,260.0
0,3,396,340.0
0,4,396,460.0
0,0,397,350.0
0,1,397,210.0
0,2,397,120.0
0,3,397,240.0
0,4,397,450.0
0,0,398,280.0
0,1,398,440.0
0,2,398,360.0
0,3,398,460.0
0,4,398,280.0
0,0,399,320.0
0,1,399,250.0
0,2,399,280.0
0,3,399,270.0
0,4,399,290.0
0,0,400,310.0
0,1,400,190.0
0,2,400,200.0
0,3,400,290.0
0,4,400,240.0
0,0,401,210.0
0,1,401,290.0
0,2,401,200.0
0,3,401,190.0
0,4,401,280.0
0,0,402,360.0
0,1,402,290.0
0,2,402,150.0
0,3,402,690.0
0,4,402,460.0
0,0,403,150.0
0,1,403,250.0
0,2,403,250.0
0,3,403,230.0
0,4,403,190.0
0,0,404,420.0
0,1,404,210.0
0,2,404,200.0
0,3,404,1810.0
0,4,404,110.0
0,0,405,350.0
0,1,405,490.0
0,2,405,200.0
0,3,405,1010.0
0,4,405,280.0
0,0,406,1130.0
0,1,406,220.0
0,2,406,240.0
0,3,406,580.0
0,4,406,210.0
0,0,407,270.0
0,1,407,290.0
0,2,407,320.0
0,3,407,1010.0
0,4,407,170.0
0,0,408,240.0
0,1,408,1670.0
0,2,408,170.0
0,3,408,610.0
0,4,408,480.0
0,0,409,390.0
0,1,409,810.0
0,2,409,240.0
0,3,409,210.0
0,4,409,310.0
0,0,410,920.0
0,1,410,410.0
0,2,410,220.0
0,3,410,280.0
0,4,410,280.0
0,0,411,180.0
0,1,411,310.0
0,2,411,250.0
0,3,411,520.0
0,4,411,500.0
0,0,412,250.0
0,1,412,3320.0
0,2,412,480.0
0,3,412,170.0
0,4,412,120.0
0,0,413,120.0
0,1,413,810.0
0,2,413,250.0
0,3,413,270.0
0,4,413,850.0
0,0,414,230.0
0,1,414,810.0
0,2,414,230.0
0,3,414,280.0
0,4,414,310.0
0,0,415,490.0
0,1,415,190.0
0,2,415,110.0
0,3,415,310.0
0,4,415,270.0
0,0,416,250.0
0,1,416,290.0
0,2,416,210.0
0,3,416,300.0
0,4,416,240.0
0,0,417,210.0
0,1,417,790.0
0,2,417,200.0
0,3,417,400.0
0,4,417,260.0
0,0,418,540.0
0,1,418,410.0
0,2,418,210.0
0,3,418,370.0
0,4,418,880.0
0,0,419,160.0
0,1,419,270.0
0,2,419,270.0
0,3,419,900.0
0,4,419,200.0
0,0,420,190.0
0,1,420,410.0
0,2,420,250.0
0,3,420,270.0
0,4,420,300.0
0,0,421,350.0
0,1,421,490.0
0,2,421,230.0
0,3,421,570.0
0,4,421,160.0
0,0,422,250.0
0,1,422,220.0
0,2,422,240.0
0,3,422,220.0
0,4,422,460.0
0,0,423,290.0
0,1,423,140.0
0,2,423,240.0
0,3,423,970.0
0,4,423,230.0
0,0,424,540.0
0,1,424,210.0
0,2,424,200.0
0,3,424,220.0
0,4,424,170.0
0,0,425,420.0
0,1,425,210.0
0,2,425,270.0
0,3,425,400.0
0,4,425,510.0
0,0,426,390.0
0,1,426,810.0
0,2,426,150.0
0,3,426,230.0
0,4,426,120.0
0,0,427,280.0
0,1,427,410.0
0,2,427,210.0
0,3,427,310.0
0,4,427,410.0
0,0,428,550.0
0,1,428,270.0
0,2,428,380.0
0,3,428,620.0
0,4,428,510.0
0,0,429,480.0
0,1,429,840.0
0,2,429,160.0
0,3,429,220.0
0,4,429,270.0
0,0,430,230.0
0,1,430,210.0
0,2,430,180.0
0,3,430,220.0
0,4,430,110.0
0,0,431,260.0
0,1,431,140.0
0,2,431,230.0
0,3,431,290.0
0,4,431,350.0
0,0,432,160.0
0,1,432,490.0
0,2,432,270.0
0,3,432,250.0
0,4,432,520.0
0,0,433,470.0
0,1,433,790.0
0,2,433,280.0
0,3,433,330.0
0,4,433,270.0
0,0,434,340.0
0,1,434,790.0
0,2,434,270.0
0,3,434,240.0
0,4,434,110.0
0,0,435,930.0
0,1,435,810.0
0,2,435,240.0
0,3,435,190.0
0,4,435,380.0
0,0,436,2030.0
0,1,436,120.0
0,2,436,300.0
0,3,436,270.0
0,4,436,260.0
0,0,437,880.0
0,1,437,210.0
0,2,437,360.0
0,3,437,300.0
0,4,437,790.0
0,0,438,220.0
0,1,438,210.0
0,2,438,240.0
0,3,438,600.0
0,4,438,510.0
0,0,439,360.0
0,1,439,440.0
0,2,439,240.0
0,3,439,880.0
0,4,439,480.0
0,0,440,540.0
0,1,440,210.0
0,2,440,150.0
0,3,440,130.0
0,4,440,560.0
0,0,441,350.0
0,1,441,410.0
0,2,441,290.0
0,3,441,130.0
0,4,441,450.0
0,0,442,180.0
0,1,442,170.0
0,2,442,310.0
0,3,442,360.0
0,4,442,480.0
0,0,443,300.0
0,1,443,190.0
0,2,443,250.0
0,3,443,380.0
0,4,443,300.0
0,0,444,190.0
0,1,444,490.0
0,2,444,260.0
0,3,444,870.0
0,4,444,660.0
0,0,445,250.0
0,1,445,240.0
0,2,445,230.0
0,3,445,500.0
0,4,445,410.0
0,0,446,200.0
0,1,446,430.0
0,2,446,190.0
0,3,446,150.0
0,4,446,460.0
0,0,447,490.0
0,1,447,140.0
0,2,447,270.0
0,3,447,250.0
0,4,447,410.0
0,0,448,320.0
0,1,448,400.0
0,2,448,230.0
0,3,448,230.0
0,4,448,310.0
0,0,449,320.0
0,1,449,390.0
0,2,449,200.0
0,3,449,340.0
0,4,449,510.0
0,0,450,310.0
0,1,450,210.0
0,2,450,230.0
0,3,450,590.0
0,4,450,510.0
0,0,451,820.0
0,1,451,290.0
0,2,451,160.0
0,3,451,580.0
0,4,451,720.0
0,0,452,1020.0
0,1,452,220.0
0,2,452,140.0
0,3,452,280.0
0,4,452,350.0
0,0,453,230.0
0,1,453,470.0
0,2,453,530.0
0,3,453,260.0
0,4,453,590.0
0,0,454,1040.0
0,1,454,140.0
0,2,454,280.0
0,3,454,260.0
0,4,454,210.0
0,0,455,360.0
0,1,455,260.0
0,2,455,310.0
0,3,455,280.0
0,4,455,660.0
0,0,456,150.0
0,1,456,840.0
0,2,456,170.0
0,3,456,260.0
0,4,456,410.0
0,0,457,300.0
0,1,457,790.0
0,2,457,230.0
0,3,457,220.0
0,4,457,490.0
0,0,458,370.0
0,1,458,250.0
0,2,458,240.0
0,3,458,420.0
0,4,458,800.0
0,0,459,650.0
0,1,459,170.0
0,2,459,610.0
0,3,459,200.0
0,4,459,340.0
0,0,460,670.0
0,1,460,490.0
0,2,460,210.0
0,3,460,400.0
0,4,460,680.0
0,0,461,420.0
0,1,461,490.0
0,2,461,220.0
0,3,461,520.0
0,4,461,110.0
0,0,462,510.0
0,1,462,410.0
0,2,462,150.0
0,3,462,280.0
0,4,462,220.0
0,0,463,330.0
0,1,463,230.0
0,2,463,240.0
0,3,463,250.0
0,4,463,450.0
0,0,464,350.0
0,1,464,140.0
0,2,464,260.0
0,3,464,1060.0
0,4,464,240.0
0,0,465,470.0
0,1,465,220.0
0,2,465,210.0
0,3,465,570.0
0,4,465,600.0
0,0,466,230.0
0,1,466,170.0
0,2,466,280.0
0,3,466,240.0
0,4,466,350.0
0,0,467,230.0
0,1,467,430.0
0,2,467,240.0
0,3,467,190.0
0,4,467,1020.0
0,0,468,360.0
0,1,468,810.0
0,2,468,370.0
0,3,468,300.0
0,4,468,430.0
0,0,469,250.0
0,1,469,230.0
0,2,469,200.0
0,3,469,390.0
0,4,469,690.0
0,0,470,290.0
0,1,470,810.0
0,2,470,1420.0
0,3,470,270.0
0,4,470,510.0
0,0,471,360.0
0,1,471,440.0
0,2,471,270.0
0,3,471,1010.0
0,4,471,900.0
0,0,472,310.0
0,1,472,410.0
0,2,472,350.0
0,3,472,340.0
0,4,472,630.0
0,0,473,260.0
0,1,473,140.0
0,2,473,230.0
0,3,473,440.0
0,4,473,390.0
0,0,474,250.0
0,1,474,810.0
0,2,474,1280.0
0,3,474,240.0
0,4,474,670.0
0,0,475,240.0
0,1,475,810.0
0,2,475,170.0
0,3,475,450.0
0,4,475,230.0
0,0,476,280.0
0,1,476,390.0
0,2,476,610.0
0,3,476,860.0
0,4,476,730.0
0,0,477,310.0
0,1,477,220.0
0,2,477,170.0
0,3,477,100.0
0,4,477,590.0
0,0,478,270.0
0,1,478,320.0
0,2,478,290.0
0,3,478,620.0
0,4,478,450.0
0,0,479,210.0
0,1,479,510.0
0,2,479,300.0
0,3,479,500.0
0,4,479,450.0
0,0,480,660.0
0,1,480,890.0
0,2,480,250.0
0,3,480,270.0
0,4,480,360.0
0,0,481,160.0
0,1,481,210.0
0,2,481,150.0
0,3,481,520.0
0,4,481,450.0
0,0,482,250.0
0,1,482,1690.0
0,2,482,250.0
0,3,482,360.0
0,4,482,660.0
0,0,483,380.0
0,1,483,420.0
0,2,483,280.0
0,3,483,410.0
0,4,483,420.0
0,0,484,250.0
0,1,484,210.0
0,2,484,270.0
0,3,484,360.0
0,4,484,740.0
0,0,485,260.0
0,1,485,170.0
0,2,485,280.0
0,3,485,960.0
0,4,485,530.0
0,0,486,600.0
0,1,486,230.0
0,2,486,240.0
0,3,486,230.0
0,4,486,1230.0
0,0,487,220.0
0,1,487,1690.0
0,2,487,300.0
0,3,487,710.0
0,4,487,570.0
0,0,488,240.0
0,1,488,210.0
0,2,488,280.0
0,3,488,890.0
0,4,488,740.0
0,0,489,280.0
0,1,489,310.0
0,2,489,170.0
0,3,489,190.0
0,4,489,520.0
0,0,490,180.0
0,1,490,220.0
0,2,490,250.0
0,3,490,300.0
0,4,490,680.0
0,0,491,290.0
0,1,491,240.0
0,2,491,230.0
0,3,491,830.0
0,4,491,540.0
0,0,492,440.0
0,1,492,210.0
0,2,492,270.0
0,3,492,310.0
0,4,492,440.0
0,0,493,320.0
0,1,493,220.0
0,2,493,300.0
0,3,493,180.0
0,4,493,490.0
0,0,494,320.0
0,1,494,810.0
0,2,494,180.0
0,3,494,1830.0
0,4,494,360.0
0,0,495,210.0
0,1,495,810.0
0,2,495,140.0
0,3,495,480.0
0,4,495,500.0
0,0,496,220.0
0,1,496,290.0
0,2,496,260.0
0,3,496,600.0
0,4,496,280.0
0,0,497,230.0
0,1,497,210.0
0,2,497,200.0
0,3,497,380.0
0,4,497,330.0
0,0,498,280.0
0,1,498,430.0
0,2,498,260.0
0,3,498,600.0
0,4,498,590.0
0,0,499,260.0
0,1,499,210.0
0,2,499,180.0
0,3,499,290.0
0,4,499,680.0
0,0,500,290.0
0,1,500,140.0
0,2,500,180.0
0,3,500,720.0
0,4,500,620.0
0,0,501,330.0
0,1,501,410.0
0,2,501,310.0
0,3,501,320.0
0,4,501,790.0
0,0,502,630.0
0,1,502,220.0
0,2,502,270.0
0,3,502,270.0
0,4,502,800.0
0,0,503,260.0
0,1,503,170.0
0,2,503,1220.0
0,3,503,620.0
0,4,503,380.0
0,0,504,260.0
0,1,504,230.0
0,2,504,180.0
0,3,504,320.0
0,4,504,1180.0
0,0,505,970.0
0,1,505,490.0
0,2,505,240.0
0,3,505,230.0
0,4,505,760.0
0,0,506,270.0
0,1,506,220.0
0,2,506,120.0
0,3,506,370.0
0,4,506,520.0
0,0,507,180.0
0,1,507,260.0
0,2,507,270.0
0,3,507,330.0
0,4,507,850.0
0,0,508,500.0
0,1,508,220.0
0,2,508,310.0
0,3,508,440.0
0,4,508,500.0
0,0,509,320.0
0,1,509,410.0
0,2,509,90.0
0,3,509,1740.0
0,4,509,370.0
0,0,510,280.0
0,1,510,250.0
0,2,510,510.0
0,3,510,950.0
0,4,510,710.0
0,0,511,270.0
0,1,511,240.0
0,2,511,390.0
0,3,511,380.0
0,4,511,340.0
0,0,512,210.0
0,1,512,290.0
0,2,512,500.0
0,3,512,280.0
0,4,512,350.0
0,0,513,480.0
0,1,513,220.0
0,2,513,240.0
0,3,513,410.0
0,4,513,420.0
0,0,514,330.0
0,1,514,300.0
0,2,514,250.0
0,3,514,250.0
0,4,514,320.0
0,0,515,210.0
0,1,515,250.0
0,2,515,480.0
0,3,515,170.0
0,4,515,890.0
0,0,516,270.0
0,1,516,250.0
0,2,516,250.0
0,3,516,240.0
0,4,516,280.0
0,0,517,230.0
0,1,517,220.0
0,2,517,580.0
0,3,517,750.0
0,4,517,760.0
0,0,518,150.0
0,1,518,470.0
0,2,518,490.0
0,3,518,290.0
0,4,518,960.0
0,0,519,200.0
0,1,519,480.0
0,2,519,250.0
0,3,519,200.0
0,4,519,380.0
0,0,520,210.0
0,1,520,210.0
0,2,520,240.0
0,3,520,240.0
0,4,520,380.0
0,0,521,330.0
0,1,521,1690.0
0,2,521,600.0
0,3,521,470.0
0,4,521,750.0
0,0,522,260.0
0,1,522,510.0
0,2,522,320.0
0,3,522,350.0
0,4,522,430.0
0,0,523,1100.0
0,1,523,390.0
0,2,523,330.0
0,3,523,1010.0
0,4,523,760.0
0,0,524,180.0
0,1,524,170.0
0,2,524,300.0
0,3,524,400.0
0,4,524,650.0
0,0,525,530.0
0,1,525,250.0
0,2,525,260.0
0,3,525,250.0
0,4,525,460.0
0,0,526,190.0
0,1,526,440.0
0,2,526,370.0
0,3,526,570.0
0,4,526,370.0
0,0,527,470.0
0,1,527,520.0
0,2,527,170.0
0,3,527,380.0
0,4,527,930.0
0,0,528,330.0
0,1,528,890.0
0,2,528,390.0
0,3,528,340.0
0,4,528,340.0
0,0,529,380.0
0,1,529,420.0
0,2,529,1030.0
0,3,529,150.0
0,4,529,390.0
0,0,530,230.0
0,1,530,230.0
0,2,530,320.0
0,3,530,180.0
0,4,530,290.0
0,0,531,630.0
0,1,531,240.0
0,2,531,210.0
0,3,531,1300.0
0,4,531,370.0
0,0,532,200.0
0,1,532,210.0
0,2,532,180.0
0,3,532,250.0
0,4,532,950.0
0,0,533,270.0
0,1,533,170.0
0,2,533,260.0
0,3,533,260.0
0,4,533,790.0
0,0,534,670.0
0,1,534,220.0
0,2,534,210.0
0,3,534,150.0
0,4,534,700.0
0,0,535,270.0
0,1,535,890.0
0,2,535,270.0
0,3,535,230.0
0,4,535,440.0
0,0,536,260.0
0,1,536,170.0
0,2,536,190.0
0,3,536,1040.0
0,4,536,540.0
0,0,537,390.0
0,1,537,240.0
0,2,537,250.0
0,3,537,320.0
0,4,537,400.0
0,0,538,150.0
0,1,538,300.0
0,2,538,260.0
0,3,538,280.0
0,4,538,510.0
0,0,539,230.0
0,1,539,140.0
0,2,539,190.0
0,3,539,600.0
0,4,539,580.0
0,0,540,180.0
0,1,540,270.0
0,2,540,280.0
0,3,540,220.0
0,4,540,610.0
0,0,541,250.0
0,1,541,170.0
0,2,541,300.0
0,3,541,660.0
0,4,541,410.0
0,0,542,240.0
0,1,542,470.0
0,2,542,150.0
0,3,542,280.0
0,4,542,720.0
0,0,543,280.0
0,1,543,250.0
0,2,543,170.0
0,3,543,610.0
0,4,543,470.0
0,0,544,220.0
0,1,544,810.0
0,2,544,200.0
0,3,544,290.0
0,4,544,430.0
0,0,545,350.0
0,1,545,470.0
0,2,545,450.0
0,3,545,230.0
0,4,545,520.0
0,0,546,330.0
0,1,546,500.0
0,2,546,180.0
0,3,546,250.0
0,4,546,350.0
0,0,547,270.0
0,1,547,490.0
0,2,547,230.0
0,3,547,350.0
0,4,547,410.0
0,0,548,390.0
0,1,548,140.0
0,2,548,340.0
0,3,548,320.0
0,4,548,540.0
0,0,549,180.0
0,1,549,320.0
0,2,549,310.0
0,3,549,580.0
0,4,549,320.0
0,0,550,500.0
0,1,550,840.0
0,2,550,230.0
0,3,550,390.0
0,4,550,560.0
0,0,551,200.0
0,1,551,420.0
0,2,551,150.0
0,3,551,480.0
0,4,551,960.0
0,0,552,370.0
0,1,552,420.0
0,2,552,290.0
0,3,552,320.0
0,4,552,1360.0
0,0,553,250.0
0,1,553,890.0
0,2,553,290.0
0,3,553,590.0
0,4,553,460.0
0,0,554,670.0
0,1,554,220.0
0,2,554,190.0
0,3,554,250.0
0,4,554,670.0
0,0,555,170.0
0,1,555,220.0
0,2,555,330.0
0,3,555,280.0
0,4,555,370.0
0,0,556,690.0
0,1,556,500.0
0,2,556,240.0
0,3,556,250.0
0,4,556,520.0
0,0,557,540.0
0,1,557,190.0
0,2,557,180.0
0,3,557,270.0
0,4,557,360.0
0,0,558,120.0
0,1,558,230.0
0,2,558,390.0
0,3,558,170.0
0,4,558,390.0
0,0,559,260.0
0,1,559,490.0
0,2,559,270.0
0,3,559,570.0
0,4,559,550.0
0,0,560,240.0
0,1,560,790.0
0,2,560,260.0
0,3,560,540.0
0,4,560,510.0
0,0,561,390.0
0,1,561,270.0
0,2,561,210.0
0,3,561,440.0
0,4,561,280.0
0,0,562,220.0
0,1,562,140.0
0,2,562,170.0
0,3,562,920.0
0,4,562,360.0
0,0,563,320.0
0,1,563,220.0
0,2,563,150.0
0,3,563,570.0
0,4,563,610.0
0,0,564,280.0
0,1,564,290.0
0,2,564,150.0
0,3,564,160.0
0,4,564,680.0
0,0,565,270.0
0,1,565,170.0
0,2,565,220.0
0,3,565,140.0
0,4,565,1520.0
0,0,566,180.0
0,1,566,510.0
0,2,566,320.0
0,3,566,260.0
0,4,566,370.0
0,0,567,280.0
0,1,567,170.0
0,2,567,210.0
0,3,567,180.0
0,4,567,580.0
0,0,568,250.0
0,1,568,140.0
0,2,568,270.0
0,3,568,290.0
0,4,568,650.0
0,0,569,760.0
0,1,569,290.0
0,2,569,390.0
0,3,569,360.0
0,4,569,1170.0
0,0,570,380.0
0,1,570,220.0
0,2,570,230.0
0,3,570,470.0
0,4,570,580.0
0,0,571,200.0
0,1,571,290.0
0,2,571,280.0
0,3,571,380.0
0,4,571,630.0
0,0,572,310.0
0,1,572,140.0
0,2,572,330.0
0,3,572,420.0
0,4,572,520.0
0,0,573,220.0
0,1,573,220.0
0,2,573,310.0
0,3,573,400.0
0,4,573,620.0
0,0,574,260.0
0,1,574,130.0
0,2,574,320.0
0,3,574,250.0
0,4,574,710.0
0,0,575,310.0
0,1,575,290.0
0,2,575,300.0
0,3,575,420.0
0,4,575,750.0
0,0,576,320.0
0,1,576,290.0
0,2,576,950.0
0,3,576,200.0
0,4,576,990.0
0,0,577,190.0
0,1,577,140.0
0,2,577,480.0
0,3,577,460.0
0,4,577,570.0
0,0,578,300.0
0,1,578,470.0
0,2,578,280.0
0,3,578,300.0
0,4,578,530.0
0,0,579,230.0
0,1,579,140.0
0,2,579,190.0
0,3,579,320.0
0,4,579,360.0
0,0,580,420.0
0,1,580,220.0
0,2,580,300.0
0,3,580,310.0
0,4,580,570.0
0,0,581,360.0
0,1,581,410.0
0,2,581,170.0
0,3,581,130.0
0,4,581,440.0
0,0,582,340.0
0,1,582,270.0
0,2,582,130.0
0,3,582,270.0
0,4,582,540.0
0,0,583,330.0
0,1,583,140.0
0,2,583,280.0
0,3,583,390.0
0,4,583,400.0
0,0,584,320.0
0,1,584,200.0
0,2,584,300.0
0,3,584,420.0
0,4,584,750.0
0,0,585,460.0
0,1,585,440.0
0,2,585,150.0
0,3,585,70.0
0,4,585,360.0
0,0,586,420.0
0,1,586,270.0
0,2,586,260.0
0,3,586,330.0
0,4,586,630.0
0,0,587,360.0
0,1,587,240.0
0,2,587,250.0
0,3,587,1010.0
0,4,587,630.0
0,0,588,250.0
0,1,588,490.0
0,2,588,290.0
0,3,588,330.0
0,4,588,530.0
0,0,589,290.0
0,1,589,280.0
0,2,589,200.0
0,3,589,940.0
0,4,589,530.0
0,0,590,260.0
0,1,590,490.0
0,2,590,260.0
0,3,590,400.0
0,4,590,1270.0
0,0,591,300.0
0,1,591,210.0
0,2,591,380.0
0,3,591,430.0
0,4,591,300.0
0,0,592,300.0
0,1,592,230.0
0,2,592,190.0
0,3,592,150.0
0,4,592,380.0
0,0,593,190.0
0,1,593,490.0
0,2,593,730.0
0,3,593,270.0
0,4,593,940.0
0,0,594,270.0
0,1,594,250.0
0,2,594,320.0
0,3,594,280.0
0,4,594,380.0
0,0,595,260.0
0,1,595,170.0
0,2,595,280.0
0,3,595,480.0
0,4,595,1160.0
0,0,596,480.0
0,1,596,250.0
0,2,596,380.0
0,3,596,510.0
0,4,596,310.0
0,0,597,340.0
0,1,597,220.0
0,2,597,400.0
0,3,597,400.0
0,4,597,600.0
0,0,598,270.0
0,1,598,200.0
0,2,598,200.0
0,3,598,250.0
0,4,598,380.0
0,0,599,260.0
0,1,599,220.0
0,2,599,320.0
0,3,599,260.0
0,4,599,780.0
0,0,600,320.0
0,1,600,320.0
0,2,600,400.0
0,3,600,270.0
0,4,600,600.0
0,0,601,420.0
0,1,601,290.0
0,2,601,250.0
0,3,601,520.0
0,4,601,500.0
0,0,602,150.0
0,1,602,320.0
0,2,602,120.0
0,3,602,150.0
0,4,602,430.0
0,0,603,320.0
0,1,603,490.0
0,2,603,240.0
0,3,603,250.0
0,4,603,700.0
0,0,604,730.0
0,1,604,270.0
0,2,604,230.0
0,3,604,470.0
0,4,604,250.0
0,0,605,260.0
0,1,605,520.0
0,2,605,410.0
0,3,605,610.0
0,4,605,720.0
0,0,606,280.0
0,1,606,490.0
0,2,606,260.0
0,3,606,1050.0
0,4,606,350.0
0,0,607,150.0
0,1,607,220.0
0,2,607,290.0
0,3,607,260.0
0,4,607,330.0
0,0,608,300.0
0,1,608,500.0
0,2,608,270.0
0,3,608,140.0
0,4,608,430.0
0,0,609,270.0
0,1,609,250.0
0,2,609,260.0
0,3,609,960.0
0,4,609,430.0
0,0,610,350.0
0,1,610,510.0
0,2,610,290.0
0,3,610,170.0
0,4,610,550.0
0,0,611,250.0
0,1,611,520.0
0,2,611,130.0
0,3,611,130.0
0,4,611,610.0
0,0,612,280.0
0,1,612,510.0
0,2,612,210.0
0,3,612,460.0
0,4,612,590.0
0,0,613,290.0
0,1,613,310.0
0,2,613,260.0
0,3,613,260.0
0,4,613,210.0
0,0,614,200.0
0,1,614,840.0
0,2,614,260.0
0,3,614,470.0
0,4,614,240.0
0,0,615,200.0
0,1,615,240.0
0,2,615,250.0
0,3,615,980.0
0,4,615,390.0
0,0,616,240.0
0,1,616,290.0
0,2,616,170.0
0,3,616,470.0
0,4,616,590.0
0,0,617,260.0
0,1,617,490.0
0,2,617,210.0
0,3,617,310.0
0,4,617,650.0
0,0,618,280.0
0,1,618,270.0
0,2,618,160.0
0,3,618,430.0
0,4,618,610.0
0,0,619,230.0
0,1,619,310.0
0,2,619,270.0
0,3,619,300.0
0,4,619,590.0
0,0,620,320.0
0,1,620,510.0
0,2,620,220.0
0,3,620,470.0
0,4,620,460.0
0,0,621,620.0
0,1,621,490.0
0,2,621,180.0
0,3,621,340.0
0,4,621,680.0
0,0,622,370.0
0,1,622,300.0
0,2,622,230.0
0,3,622,480.0
0,4,622,510.0
0,0,623,300.0
0,1,623,190.0
0,2,623,270.0
0,3,623,350.0
0,4,623,270.0
0,0,624,180.0
0,1,624,240.0
0,2,624,190.0
0,3,624,540.0
0,4,624,220.0
0,0,625,200.0
0,1,625,220.0
0,2,625,270.0
0,3,625,290.0
0,4,625,350.0
0,0,626,540.0
0,1,626,220.0
0,2,626,250.0
0,3,626,630.0
0,4,626,550.0
0,0,627,200.0
0,1,627,170.0
0,2,627,280.0
0,3,627,180.0
0,4,627,650.0
0,0,628,480.0
0,1,628,270.0
0,2,628,210.0
0,3,628,270.0
0,4,628,550.0
0,0,629,280.0
0,1,629,480.0
0,2,629,160.0
0,3,629,150.0
0,4,629,220.0
0,0,630,590.0
0,1,630,240.0
0,2,630,680.0
0,3,630,370.0
0,4,630,1040.0
0,0,631,350.0
0,1,631,250.0
0,2,631,290.0
0,3,631,240.0
0,4,631,280.0
0,0,632,320.0
0,1,632,490.0
0,2,632,220.0
0,3,632,80.0
0,4,632,1320.0
0,0,633,160.0
0,1,633,470.0
0,2,633,260.0
0,3,633,140.0
0,4,633,970.0
0,0,634,370.0
0,1,634,250.0
0,2,634,350.0
0,3,634,540.0
0,4,634,560.0
0,0,635,1600.0
0,1,635,340.0
0,2,635,330.0
0,3,635,220.0
0,4,635,540.0
0,0,636,1150.0
0,1,636,430.0
0,2,636,210.0
0,3,636,140.0
0,4,636,430.0
0,0,637,200.0
0,1,637,290.0
0,2,637,350.0
0,3,637,70.0
0,4,637,860.0
0,0,638,250.0
0,1,638,430.0
0,2,638,420.0
0,3,638,440.0
0,4,638,340.0
0,0,639,250.0
0,1,639,220.0
0,2,639,290.0
0,3,639,410.0
0,4,639,450.0
0,0,640,260.0
0,1,640,190.0
0,2,640,190.0
0,3,640,410.0
0,4,640,810.0
0,0,641,1010.0
0,1,641,140.0
0,2,641,270.0
0,3,641,520.0
0,4,641,600.0
0,0,642,190.0
0,1,642,890.0
0,2,642,180.0
0,3,642,360.0
0,4,642,800.0
0,0,643,350.0
0,1,643,1670.0
0,2,643,220.0
0,3,643,80.0
0,4,643,560.0
0,0,644,220.0
0,1,644,860.0
0,2,644,180.0
0,3,644,270.0
0,4,644,520.0
0,0,645,200.0
0,1,645,470.0
0,2,645,140.0
0,3,645,210.0
0,4,645,640.0
0,0,646,150.0
0,1,646,820.0
0,2,646,960.0
0,3,646,510.0
0,4,646,240.0
0,0,647,270.0
0,1,647,920.0
0,2,647,350.0
0,3,647,100.0
0,4,647,720.0
0,0,648,220.0
0,1,648,470.0
0,2,648,200.0
0,3,648,530.0
0,4,648,270.0
0,0,649,220.0
0,1,649,250.0
0,2,649,280.0
0,3,649,330.0
0,4,649,530.0
0,0,650,260.0
0,1,650,280.0
0,2,650,300.0
0,3,650,280.0
0,4,650,550.0
0,0,651,280.0
0,1,651,320.0
0,2,651,300.0
0,3,651,280.0
0,4,651,340.0
0,0,652,230.0
0,1,652,270.0
0,2,652,560.0
0,3,652,310.0
0,4,652,120.0
0,0,653,300.0
0,1,653,270.0
0,2,653,160.0
0,3,653,260.0
0,4,653,630.0
0,0,654,260.0
0,1,654,220.0
0,2,654,240.0
0,3,654,270.0
0,4,654,580.0
0,0,655,300.0
0,1,655,170.0
0,2,655,310.0
0,3,655,670.0
0,4,655,560.0
0,0,656,300.0
0,1,656,310.0
0,2,656,170.0
0,3,656,310.0
0,4,656,360.0
0,0,657,1050.0
0,1,657,190.0
0,2,657,290.0
0,3,657,550.0
0,4,657,910.0
0,0,658,180.0
0,1,658,190.0
0,2,658,170.0
0,3,658,620.0
0,4,658,950.0
0,0,659,490.0
0,1,659,490.0
0,2,659,200.0
0,3,659,910.0
0,4,659,430.0
0,0,660,230.0
0,1,660,240.0
0,2,660,260.0
0,3,660,490.0
0,4,660,1690.0
0,0,661,200.0
0,1,661,480.0
0,2,661,270.0
0,3,661,270.0
0,4,661,560.0
0,0,662,220.0
0,1,662,190.0
0,2,662,280.0
0,3,662,170.0
0,4,662,780.0
0,0,663,240.0
0,1,663,520.0
0,2,663,260.0
0,3,663,400.0
0,4,663,540.0
0,0,664,190.0
0,1,664,490.0
0,2,664,280.0
0,3,664,180.0
0,4,664,370.0
0,0,665,140.0
0,1,665,490.0
0,2,665,280.0
0,3,665,180.0
0,4,665,350.0
0,0,666,270.0
0,1,666,510.0
0,2,666,300.0
0,3,666,280.0
0,4,666,310.0
0,0,667,170.0
0,1,667,470.0
0,2,667,210.0
0,3,667,320.0
0,4,667,510.0
0,0,668,280.0
0,1,668,170.0
0,2,668,250.0
0,3,668,90.0
0,4,668,610.0
0,0,669,430.0
0,1,669,440.0
0,2,669,290.0
0,3,669,90.0
0,4,669,200.0
0,0,670,190.0
0,1,670,240.0
0,2,670,220.0
0,3,670,480.0
0,4,670,280.0
0,0,671,240.0
0,1,671,500.0
0,2,671,280.0
0,3,671,410.0
0,4,671,630.0
0,0,672,230.0
0,1,672,490.0
0,2,672,250.0
0,3,672,280.0
0,4,672,110.0
0,0,673,250.0
0,1,673,520.0
0,2,673,180.0
0,3,673,180.0
0,4,673,450.0
0,0,674,270.0
0,1,674,280.0
0,2,674,500.0
0,3,674,160.0
0,4,674,480.0
0,0,675,240.0
0,1,675,470.0
0,2,675,260.0
0,3,675,520.0
0,4,675,270.0
0,0,676,260.0
0,1,676,270.0
0,2,676,180.0
0,3,676,120.0
0,4,676,480.0
0,0,677,180.0
0,1,677,500.0
0,2,677,200.0
0,3,677,470.0
0,4,677,540.0
0,0,678,290.0
0,1,678,300.0
0,2,678,270.0
0,3,678,640.0
0,4,678,130.0
0,0,679,210.0
0,1,679,510.0
0,2,679,230.0
0,3,679,450.0
0,4,679,720.0
0,0,680,230.0
0,1,680,270.0
0,2,680,160.0
0,3,680,90.0
0,4,680,430.0
0,0,681,170.0
0,1,681,470.0
0,2,681,340.0
0,3,681,570.0
0,4,681,270.0
0,0,682,190.0
0,1,682,450.0
0,2,682,400.0
0,3,682,350.0
0,4,682,130.0
0,0,683,200.0
0,1,683,170.0
0,2,683,290.0
0,3,683,860.0
0,4,683,640.0
0,0,684,260.0
0,1,684,290.0
0,2,684,200.0
0,3,684,80.0
0,4,684,440.0
0,0,685,210.0
0,1,685,290.0
0,2,685,240.0
0,3,685,130.0
0,4,685,280.0
0,0,686,260.0
0,1,686,520.0
0,2,686,180.0
0,3,686,810.0
0,4,686,950.0
0,0,687,200.0
0,1,687,340.0
0,2,687,300.0
0,3,687,410.0
0,4,687,650.0
0,0,688,220.0
0,1,688,500.0
0,2,688,180.0
0,3,688,170.0
0,4,688,440.0
0,0,689,180.0
0,1,689,300.0
0,2,689,270.0
0,3,689,1890.0
0,4,689,540.0
0,0,690,140.0
0,1,690,260.0
0,2,690,200.0
0,3,690,80.0
0,4,690,300.0
0,0,691,200.0
0,1,691,500.0
0,2,691,920.0
0,3,691,490.0
0,4,691,550.0
0,0,692,210.0
0,1,692,280.0
0,2,692,300.0
0,3,692,300.0
0,4,692,110.0
0,0,693,210.0
0,1,693,240.0
0,2,693,300.0
0,3,693,410.0
0,4,693,690.0
0,0,694,190.0
0,1,694,260.0
0,2,694,270.0
0,3,694,920.0
0,4,694,1120.0
0,0,695,280.0
0,1,695,890.0
0,2,695,300.0
0,3,695,80.0
0,4,695,370.0
0,0,696,410.0
0,1,696,250.0
0,2,696,740.0
0,3,696,80.0
0,4,696,360.0
0,0,697,500.0
0,1,697,420.0
0,2,697,260.0
0,3,697,280.0
0,4,697,330.0
0,0,698,220.0
0,1,698,290.0
0,2,698,210.0
0,3,698,230.0
0,4,698,620.0
0,0,699,330.0
0,1,699,330.0
0,2,699,350.0
0,3,699,130.0
0,4,699,390.0
0,0,700,310.0
0,1,700,190.0
0,2,700,400.0
0,3,700,100.0
0,4,700,470.0
0,0,701,280.0
0,1,701,480.0
0,2,701,310.0
0,3,701,80.0
0,4,701,380.0
0,0,702,220.0
0,1,702,320.0
0,2,702,230.0
0,3,702,270.0
0,4,702,300.0
0,0,703,190.0
0,1,703,260.0
0,2,703,350.0
0,3,703,410.0
0,4,703,410.0
0,0,704,250.0
0,1,704,840.0
0,2,704,390.0
0,3,704,260.0
0,4,704,460.0
0,0,705,430.0
0,1,705,240.0
0,2,705,630.0
0,3,705,130.0
0,4,705,590.0
0,0,706,190.0
0,1,706,210.0
0,2,706,220.0
0,3,706,160.0
0,4,706,850.0
0,0,707,610.0
0,1,707,240.0
0,2,707,130.0
0,3,707,540.0
0,4,707,520.0
0,0,708,230.0
0,1,708,470.0
0,2,708,190.0
0,3,708,340.0
0,4,708,530.0
0,0,709,700.0
0,1,709,250.0
0,2,709,390.0
0,3,709,360.0
0,4,709,420.0
0,0,710,240.0
0,1,710,850.0
0,2,710,220.0
0,3,710,260.0
0,4,710,350.0
0,0,711,160.0
0,1,711,250.0
0,2,711,280.0
0,3,711,130.0
0,4,711,410.0
0,0,712,290.0
0,1,712,220.0
0,2,712,150.0
0,3,712,80.0
0,4,712,600.0
0,0,713,180.0
0,1,713,250.0
0,2,713,190.0
0,3,713,330.0
0,4,713,420.0
0,0,714,160.0
0,1,714,440.0
0,2,714,190.0
0,3,714,100.0
0,4,714,750.0
0,0,715,300.0
0,1,715,260.0
0,2,715,190.0
0,3,715,380.0
0,4,715,570.0
0,0,716,360.0
0,1,716,530.0
0,2,716,300.0
0,3,716,130.0
0,4,716,320.0
0,0,717,310.0
0,1,717,320.0
0,2,717,440.0
0,3,717,110.0
0,4,717,470.0
0,0,718,220.0
0,1,718,500.0
0,2,718,240.0
0,3,718,310.0
0,4,718,1180.0
0,0,719,670.0
0,1,719,490.0
0,2,719,290.0
0,3,719,150.0
0,4,719,740.0
0,0,720,470.0
0,1,720,290.0
0,2,720,220.0
0,3,720,820.0
0,4,720,580.0
0,0,721,420.0
0,1,721,260.0
0,2,721,240.0
0,3,721,100.0
0,4,721,200.0
0,0,722,300.0
0,1,722,500.0
0,2,722,240.0
0,3,722,300.0
0,4,722,730.0
0,0,723,960.0
0,1,723,460.0
0,2,723,260.0
0,3,723,130.0
0,4,723,260.0
0,0,724,190.0
0,1,724,270.0
0,2,724,230.0
0,3,724,510.0
0,4,724,510.0
0,0,725,90.0
0,1,725,270.0
0,2,725,270.0
0,3,725,160.0
0,4,725,450.0
0,0,726,200.0
0,1,726,250.0
0,2,726,180.0
0,3,726,320.0
0,4,726,490.0
0,0,727,230.0
0,1,727,290.0
0,2,727,230.0
0,3,727,810.0
0,4,727,530.0
0,0,728,380.0
0,1,728,530.0
0,2,728,340.0
0,3,728,410.0
0,4,728,260.0
0,0,729,390.0
0,1,729,460.0
0,2,729,250.0
0,3,729,470.0
0,4,729,520.0
0,0,730,210.0
0,1,730,470.0
0,2,730,310.0
0,3,730,1020.0
0,4,730,420.0
0,0,731,260.0
0,1,731,290.0
0,2,731,470.0
0,3,731,410.0
0,4,731,600.0
0,0,732,450.0
0,1,732,350.0
0,2,732,230.0
0,3,732,450.0
0,4,732,450.0
0,0,733,170.0
0,1,733,180.0
0,2,733,260.0
0,3,733,120.0
0,4,733,540.0
0,0,734,190.0
0,1,734,450.0
0,2,734,250.0
0,3,734,340.0
0,4,734,310.0
0,0,735,250.0
0,1,735,240.0
0,2,735,350.0
0,3,735,490.0
0,4,735,430.0
0,0,736,250.0
0,1,736,610.0
0,2,736,240.0
0,3,736,1350.0
0,4,736,490.0
0,0,737,190.0
0,1,737,860.0
0,2,737,390.0
0,3,737,100.0
0,4,737,530.0
0,0,738,180.0
0,1,738,470.0
0,2,738,270.0
0,3,738,190.0
0,4,738,310.0
0,0,739,200.0
0,1,739,110.0
0,2,739,210.0
0,3,739,210.0
0,4,739,500.0
0,0,740,380.0
0,1,740,590.0
0,2,740,250.0
0,3,740,400.0
0,4,740,110.0
0,0,741,340.0
0,1,741,830.0
0,2,741,240.0
0,3,741,480.0
0,4,741,510.0
0,0,742,280.0
0,1,742,240.0
0,2,742,180.0
0,3,742,450.0
0,4,742,540.0
0,0,743,340.0
0,1,743,540.0
0,2,743,180.0
0,3,743,300.0
0,4,743,330.0
0,0,744,240.0
0,1,744,420.0
0,2,744,210.0
0,3,744,170.0
0,4,744,540.0
0,0,745,310.0
0,1,745,320.0
0,2,745,240.0
0,3,745,410.0
0,4,745,370.0
0,0,746,320.0
0,1,746,540.0
0,2,746,210.0
0,3,746,630.0
0,4,746,410.0
0,0,747,290.0
0,1,747,510.0
0,2,747,170.0
0,3,747,410.0
0,4,747,130.0
0,0,748,190.0
0,1,748,70.0
0,2,748,210.0
0,3,748,160.0
0,4,748,570.0
0,0,749,300.0
0,1,749,610.0
0,2,749,140.0
0,3,749,470.0
0,4,749,640.0
0,0,750,630.0
0,1,750,200.0
0,2,750,270.0
0,3,750,380.0
0,4,750,650.0
0,0,751,940.0
0,1,751,230.0
0,2,751,240.0
0,3,751,170.0
0,4,751,360.0
0,0,752,210.0
0,1,752,260.0
0,2,752,350.0
0,3,752,110.0
0,4,752,470.0
0,0,753,130.0
0,1,753,450.0
0,2,753,230.0
0,3,753,100.0
0,4,753,320.0
0,0,754,230.0
0,1,754,270.0
0,2,754,180.0
0,3,754,190.0
0,4,754,760.0
0,0,755,240.0
0,1,755,170.0
0,2,755,170.0
0,3,755,330.0
0,4,755,420.0
0,0,756,260.0
0,1,756,500.0
0,2,756,380.0
0,3,756,270.0
0,4,756,720.0
0,0,757,570.0
0,1,757,70.0
0,2,757,250.0
0,3,757,220.0
0,4,757,430.0
0,0,758,320.0
0,1,758,520.0
0,2,758,220.0
0,3,758,100.0
0,4,758,670.0
0,0,759,170.0
0,1,759,480.0
0,2,759,220.0
0,3,759,290.0
0,4,759,440.0
0,0,760,210.0
0,1,760,250.0
0,2,760,280.0
0,3,760,190.0
0,4,760,470.0
0,0,761,350.0
0,1,761,480.0
0,2,761,180.0
0,3,761,720.0
0,4,761,120.0
0,0,762,160.0
0,1,762,420.0
0,2,762,200.0
0,3,762,240.0
0,4,762,940.0
0,0,763,290.0
0,1,763,290.0
0,2,763,140.0
0,3,763,640.0
0,4,763,970.0
0,0,764,290.0
0,1,764,470.0
0,2,764,290.0
0,3,764,790.0
0,4,764,570.0
0,0,765,250.0
0,1,765,310.0
0,2,765,530.0
0,3,765,90.0
0,4,765,640.0
0,0,766,200.0
0,1,766,290.0
0,2,766,310.0
0,3,766,260.0
0,4,766,720.0
0,0,767,160.0
0,1,767,750.0
0,2,767,350.0
0,3,767,260.0
0,4,767,680.0
0,0,768,200.0
0,1,768,280.0
0,2,768,280.0
0,3,768,160.0
0,4,768,320.0
0,0,769,190.0
0,1,769,530.0
0,2,769,540.0
0,3,769,190.0
0,4,769,580.0
0,0,770,180.0
0,1,770,330.0
0,2,770,190.0
0,3,770,1090.0
0,4,770,460.0
0,0,771,250.0
0,1,771,1420.0
0,2,771,300.0
0,3,771,140.0
0,4,771,450.0
0,0,772,530.0
0,1,772,370.0
0,2,772,240.0
0,3,772,170.0
0,4,772,560.0
0,0,773,370.0
0,1,773,270.0
0,2,773,570.0
0,3,773,1020.0
0,4,773,300.0
0,0,774,300.0
0,1,774,530.0
0,2,774,140.0
0,3,774,340.0
0,4,774,1430.0
0,0,775,870.0
0,1,775,250.0
0,2,775,190.0
0,3,775,210.0
0,4,775,510.0
0,0,776,270.0
0,1,776,190.0
0,2,776,160.0
0,3,776,320.0
0,4,776,660.0
0,0,777,570.0
0,1,777,330.0
0,2,777,170.0
0,3,777,480.0
0,4,777,540.0
0,0,778,630.0
0,1,778,640.0
0,2,778,150.0
0,3,778,610.0
0,4,778,260.0
0,0,779,940.0
0,1,779,400.0
0,2,779,150.0
0,3,779,790.0
0,4,779,480.0
0,0,780,280.0
0,1,780,210.0
0,2,780,200.0
0,3,780,480.0
0,4,780,440.0
0,0,781,270.0
0,1,781,700.0
0,2,781,250.0
0,3,781,290.0
0,4,781,250.0
0,0,782,620.0
0,1,782,240.0
0,2,782,310.0
0,3,782,310.0
0,4,782,670.0
0,0,783,220.0
0,1,783,1830.0
0,2,783,310.0
0,3,783,400.0
0,4,783,440.0
0,0,784,200.0
0,1,784,380.0
0,2,784,300.0
0,3,784,130.0
0,4,784,330.0
0,0,785,270.0
0,1,785,250.0
0,2,785,270.0
0,3,785,320.0
0,4,785,430.0
0,0,786,640.0
0,1,786,190.0
0,2,786,320.0
0,3,786,660.0
0,4,786,990.0
0,0,787,330.0
0,1,787,350.0
0,2,787,210.0
0,3,787,200.0
0,4,787,430.0
0,0,788,210.0
0,1,788,510.0
0,2,788,640.0
0,3,788,100.0
0,4,788,390.0
0,0,789,310.0
0,1,789,640.0
0,2,789,210.0
0,3,789,170.0
0,4,789,400.0
0,0,790,260.0
0,1,790,310.0
0,2,790,340.0
0,3,790,890.0
0,4,790,870.0
0,0,791,120.0
0,1,791,210.0
0,2,791,170.0
0,3,791,130.0
0,4,791,660.0
0,0,792,360.0
0,1,792,370.0
0,2,792,240.0
0,3,792,1620.0
0,4,792,880.0
0,0,793,190.0
0,1,793,230.0
0,2,793,630.0
0,3,793,590.0
0,4,793,610.0
0,0,794,190.0
0,1,794,240.0
0,2,794,250.0
0,3,794,120.0
0,4,794,550.0
0,0,795,310.0
0,1,795,800.0
0,2,795,330.0
0,3,795,130.0
0,4,795,370.0
0,0,796,290.0
0,1,796,340.0
0,2,796,630.0
0,3,796,150.0
0,4,796,510.0
0,0,797,200.0
0,1,797,390.0
0,2,797,320.0
0,3,797,340.0
0,4,797,330.0
0,0,798,140.0
0,1,798,300.0
0,2,798,250.0
0,3,798,350.0
0,4,798,540.0
0,0,799,180.0
0,1,799,240.0
0,2,799,190.0
0,3,799,220.0
0,4,799,430.0
0,0,800,180.0
0,1,800,490.0
0,2,800,220.0
0,3,800,210.0
0,4,800,880.0
0,0,801,390.0
0,1,801,180.0
0,2,801,140.0
0,3,801,250.0
0,4,801,240.0
0,0,802,170.0
0,1,802,620.0
0,2,802,560.0
0,3,802,130.0
0,4,802,940.0
0,0,803,200.0
0,1,803,220.0
0,2,803,600.0
0,3,803,170.0
0,4,803,940.0
0,0,804,180.0
0,1,804,590.0
0,2,804,360.0
0,3,804,150.0
0,4,804,120.0
0,0,805,230.0
0,1,805,240.0
0,2,805,150.0
0,3,805,240.0
0,4,805,1260.0
0,0,806,260.0
0,1,806,510.0
0,2,806,200.0
0,3,806,100.0
0,4,806,680.0
0,0,807,280.0
0,1,807,450.0
0,2,807,190.0
0,3,807,340.0
0,4,807,530.0
0,0,808,260.0
0,1,808,230.0
0,2,808,150.0
0,3,808,230.0
0,4,808,770.0
0,0,809,240.0
0,1,809,480.0
0,2,809,340.0
0,3,809,450.0
0,4,809,400.0
0,0,810,330.0
0,1,810,230.0
0,2,810,140.0
0,3,810,200.0
0,4,810,520.0
0,0,811,150.0
0,1,811,240.0
0,2,811,270.0
0,3,811,1160.0
0,4,811,410.0
0,0,812,200.0
0,1,812,190.0
0,2,812,270.0
0,3,812,570.0
0,4,812,700.0
0,0,813,470.0
0,1,813,470.0
0,2,813,320.0
0,3,813,140.0
0,4,813,540.0
0,0,814,280.0
0,1,814,290.0
0,2,814,630.0
0,3,814,210.0
0,4,814,390.0
0,0,815,310.0
0,1,815,250.0
0,2,815,320.0
0,3,815,650.0
0,4,815,710.0
0,0,816,270.0
0,1,816,430.0
0,2,816,280.0
0,3,816,310.0
0,4,816,520.0
0,0,817,290.0
0,1,817,840.0
0,2,817,380.0
0,3,817,420.0
0,4,817,760.0
0,0,818,440.0
0,1,818,230.0
0,2,818,410.0
0,3,818,700.0
0,4,818,490.0
0,0,819,250.0
0,1,819,340.0
0,2,819,180.0
0,3,819,210.0
0,4,819,530.0
0,0,820,480.0
0,1,820,350.0
0,2,820,210.0
0,3,820,390.0
0,4,820,320.0
0,0,821,200.0
0,1,821,300.0
0,2,821,320.0
0,3,821,480.0
0,4,821,470.0
0,0,822,720.0
0,1,822,440.0
0,2,822,100.0
0,3,822,130.0
0,4,822,440.0
0,0,823,200.0
0,1,823,440.0
0,2,823,90.0
0,3,823,210.0
0,4,823,370.0
0,0,824,340.0
0,1,824,520.0
0,2,824,210.0
0,3,824,410.0
0,4,824,480.0
0,0,825,940.0
0,1,825,240.0
0,2,825,200.0
0,3,825,150.0
0,4,825,270.0
0,0,826,280.0
0,1,826,420.0
0,2,826,350.0
0,3,826,350.0
0,4,826,460.0
0,0,827,70.0
0,1,827,200.0
0,2,827,310.0
0,3,827,350.0
0,4,827,390.0
0,0,828,90.0
0,1,828,710.0
0,2,828,200.0
0,3,828,240.0
0,4,828,500.0
0,0,829,120.0
0,1,829,190.0
0,2,829,270.0
0,3,829,310.0
0,4,829,540.0
0,0,830,360.0
0,1,830,480.0
0,2,830,140.0
0,3,830,140.0
0,4,830,660.0
0,0,831,300.0
0,1,831,790.0
0,2,831,170.0
0,3,831,230.0
0,4,831,410.0
0,0,832,200.0
0,1,832,1820.0
0,2,832,160.0
0,3,832,270.0
0,4,832,260.0
0,0,833,260.0
0,1,833,270.0
0,2,833,260.0
0,3,833,80.0
0,4,833,360.0
0,0,834,290.0
0,1,834,210.0
0,2,834,590.0
0,3,834,420.0
0,4,834,750.0
0,0,835,220.0
0,1,835,220.0
0,2,835,500.0
0,3,835,400.0
0,4,835,230.0
0,0,836,100.0
0,1,836,210.0
0,2,836,220.0
0,3,836,920.0
0,4,836,330.0
0,0,837,270.0
0,1,837,250.0
0,2,837,190.0
0,3,837,210.0
0,4,837,480.0
0,0,838,180.0
0,1,838,190.0
0,2,838,230.0
0,3,838,70.0
0,4,838,380.0
0,0,839,200.0
0,1,839,690.0
0,2,839,1790.0
0,3,839,1200.0
0,4,839,220.0
0,0,840,90.0
0,1,840,980.0
0,2,840,320.0
0,3,840,420.0
0,4,840,220.0
0,0,841,140.0
0,1,841,110.0
0,2,841,240.0
0,3,841,510.0
0,4,841,230.0
0,0,842,80.0
0,1,842,210.0
0,2,842,220.0
0,3,842,1000.0
0,4,842,260.0
0,0,843,210.0
0,1,843,210.0
0,2,843,220.0
0,3,843,220.0
0,4,843,640.0
0,0,844,580.0
0,1,844,220.0
0,2,844,510.0
0,3,844,370.0
0,4,844,500.0
0,0,845,140.0
0,1,845,260.0
0,2,845,380.0
0,3,845,260.0
0,4,845,560.0
0,0,846,220.0
0,1,846,420.0
0,2,846,130.0
0,3,846,410.0
0,4,846,430.0
0,0,847,140.0
0,1,847,250.0
0,2,847,270.0
0,3,847,350.0
0,4,847,350.0
0,0,848,250.0
0,1,848,330.0
0,2,848,160.0
0,3,848,460.0
0,4,848,350.0
0,0,849,180.0
0,1,849,370.0
0,2,849,290.0
0,3,849,140.0
0,4,849,280.0
0,0,850,240.0
0,1,850,1140.0
0,2,850,240.0
0,3,850,610.0
0,4,850,340.0
0,0,851,240.0
0,1,851,230.0
0,2,851,330.0
0,3,851,870.0
0,4,851,560.0
0,0,852,330.0
0,1,852,330.0
0,2,852,290.0
0,3,852,240.0
0,4,852,540.0
0,0,853,260.0
0,1,853,270.0
0,2,853,170.0
0,3,853,660.0
0,4,853,210.0
0,0,854,210.0
0,1,854,600.0
0,2,854,410.0
0,3,854,150.0
0,4,854,290.0
0,0,855,170.0
0,1,855,240.0
0,2,855,240.0
0,3,855,170.0
0,4,855,260.0
0,0,856,180.0
0,1,856,250.0
0,2,856,350.0
0,3,856,130.0
0,4,856,190.0
0,0,857,290.0
0,1,857,520.0
0,2,857,310.0
0,3,857,140.0
0,4,857,500.0
0,0,858,200.0
0,1,858,300.0
0,2,858,270.0
0,3,858,240.0
0,4,858,400.0
0,0,859,230.0
0,1,859,680.0
0,2,859,160.0
0,3,859,870.0
0,4,859,630.0
0,0,860,300.0
0,1,860,370.0
0,2,860,300.0
0,3,860,100.0
0,4,860,330.0
0,0,861,300.0
0,1,861,180.0
0,2,861,580.0
0,3,861,200.0
0,4,861,880.0
0,0,862,310.0
0,1,862,310.0
0,2,862,250.0
0,3,862,330.0
0,4,862,590.0
0,0,863,370.0
0,1,863,210.0
0,2,863,320.0
0,3,863,140.0
0,4,863,700.0
0,0,864,280.0
0,1,864,490.0
0,2,864,250.0
0,3,864,450.0
0,4,864,420.0
0,0,865,330.0
0,1,865,410.0
0,2,865,290.0
0,3,865,500.0
0,4,865,340.0
0,0,866,220.0
0,1,866,250.0
0,2,866,270.0
0,3,866,380.0
0,4,866,670.0
0,0,867,260.0
0,1,867,400.0
0,2,867,590.0
0,3,867,260.0
0,4,867,190.0
0,0,868,290.0
0,1,868,460.0
0,2,868,90.0
0,3,868,570.0
0,4,868,440.0
0,0,869,210.0
0,1,869,210.0
0,2,869,530.0
0,3,869,460.0
0,4,869,250.0
0,0,870,220.0
0,1,870,220.0
0,2,870,220.0
0,3,870,130.0
0,4,870,490.0
0,0,871,200.0
0,1,871,280.0
0,2,871,230.0
0,3,871,220.0
0,4,871,1350.0
0,0,872,110.0
0,1,872,500.0
0,2,872,260.0
0,3,872,630.0
0,4,872,430.0
0,0,873,270.0
0,1,873,630.0
0,2,873,360.0
0,3,873,280.0
0,4,873,560.0
0,0,874,200.0
0,1,874,290.0
0,2,874,100.0
0,3,874,340.0
0,4,874,330.0
0,0,875,180.0
0,1,875,1130.0
0,2,875,120.0
0,3,875,1070.0
0,4,875,110.0
0,0,876,110.0
0,1,876,300.0
0,2,876,290.0
0,3,876,410.0
0,4,876,310.0
0,0,877,90.0
0,1,877,240.0
0,2,877,230.0
0,3,877,810.0
0,4,877,250.0
0,0,878,240.0
0,1,878,500.0
0,2,878,410.0
0,3,878,800.0
0,4,878,210.0
0,0,879,300.0
0,1,879,390.0
0,2,879,690.0
0,3,879,310.0
0,4,879,430.0
0,0,880,290.0
0,1,880,710.0
0,2,880,270.0
0,3,880,200.0
0,4,880,560.0
0,0,881,390.0
0,1,881,440.0
0,2,881,240.0
0,3,881,760.0
0,4,881,230.0
0,0,882,250.0
0,1,882,610.0
0,2,882,250.0
0,3,882,240.0
0,4,882,110.0
0,0,883,170.0
0,1,883,70.0
0,2,883,170.0
0,3,883,140.0
0,4,883,520.0
0,0,884,160.0
0,1,884,590.0
0,2,884,200.0
0,3,884,480.0
0,4,884,510.0
0,0,885,270.0
0,1,885,1850.0
0,2,885,210.0
0,3,885,540.0
0,4,885,500.0
0,0,886,200.0
0,1,886,540.0
0,2,886,220.0
0,3,886,250.0
0,4,886,330.0
0,0,887,230.0
0,1,887,390.0
0,2,887,190.0
0,3,887,2130.0
0,4,887,190.0
0,0,888,200.0
0,1,888,230.0
0,2,888,590.0
0,3,888,100.0
0,4,888,310.0
0,0,889,180.0
0,1,889,630.0
0,2,889,750.0
0,3,889,190.0
0,4,889,860.0
0,0,890,210.0
0,1,890,220.0
0,2,890,340.0
0,3,890,890.0
0,4,890,330.0
0,0,891,340.0
0,1,891,370.0
0,2,891,250.0
0,3,891,120.0
0,4,891,520.0
0,0,892,210.0
0,1,892,70.0
0,2,892,300.0
0,3,892,470.0
0,4,892,330.0
0,0,893,210.0
0,1,893,430.0
0,2,893,290.0
0,3,893,230.0
0,4,893,290.0
0,0,894,430.0
0,1,894,740.0
0,2,894,300.0
0,3,894,130.0
0,4,894,320.0
0,0,895,160.0
0,1,895,930.0
0,2,895,210.0
0,3,895,130.0
0,4,895,100.0
0,0,896,300.0
0,1,896,90.0
0,2,896,310.0
0,3,896,410.0
0,4,896,360.0
0,0,897,230.0
0,1,897,490.0
0,2,897,220.0
0,3,897,810.0
0,4,897,1340.0
0,0,898,100.0
0,1,898,310.0
0,2,898,300.0
0,3,898,550.0
0,4,898,170.0
0,0,899,240.0
0,1,899,250.0
0,2,899,250.0
0,3,899,360.0
0,4,899,860.0
0,0,900,230.0
0,1,900,1130.0
0,2,900,570.0
0,3,900,740.0
0,4,900,500.0
0,0,901,420.0
0,1,901,240.0
0,2,901,160.0
0,3,901,220.0
0,4,901,850.0
0,0,902,130.0
0,1,902,300.0
0,2,902,240.0
0,3,902,930.0
0,4,902,520.0
0,0,903,410.0
0,1,903,250.0
0,2,903,900.0
0,3,903,820.0
0,4,903,260.0
0,0,904,320.0
0,1,904,290.0
0,2,904,250.0
0,3,904,450.0
0,4,904,110.0
0,0,905,190.0
0,1,905,350.0
0,2,905,420.0
0,3,905,350.0
0,4,905,310.0
0,0,906,160.0
0,1,906,500.0
0,2,906,410.0
0,3,906,70.0
0,4,906,530.0
0,0,907,180.0
0,1,907,620.0
0,2,907,120.0
0,3,907,1040.0
0,4,907,220.0
0,0,908,240.0
0,1,908,450.0
0,2,908,330.0
0,3,908,880.0
0,4,908,320.0
0,0,909,130.0
0,1,909,450.0
0,2,909,180.0
0,3,909,1200.0
0,4,909,310.0
0,0,910,250.0
0,1,910,700.0
0,2,910,310.0
0,3,910,530.0
0,4,910,250.0
0,0,911,250.0
0,1,911,240.0
0,2,911,290.0
0,3,911,480.0
0,4,911,470.0
0,0,912,340.0
0,1,912,320.0
0,2,912,660.0
0,3,912,750.0
0,4,912,80.0
0,0,913,170.0
0,1,913,870.0
0,2,913,290.0
0,3,913,450.0
0,4,913,880.0
0,0,914,250.0
0,1,914,410.0
0,2,914,710.0
0,3,914,470.0
0,4,914,270.0
0,0,915,240.0
0,1,915,240.0
0,2,915,450.0
0,3,915,530.0
0,4,915,670.0
0,0,916,190.0
0,1,916,300.0
0,2,916,300.0
0,3,916,710.0
0,4,916,250.0
0,0,917,200.0
0,1,917,430.0
0,2,917,200.0
0,3,917,190.0
0,4,917,310.0
0,0,918,500.0
0,1,918,600.0
0,2,918,270.0
0,3,918,90.0
0,4,918,270.0
0,0,919,320.0
0,1,919,530.0
0,2,919,230.0
0,3,919,640.0
0,4,919,530.0
0,0,920,110.0
0,1,920,210.0
0,2,920,240.0
0,3,920,320.0
0,4,920,280.0
0,0,921,390.0
0,1,921,650.0
0,2,921,310.0
0,3,921,700.0
0,4,921,500.0
0,0,922,620.0
0,1,922,490.0
0,2,922,300.0
0,3,922,110.0
0,4,922,250.0
0,0,923,260.0
0,1,923,900.0
0,2,923,260.0
0,3,923,400.0
0,4,923,230.0
0,0,924,220.0
0,1,924,380.0
0,2,924,400.0
0,3,924,100.0
0,4,924,580.0
0,0,925,630.0
0,1,925,300.0
0,2,925,740.0
0,3,925,260.0
0,4,925,280.0
0,0,926,250.0
0,1,926,510.0
0,2,926,310.0
0,3,926,110.0
0,4,926,230.0
0,0,927,470.0
0,1,927,420.0
0,2,927,340.0
0,3,927,480.0
0,4,927,210.0
0,0,928,390.0
0,1,928,640.0
0,2,928,200.0
0,3,928,240.0
0,4,928,110.0
0,0,929,300.0
0,1,929,220.0
0,2,929,440.0
0,3,929,420.0
0,4,929,530.0
0,0,930,190.0
0,1,930,520.0
0,2,930,190.0
0,3,930,250.0
0,4,930,450.0
0,0,931,250.0
0,1,931,1650.0
0,2,931,260.0
0,3,931,710.0
0,4,931,330.0
0,0,932,270.0
0,1,932,870.0
0,2,932,270.0
0,3,932,250.0
0,4,932,420.0
0,0,933,140.0
0,1,933,220.0
0,2,933,340.0
0,3,933,1700.0
0,4,933,200.0
0,0,934,290.0
0,1,934,250.0
0,2,934,220.0
0,3,934,340.0
0,4,934,260.0
0,0,935,220.0
0,1,935,450.0
0,2,935,210.0
0,3,935,450.0
0,4,935,280.0
0,0,936,200.0
0,1,936,830.0
0,2,936,270.0
0,3,936,500.0
0,4,936,260.0
0,0,937,300.0
0,1,937,260.0
0,2,937,210.0
0,3,937,500.0
0,4,937,520.0
0,0,938,200.0
0,1,938,180.0
0,2,938,270.0
0,3,938,370.0
0,4,938,250.0
0,0,939,300.0
0,1,939,210.0
0,2,939,230.0
0,3,939,340.0
0,4,939,210.0
0,0,940,400.0
0,1,940,270.0
0,2,940,290.0
0,3,940,80.0
0,4,940,220.0
0,0,941,990.0
0,1,941,270.0
0,2,941,230.0
0,3,941,910.0
0,4,941,300.0
0,0,942,270.0
0,1,942,200.0
0,2,942,220.0
0,3,942,430.0
0,4,942,120.0
0,0,943,220.0
0,1,943,510.0
0,2,943,150.0
0,3,943,100.0
0,4,943,250.0
0,0,944,220.0
0,1,944,310.0
0,2,944,280.0
0,3,944,580.0
0,4,944,540.0
0,0,945,230.0
0,1,945,190.0
0,2,945,240.0
0,3,945,350.0
0,4,945,340.0
0,0,946,290.0
0,1,946,470.0
0,2,946,210.0
0,3,946,340.0
0,4,946,440.0
0,0,947,160.0
0,1,947,500.0
0,2,947,230.0
0,3,947,390.0
0,4,947,420.0
0,0,948,230.0
0,1,948,510.0
0,2,948,240.0
0,3,948,280.0
0,4,948,210.0
0,0,949,200.0
0,1,949,510.0
0,2,949,180.0
0,3,949,430.0
0,4,949,110.0
0,0,950,460.0
0,1,950,170.0
0,2,950,500.0
0,3,950,160.0
0,4,950,500.0
0,0,951,650.0
0,1,951,110.0
0,2,951,250.0
0,3,951,230.0
0,4,951,210.0
0,0,952,510.0
0,1,952,190.0
0,2,952,270.0
0,3,952,80.0
0,4,952,220.0
0,0,953,200.0
0,1,953,870.0
0,2,953,620.0
0,3,953,70.0
0,4,953,230.0
0,0,954,250.0
0,1,954,240.0
0,2,954,230.0
0,3,954,100.0
0,4,954,280.0
0,0,955,300.0
0,1,955,870.0
0,2,955,330.0
0,3,955,140.0
0,4,955,240.0
0,0,956,560.0
0,1,956,260.0
0,2,956,220.0
0,3,956,340.0
0,4,956,260.0
0,0,957,420.0
0,1,957,460.0
0,2,957,250.0
0,3,957,580.0
0,4,957,260.0
0,0,958,290.0
0,1,958,510.0
0,2,958,190.0
0,3,958,370.0
0,4,958,520.0
0,0,959,230.0
0,1,959,310.0
0,2,959,190.0
0,3,959,980.0
0,4,959,240.0
0,0,960,130.0
0,1,960,210.0
0,2,960,180.0
0,3,960,630.0
0,4,960,250.0
0,0,961,530.0
0,1,961,520.0
0,2,961,270.0
0,3,961,280.0
0,4,961,340.0
0,0,962,310.0
0,1,962,230.0
0,2,962,270.0
0,3,962,630.0
0,4,962,200.0
0,0,963,330.0
0,1,963,510.0
0,2,963,170.0
0,3,963,230.0
0,4,963,120.0
0,0,964,270.0
0,1,964,290.0
0,2,964,230.0
0,3,964,270.0
0,4,964,320.0
0,0,965,310.0
0,1,965,930.0
0,2,965,290.0
0,3,965,230.0
0,4,965,190.0
0,0,966,220.0
0,1,966,230.0
0,2,966,220.0
0,3,966,160.0
0,4,966,260.0
0,0,967,220.0
0,1,967,290.0
0,2,967,260.0
0,3,967,890.0
0,4,967,280.0
0,0,968,350.0
0,1,968,480.0
0,2,968,250.0
0,3,968,310.0
0,4,968,200.0
0,0,969,260.0
0,1,969,170.0
0,2,969,350.0
0,3,969,800.0
0,4,969,210.0
0,0,970,190.0
0,1,970,250.0
0,2,970,270.0
0,3,970,130.0
0,4,970,270.0
0,0,971,300.0
0,1,971,220.0
0,2,971,230.0
0,3,971,930.0
0,4,971,290.0
0,0,972,240.0
0,1,972,300.0
0,2,972,420.0
0,3,972,1130.0
0,4,972,230.0
0,0,973,280.0
0,1,973,250.0
0,2,973,440.0
0,3,973,270.0
0,4,973,250.0
0,0,974,340.0
0,1,974,440.0
0,2,974,260.0
0,3,974,360.0
0,4,974,320.0
0,0,975,320.0
0,1,975,430.0
0,2,975,190.0
0,3,975,100.0
0,4,975,470.0
0,0,976,210.0
0,1,976,140.0
0,2,976,270.0
0,3,976,230.0
0,4,976,220.0
0,0,977,220.0
0,1,977,270.0
0,2,977,590.0
0,3,977,140.0
0,4,977,470.0
0,0,978,130.0
0,1,978,300.0
0,2,978,190.0
0,3,978,90.0
0,4,978,450.0
0,0,979,200.0
0,1,979,520.0
0,2,979,260.0
0,3,979,100.0
0,4,979,190.0
0,0,980,220.0
0,1,980,300.0
0,2,980,200.0
0,3,980,630.0
0,4,980,250.0
0,0,981,270.0
0,1,981,490.0
0,2,981,270.0
0,3,981,110.0
0,4,981,330.0
0,0,982,200.0
0,1,982,540.0
0,2,982,310.0
0,3,982,260.0
0,4,982,140.0
0,0,983,320.0
0,1,983,390.0
0,2,983,310.0
0,3,983,410.0
0,4,983,260.0
0,0,984,250.0
0,1,984,440.0
0,2,984,190.0
0,3,984,1020.0
0,4,984,330.0
0,0,985,230.0
0,1,985,260.0
0,2,985,220.0
0,3,985,280.0
0,4,985,210.0
0,0,986,210.0
0,1,986,200.0
0,2,986,510.0
0,3,986,270.0
0,4,986,300.0
0,0,987,280.0
0,1,987,440.0
0,2,987,230.0
0,3,987,240.0
0,4,987,80.0
0,0,988,230.0
0,1,988,420.0
0,2,988,270.0
0,3,988,260.0
0,4,988,210.0
0,0,989,210.0
0,1,989,260.0
0,2,989,200.0
0,3,989,390.0
0,4,989,330.0
0,0,990,400.0
0,1,990,70.0
0,2,990,230.0
0,3,990,430.0
0,4,990,350.0
0,0,991,250.0
0,1,991,460.0
0,2,991,210.0
0,3,991,470.0
0,4,991,190.0
0,0,992,260.0
0,1,992,240.0
0,2,992,280.0
0,3,992,120.0
0,4,992,240.0
0,0,993,240.0
0,1,993,320.0
0,2,993,240.0
0,3,993,450.0
0,4,993,200.0
0,0,994,340.0
0,1,994,700.0
0,2,994,170.0
0,3,994,130.0
0,4,994,220.0
0,0,995,240.0
0,1,995,460.0
0,2,995,150.0
0,3,995,510.0
0,4,995,80.0
0,0,996,300.0
0,1,996,290.0
0,2,996,240.0
0,3,996,550.0
0,4,996,140.0
0,0,997,1040.0
0,1,997,920.0
0,2,997,150.0
0,3,997,400.0
0,4,997,450.0
0,0,998,220.0
0,1,998,460.0
0,2,998,240.0
0,3,998,140.0
0,4,998,110.0
0,0,999,700.0
0,1,999,230.0
0,2,999,420.0
0,3,999,310.0
0,4,999,920.0
0,0,1000,200.0
0,1,1000,450.0
0,2,1000,320.0
0,3,1000,250.0
0,4,1000,240.0
0,0,1001,130.0
0,1,1001,280.0
0,2,1001,320.0
0,3,1001,1970.0
0,4,1001,120.0
0,0,1002,230.0
0,1,1002,830.0
0,2,1002,130.0
0,3,1002,420.0
0,4,1002,110.0
0,0,1003,140.0
0,1,1003,200.0
0,2,1003,420.0
0,3,1003,330.0
0,4,1003,450.0
0,0,1004,210.0
0,1,1004,450.0
0,2,1004,470.0
0,3,1004,500.0
0,4,1004,290.0
0,0,1005,290.0
0,1,1005,420.0
0,2,1005,320.0
0,3,1005,520.0
0,4,1005,250.0
0,0,1006,260.0
0,1,1006,450.0
0,2,1006,440.0
0,3,1006,110.0
0,4,1006,390.0
0,0,1007,240.0
0,1,1007,220.0
0,2,1007,280.0
0,3,1007,260.0
0,4,1007,330.0
0,0,1008,130.0
0,1,1008,280.0
0,2,1008,240.0
0,3,1008,250.0
0,4,1008,640.0
0,0,1009,200.0
0,1,1009,260.0
0,2,1009,250.0
0,3,1009,100.0
0,4,1009,600.0
0,0,1010,240.0
0,1,1010,220.0
0,2,1010,270.0
0,3,1010,200.0
0,4,1010,170.0
0,0,1011,160.0
0,1,1011,240.0
0,2,1011,370.0
0,3,1011,510.0
0,4,1011,250.0
0,0,1012,290.0
0,1,1012,480.0
0,2,1012,270.0
0,3,1012,550.0
0,4,1012,260.0
0,0,1013,140.0
0,1,1013,440.0
0,2,1013,290.0
0,3,1013,850.0
0,4,1013,220.0
0,0,1014,170.0
0,1,1014,310.0
0,2,1014,200.0
0,3,1014,580.0
0,4,1014,300.0
0,0,1015,200.0
0,1,1015,290.0
0,2,1015,190.0
0,3,1015,530.0
0,4,1015,330.0
0,0,1016,230.0
0,1,1016,300.0
0,2,1016,200.0
0,3,1016,540.0
0,4,1016,210.0
0,0,1017,320.0
0,1,1017,450.0
0,2,1017,220.0
0,3,1017,400.0
0,4,1017,420.0
0,0,1018,580.0
0,1,1018,290.0
0,2,1018,220.0
0,3,1018,170.0
0,4,1018,290.0
0,0,1019,230.0
0,1,1019,1710.0
0,2,1019,390.0
0,3,1019,780.0
0,4,1019,250.0
0,0,1020,220.0
0,1,1020,860.0
0,2,1020,400.0
0,3,1020,270.0
0,4,1020,230.0
0,0,1021,250.0
0,1,1021,300.0
0,2,1021,370.0
0,3,1021,550.0
0,4,1021,250.0
0,0,1022,250.0
0,1,1022,850.0
0,2,1022,350.0
0,3,1022,350.0
0,4,1022,260.0
0,0,1023,680.0
0,1,1023,470.0
0,2,1023,1110.0
0,3,1023,680.0
0,4,1023,180.0
0,0,1024,290.0
0,1,1024,310.0
0,2,1024,230.0
0,3,1024,620.0
0,4,1024,250.0
0,0,1025,220.0
0,1,1025,420.0
0,2,1025,310.0
0,3,1025,690.0
0,4,1025,250.0
0,0,1026,130.0
0,1,1026,470.0
0,2,1026,270.0
0,3,1026,250.0
0,4,1026,120.0
0,0,1027,330.0
0,1,1027,460.0
0,2,1027,190.0
0,3,1027,1410.0
0,4,1027,320.0
0,0,1028,290.0
0,1,1028,230.0
0,2,1028,150.0
0,3,1028,580.0
0,4,1028,310.0
0,0,1029,910.0
0,1,1029,810.0
0,2,1029,180.0
0,3,1029,850.0
0,4,1029,300.0
0,0,1030,280.0
0,1,1030,490.0
0,2,1030,160.0
0,3,1030,460.0
0,4,1030,400.0
0,0,1031,1730.0
0,1,1031,510.0
0,2,1031,200.0
0,3,1031,680.0
0,4,1031,220.0
0,0,1032,270.0
0,1,1032,290.0
0,2,1032,180.0
0,3,1032,340.0
0,4,1032,490.0
0,0,1033,320.0
0,1,1033,230.0
0,2,1033,180.0
0,3,1033,290.0
0,4,1033,280.0
0,0,1034,520.0
0,1,1034,450.0
0,2,1034,360.0
0,3,1034,500.0
0,4,1034,110.0
0,0,1035,260.0
0,1,1035,500.0
0,2,1035,260.0
0,3,1035,210.0
0,4,1035,260.0
0,0,1036,320.0
0,1,1036,410.0
0,2,1036,230.0
0,3,1036,460.0
0,4,1036,200.0
0,0,1037,240.0
0,1,1037,250.0
0,2,1037,230.0
0,3,1037,490.0
0,4,1037,450.0
0,0,1038,280.0
0,1,1038,480.0
0,2,1038,290.0
0,3,1038,650.0
0,4,1038,520.0
0,0,1039,600.0
0,1,1039,550.0
0,2,1039,370.0
0,3,1039,770.0
0,4,1039,340.0
0,0,1040,260.0
0,1,1040,430.0
0,2,1040,250.0
0,3,1040,480.0
0,4,1040,180.0
0,0,1041,580.0
0,1,1041,840.0
0,2,1041,430.0
0,3,1041,370.0
0,4,1041,470.0
0,0,1042,320.0
0,1,1042,300.0
0,2,1042,240.0
0,3,1042,80.0
0,4,1042,670.0
0,0,1043,200.0
0,1,1043,450.0
0,2,1043,340.0
0,3,1043,340.0
0,4,1043,320.0
0,0,1044,130.0
0,1,1044,330.0
0,2,1044,260.0
0,3,1044,830.0
0,4,1044,260.0
0,0,1045,250.0
0,1,1045,110.0
0,2,1045,220.0
0,3,1045,1180.0
0,4,1045,100.0
0,0,1046,360.0
0,1,1046,240.0
0,2,1046,220.0
0,3,1046,820.0
0,4,1046,370.0
0,0,1047,230.0
0,1,1047,170.0
0,2,1047,360.0
0,3,1047,110.0
0,4,1047,530.0
0,0,1048,240.0
0,1,1048,420.0
0,2,1048,300.0
0,3,1048,600.0
0,4,1048,260.0
0,0,1049,760.0
0,1,1049,300.0
0,2,1049,290.0
0,3,1049,230.0
0,4,1049,250.0
0,0,1050,200.0
0,1,1050,440.0
0,2,1050,280.0
0,3,1050,690.0
0,4,1050,110.0
0,0,1051,310.0
0,1,1051,430.0
0,2,1051,270.0
0,3,1051,250.0
0,4,1051,260.0
0,0,1052,250.0
0,1,1052,230.0
0,2,1052,270.0
0,3,1052,710.0
0,4,1052,250.0
0,0,1053,160.0
0,1,1053,280.0
0,2,1053,210.0
0,3,1053,460.0
0,4,1053,260.0
0,0,1054,180.0
0,1,1054,420.0
0,2,1054,250.0
0,3,1054,1220.0
0,4,1054,110.0
0,0,1055,130.0
0,1,1055,490.0
0,2,1055,460.0
0,3,1055,1400.0
0,4,1055,570.0
0,0,1056,190.0
0,1,1056,1670.0
0,2,1056,250.0
0,3,1056,360.0
0,4,1056,320.0
0,0,1057,290.0
0,1,1057,240.0
0,2,1057,700.0
0,3,1057,1030.0
0,4,1057,230.0
0,0,1058,230.0
0,1,1058,300.0
0,2,1058,250.0
0,3,1058,1410.0
0,4,1058,220.0
0,0,1059,270.0
0,1,1059,210.0
0,2,1059,230.0
0,3,1059,320.0
0,4,1059,260.0
0,0,1060,270.0
0,1,1060,460.0
0,2,1060,380.0
0,3,1060,1190.0
0,4,1060,260.0
0,0,1061,200.0
0,1,1061,890.0
0,2,1061,220.0
0,3,1061,680.0
0,4,1061,300.0
0,0,1062,170.0
0,1,1062,220.0
0,2,1062,170.0
0,3,1062,420.0
0,4,1062,340.0
0,0,1063,210.0
0,1,1063,250.0
0,2,1063,330.0
0,3,1063,550.0
0,4,1063,290.0
0,0,1064,280.0
0,1,1064,170.0
0,2,1064,330.0
0,3,1064,1010.0
0,4,1064,1660.0
0,0,1065,170.0
0,1,1065,860.0
0,2,1065,190.0
0,3,1065,520.0
0,4,1065,230.0
0,0,1066,1190.0
0,1,1066,320.0
0,2,1066,200.0
0,3,1066,360.0
0,4,1066,340.0
0,0,1067,210.0
0,1,1067,850.0
0,2,1067,200.0
0,3,1067,900.0
0,4,1067,320.0
0,0,1068,280.0
0,1,1068,190.0
0,2,1068,290.0
0,3,1068,280.0
0,4,1068,120.0
0,0,1069,230.0
0,1,1069,520.0
0,2,1069,190.0
0,3,1069,560.0
0,4,1069,480.0
0,0,1070,130.0
0,1,1070,420.0
0,2,1070,340.0
0,3,1070,700.0
0,4,1070,270.0
0,0,1071,240.0
0,1,1071,850.0
0,2,1071,370.0
0,3,1071,590.0
0,4,1071,190.0
0,0,1072,300.0
0,1,1072,870.0
0,2,1072,1400.0
0,3,1072,1060.0
0,4,1072,450.0
0,0,1073,1260.0
0,1,1073,210.0
0,2,1073,680.0
0,3,1073,110.0
0,4,1073,250.0
0,0,1074,130.0
0,1,1074,490.0
0,2,1074,230.0
0,3,1074,460.0
0,4,1074,250.0
0,0,1075,360.0
0,1,1075,190.0
0,2,1075,430.0
0,3,1075,460.0
0,4,1075,550.0
0,0,1076,230.0
0,1,1076,280.0
0,2,1076,360.0
0,3,1076,980.0
0,4,1076,490.0
0,0,1077,150.0
0,1,1077,390.0
0,2,1077,260.0
0,3,1077,250.0
0,4,1077,740.0
0,0,1078,250.0
0,1,1078,210.0
0,2,1078,230.0
0,3,1078,340.0
0,4,1078,180.0
0,0,1079,230.0
0,1,1079,290.0
0,2,1079,310.0
0,3,1079,1030.0
0,4,1079,740.0
0,0,1080,120.0
0,1,1080,210.0
0,2,1080,500.0
0,3,1080,460.0
0,4,1080,270.0
0,0,1081,440.0
0,1,1081,210.0
0,2,1081,1050.0
0,3,1081,260.0
0,4,1081,260.0
0,0,1082,340.0
0,1,1082,490.0
0,2,1082,750.0
0,3,1082,330.0
0,4,1082,300.0
0,0,1083,280.0
0,1,1083,510.0
0,2,1083,280.0
0,3,1083,2040.0
0,4,1083,460.0
0,0,1084,190.0
0,1,1084,170.0
0,2,1084,250.0
0,3,1084,390.0
0,4,1084,120.0
0,0,1085,440.0
0,1,1085,430.0
0,2,1085,190.0
0,3,1085,90.0
0,4,1085,220.0
0,0,1086,390.0
0,1,1086,260.0
0,2,1086,220.0
0,3,1086,190.0
0,4,1086,200.0
0,0,1087,300.0
0,1,1087,270.0
0,2,1087,460.0
0,3,1087,120.0
0,4,1087,300.0
0,0,1088,120.0
0,1,1088,220.0
0,2,1088,230.0
0,3,1088,890.0
0,4,1088,260.0
0,0,1089,650.0
0,1,1089,450.0
0,2,1089,470.0
0,3,1089,940.0
0,4,1089,400.0
0,0,1090,180.0
0,1,1090,300.0
0,2,1090,170.0
0,3,1090,740.0
0,4,1090,80.0
0,0,1091,230.0
0,1,1091,890.0
0,2,1091,350.0
0,3,1091,1660.0
0,4,1091,110.0
0,0,1092,460.0
0,1,1092,430.0
0,2,1092,130.0
0,3,1092,850.0
0,4,1092,200.0
0,0,1093,700.0
0,1,1093,430.0
0,2,1093,340.0
0,3,1093,90.0
0,4,1093,230.0
0,0,1094,460.0
0,1,1094,420.0
0,2,1094,120.0
0,3,1094,210.0
0,4,1094,880.0
0,0,1095,230.0
0,1,1095,300.0
0,2,1095,190.0
0,3,1095,420.0
0,4,1095,310.0
0,0,1096,290.0
0,1,1096,280.0
0,2,1096,310.0
0,3,1096,370.0
0,4,1096,270.0
0,0,1097,330.0
0,1,1097,320.0
0,2,1097,110.0
0,3,1097,1830.0
0,4,1097,330.0
0,0,1098,550.0
0,1,1098,290.0
0,2,1098,180.0
0,3,1098,350.0
0,4,1098,270.0
0,0,1099,420.0
0,1,1099,210.0
0,2,1099,520.0
0,3,1099,220.0
0,4,1099,210.0
0,0,1100,170.0
0,1,1100,610.0
0,2,1100,130.0
0,3,1100,130.0
0,4,1100,260.0
0,0,1101,220.0
0,1,1101,280.0
0,2,1101,550.0
0,3,1101,330.0
0,4,1101,500.0
0,0,1102,310.0
0,1,1102,570.0
0,2,1102,180.0
0,3,1102,460.0
0,4,1102,510.0
0,0,1103,370.0
0,1,1103,320.0
0,2,1103,190.0
0,3,1103,400.0
0,4,1103,120.0
0,0,1104,210.0
0,1,1104,230.0
0,2,1104,580.0
0,3,1104,110.0
0,4,1104,110.0
0,0,1105,980.0
0,1,1105,390.0
0,2,1105,190.0
0,3,1105,510.0
0,4,1105,210.0
0,0,1106,410.0
0,1,1106,220.0
0,2,1106,320.0
0,3,1106,280.0
0,4,1106,460.0
0,0,1107,290.0
0,1,1107,250.0
0,2,1107,1180.0
0,3,1107,90.0
0,4,1107,280.0
0,0,1108,230.0
0,1,1108,180.0
0,2,1108,200.0
0,3,1108,110.0
0,4,1108,280.0
0,0,1109,340.0
0,1,1109,510.0
0,2,1109,260.0
0,3,1109,320.0
0,4,1109,500.0
0,0,1110,420.0
0,1,1110,400.0
0,2,1110,650.0
0,3,1110,590.0
0,4,1110,260.0
0,0,1111,290.0
0,1,1111,310.0
0,2,1111,250.0
0,3,1111,90.0
0,4,1111,260.0
0,0,1112,250.0
0,1,1112,320.0
0,2,1112,200.0
0,3,1112,360.0
0,4,1112,110.0
0,0,1113,230.0
0,1,1113,250.0
0,2,1113,260.0
0,3,1113,340.0
0,4,1113,520.0
0,0,1114,370.0
0,1,1114,230.0
0,2,1114,220.0
0,3,1114,310.0
0,4,1114,160.0
0,0,1115,300.0
0,1,1115,240.0
0,2,1115,200.0
0,3,1115,280.0
0,4,1115,240.0
0,0,1116,320.0
0,1,1116,240.0
0,2,1116,150.0
0,3,1116,130.0
0,4,1116,120.0
0,0,1117,220.0
0,1,1117,280.0
0,2,1117,230.0
0,3,1117,580.0
0,4,1117,270.0
0,0,1118,340.0
0,1,1118,460.0
0,2,1118,340.0
0,3,1118,270.0
0,4,1118,540.0
0,0,1119,240.0
0,1,1119,330.0
0,2,1119,300.0
0,3,1119,500.0
0,4,1119,300.0
0,0,1120,180.0
0,1,1120,400.0
0,2,1120,240.0
0,3,1120,220.0
0,4,1120,530.0
0,0,1121,250.0
0,1,1121,210.0
0,2,1121,190.0
0,3,1121,260.0
0,4,1121,500.0
0,0,1122,150.0
0,1,1122,240.0
0,2,1122,200.0
0,3,1122,590.0
0,4,1122,80.0
0,0,1123,200.0
0,1,1123,260.0
0,2,1123,300.0
0,3,1123,100.0
0,4,1123,290.0
0,0,1124,300.0
0,1,1124,210.0
0,2,1124,660.0
0,3,1124,870.0
0,4,1124,270.0
0,0,1125,140.0
0,1,1125,290.0
0,2,1125,430.0
0,3,1125,310.0
0,4,1125,470.0
0,0,1126,360.0
0,1,1126,230.0
0,2,1126,200.0
0,3,1126,260.0
0,4,1126,250.0
0,0,1127,220.0
0,1,1127,230.0
0,2,1127,250.0
0,3,1127,80.0
0,4,1127,320.0
0,0,1128,190.0
0,1,1128,260.0
0,2,1128,1830.0
0,3,1128,450.0
0,4,1128,310.0
0,0,1129,280.0
0,1,1129,430.0
0,2,1129,620.0
0,3,1129,290.0
0,4,1129,270.0
0,0,1130,290.0
0,1,1130,190.0
0,2,1130,200.0
0,3,1130,330.0
0,4,1130,390.0
0,0,1131,210.0
0,1,1131,260.0
0,2,1131,210.0
0,3,1131,520.0
0,4,1131,270.0
0,0,1132,130.0
0,1,1132,260.0
0,2,1132,250.0
0,3,1132,250.0
0,4,1132,260.0
0,0,1133,240.0
0,1,1133,630.0
0,2,1133,310.0
0,3,1133,1050.0
0,4,1133,240.0
0,0,1134,250.0
0,1,1134,260.0
0,2,1134,180.0
0,3,1134,230.0
0,4,1134,260.0
0,0,1135,120.0
0,1,1135,510.0
0,2,1135,230.0
0,3,1135,410.0
0,4,1135,110.0
0,0,1136,500.0
0,1,1136,850.0
0,2,1136,280.0
0,3,1136,90.0
0,4,1136,230.0
0,0,1137,310.0
0,1,1137,520.0
0,2,1137,240.0
0,3,1137,300.0
0,4,1137,220.0
0,0,1138,210.0
0,1,1138,270.0
0,2,1138,630.0
0,3,1138,100.0
0,4,1138,360.0
0,0,1139,240.0
0,1,1139,320.0
0,2,1139,300.0
0,3,1139,420.0
0,4,1139,690.0
0,0,1140,210.0
0,1,1140,470.0
0,2,1140,210.0
0,3,1140,90.0
0,4,1140,300.0
0,0,1141,320.0
0,1,1141,250.0
0,2,1141,260.0
0,3,1141,250.0
0,4,1141,500.0
0,0,1142,270.0
0,1,1142,110.0
0,2,1142,200.0
0,3,1142,440.0
0,4,1142,260.0
0,0,1143,200.0
0,1,1143,250.0
0,2,1143,200.0
0,3,1143,840.0
0,4,1143,300.0
0,0,1144,130.0
0,1,1144,310.0
0,2,1144,190.0
0,3,1144,280.0
0,4,1144,470.0
0,0,1145,200.0
0,1,1145,210.0
0,2,1145,430.0
0,3,1145,510.0
0,4,1145,1040.0
0,0,1146,310.0
0,1,1146,310.0
0,2,1146,240.0
0,3,1146,100.0
0,4,1146,860.0
0,0,1147,260.0
0,1,1147,280.0
0,2,1147,200.0
0,3,1147,320.0
0,4,1147,460.0
0,0,1148,200.0
0,1,1148,160.0
0,2,1148,300.0
0,3,1148,460.0
0,4,1148,230.0
0,0,1149,450.0
0,1,1149,210.0
0,2,1149,140.0
0,3,1149,580.0
0,4,1149,90.0
0,0,1150,170.0
0,1,1150,280.0
0,2,1150,210.0
0,3,1150,1040.0
0,4,1150,390.0
0,0,1151,240.0
0,1,1151,330.0
0,2,1151,170.0
0,3,1151,270.0
0,4,1151,480.0
0,0,1152,160.0
0,1,1152,250.0
0,2,1152,230.0
0,3,1152,270.0
0,4,1152,130.0
0,0,1153,500.0
0,1,1153,270.0
0,2,1153,330.0
0,3,1153,180.0
0,4,1153,210.0
0,0,1154,320.0
0,1,1154,210.0
0,2,1154,190.0
0,3,1154,170.0
0,4,1154,210.0
0,0,1155,190.0
0,1,1155,270.0
0,2,1155,630.0
0,3,1155,350.0
0,4,1155,430.0
0,0,1156,280.0
0,1,1156,250.0
0,2,1156,140.0
0,3,1156,120.0
0,4,1156,200.0
0,0,1157,360.0
0,1,1157,470.0
0,2,1157,200.0
0,3,1157,320.0
0,4,1157,240.0
0,0,1158,180.0
0,1,1158,280.0
0,2,1158,170.0
0,3,1158,460.0
0,4,1158,480.0
0,0,1159,260.0
0,1,1159,360.0
0,2,1159,320.0
0,3,1159,210.0
0,4,1159,250.0
0,0,1160,680.0
0,1,1160,280.0
0,2,1160,230.0
0,3,1160,290.0
0,4,1160,270.0
0,0,1161,230.0
0,1,1161,190.0
0,2,1161,310.0
0,3,1161,110.0
0,4,1161,90.0
0,0,1162,550.0
0,1,1162,240.0
0,2,1162,160.0
0,3,1162,370.0
0,4,1162,210.0
0,0,1163,270.0
0,1,1163,200.0
0,2,1163,320.0
0,3,1163,170.0
0,4,1163,520.0
0,0,1164,110.0
0,1,1164,320.0
0,2,1164,240.0
0,3,1164,330.0
0,4,1164,310.0
0,0,1165,350.0
0,1,1165,110.0
0,2,1165,220.0
0,3,1165,230.0
0,4,1165,250.0
0,0,1166,260.0
0,1,1166,230.0
0,2,1166,190.0
0,3,1166,220.0
0,4,1166,250.0
0,0,1167,450.0
0,1,1167,440.0
0,2,1167,220.0
0,3,1167,310.0
0,4,1167,200.0
0,0,1168,210.0
0,1,1168,240.0
0,2,1168,220.0
0,3,1168,750.0
0,4,1168,120.0
0,0,1169,240.0
0,1,1169,450.0
0,2,1169,170.0
0,3,1169,730.0
0,4,1169,320.0
0,0,1170,260.0
0,1,1170,310.0
0,2,1170,150.0
0,3,1170,160.0
0,4,1170,480.0
0,0,1171,250.0
0,1,1171,230.0
0,2,1171,280.0
0,3,1171,1050.0
0,4,1171,510.0
0,0,1172,290.0
0,1,1172,300.0
0,2,1172,250.0
0,3,1172,420.0
0,4,1172,680.0
0,0,1173,180.0
0,1,1173,260.0
0,2,1173,300.0
0,3,1173,100.0
0,4,1173,670.0
0,0,1174,220.0
0,1,1174,510.0
0,2,1174,220.0
0,3,1174,310.0
0,4,1174,220.0
0,0,1175,180.0
0,1,1175,280.0
0,2,1175,290.0
0,3,1175,130.0
0,4,1175,170.0
0,0,1176,360.0
0,1,1176,220.0
0,2,1176,190.0
0,3,1176,210.0
0,4,1176,310.0
0,0,1177,270.0
0,1,1177,240.0
0,2,1177,330.0
0,3,1177,290.0
0,4,1177,170.0
0,0,1178,230.0
0,1,1178,260.0
0,2,1178,340.0
0,3,1178,90.0
0,4,1178,460.0
0,0,1179,150.0
0,1,1179,330.0
0,2,1179,180.0
0,3,1179,550.0
0,4,1179,270.0
0,0,1180,130.0
0,1,1180,320.0
0,2,1180,160.0
0,3,1180,250.0
0,4,1180,240.0
0,0,1181,220.0
0,1,1181,540.0
0,2,1181,240.0
0,3,1181,270.0
0,4,1181,330.0
0,0,1182,660.0
0,1,1182,410.0
0,2,1182,330.0
0,3,1182,350.0
0,4,1182,310.0
0,0,1183,340.0
0,1,1183,230.0
0,2,1183,210.0
0,3,1183,210.0
0,4,1183,420.0
0,0,1184,160.0
0,1,1184,500.0
0,2,1184,240.0
0,3,1184,390.0
0,4,1184,240.0
0,0,1185,210.0
0,1,1185,260.0
0,2,1185,180.0
0,3,1185,400.0
0,4,1185,310.0
0,0,1186,310.0
0,1,1186,230.0
0,2,1186,310.0
0,3,1186,180.0
0,4,1186,210.0
0,0,1187,320.0
0,1,1187,330.0
0,2,1187,170.0
0,3,1187,590.0
0,4,1187,210.0
0,0,1188,220.0
0,1,1188,890.0
0,2,1188,290.0
0,3,1188,130.0
0,4,1188,520.0
0,0,1189,250.0
0,1,1189,280.0
0,2,1189,240.0
0,3,1189,250.0
0,4,1189,850.0
0,0,1190,230.0
0,1,1190,270.0
0,2,1190,170.0
0,3,1190,400.0
0,4,1190,470.0
0,0,1191,320.0
0,1,1191,490.0
0,2,1191,260.0
0,3,1191,380.0
0,4,1191,210.0
0,0,1192,320.0
0,1,1192,180.0
0,2,1192,200.0
0,3,1192,670.0
0,4,1192,470.0
0,0,1193,160.0
0,1,1193,370.0
0,2,1193,190.0
0,3,1193,340.0
0,4,1193,210.0
0,0,1194,230.0
0,1,1194,260.0
0,2,1194,240.0
0,3,1194,580.0
0,4,1194,210.0
0,0,1195,580.0
0,1,1195,290.0
0,2,1195,260.0
0,3,1195,830.0
0,4,1195,880.0
0,0,1196,190.0
0,1,1196,290.0
0,2,1196,320.0
0,3,1196,1800.0
0,4,1196,310.0
0,0,1197,190.0
0,1,1197,430.0
0,2,1197,300.0
0,3,1197,170.0
0,4,1197,280.0
0,0,1198,380.0
0,1,1198,250.0
0,2,1198,180.0
0,3,1198,420.0
0,4,1198,610.0
0,0,1199,170.0
0,1,1199,830.0
0,2,1199,220.0
0,3,1199,480.0
0,4,1199,300.0
0,0,1200,300.0
0,1,1200,190.0
0,2,1200,330.0
0,3,1200,350.0
0,4,1200,210.0
0,0,1201,990.0
0,1,1201,190.0
0,2,1201,420.0
0,3,1201,240.0
0,4,1201,280.0
0,0,1202,560.0
0,1,1202,280.0
0,2,1202,270.0
0,3,1202,500.0
0,4,1202,450.0
0,0,1203,1780.0
0,1,1203,870.0
0,2,1203,210.0
0,3,1203,440.0
0,4,1203,260.0
0,0,1204,690.0
0,1,1204,120.0
0,2,1204,270.0
0,3,1204,120.0
0,4,1204,260.0
0,0,1205,390.0
0,1,1205,230.0
0,2,1205,260.0
0,3,1205,1020.0
0,4,1205,450.0
0,0,1206,230.0
0,1,1206,510.0
0,2,1206,390.0
0,3,1206,80.0
0,4,1206,410.0
0,0,1207,180.0
0,1,1207,400.0
0,2,1207,390.0
0,3,1207,700.0
0,4,1207,840.0
0,0,1208,200.0
0,1,1208,260.0
0,2,1208,230.0
0,3,1208,250.0
0,4,1208,330.0
0,0,1209,390.0
0,1,1209,210.0
0,2,1209,250.0
0,3,1209,360.0
0,4,1209,250.0
0,0,1210,200.0
0,1,1210,310.0
0,2,1210,210.0
0,3,1210,430.0
0,4,1210,270.0
0,0,1211,550.0
0,1,1211,290.0
0,2,1211,300.0
0,3,1211,140.0
0,4,1211,200.0
0,0,1212,240.0
0,1,1212,480.0
0,2,1212,600.0
0,3,1212,660.0
0,4,1212,420.0
0,0,1213,170.0
0,1,1213,370.0
0,2,1213,370.0
0,3,1213,350.0
0,4,1213,190.0
0,0,1214,200.0
0,1,1214,1560.0
0,2,1214,540.0
0,3,1214,310.0
0,4,1214,350.0
0,0,1215,290.0
0,1,1215,200.0
0,2,1215,180.0
0,3,1215,450.0
0,4,1215,450.0
0,0,1216,110.0
0,1,1216,400.0
0,2,1216,300.0
0,3,1216,280.0
0,4,1216,290.0
0,0,1217,240.0
0,1,1217,500.0
0,2,1217,390.0
0,3,1217,220.0
0,4,1217,260.0
0,0,1218,350.0
0,1,1218,230.0
0,2,1218,210.0
0,3,1218,320.0
0,4,1218,240.0
0,0,1219,180.0
0,1,1219,400.0
0,2,1219,250.0
0,3,1219,340.0
0,4,1219,300.0
0,0,1220,240.0
0,1,1220,230.0
0,2,1220,180.0
0,3,1220,830.0
0,4,1220,250.0
0,0,1221,440.0
0,1,1221,300.0
0,2,1221,310.0
0,3,1221,1080.0
0,4,1221,220.0
0,0,1222,160.0
0,1,1222,380.0
0,2,1222,290.0
0,3,1222,900.0
0,4,1222,350.0
0,0,1223,420.0
0,1,1223,240.0
0,2,1223,170.0
0,3,1223,770.0
0,4,1223,300.0
0,0,1224,190.0
0,1,1224,520.0
0,2,1224,240.0
0,3,1224,500.0
0,4,1224,250.0
0,0,1225,230.0
0,1,1225,310.0
0,2,1225,280.0
0,3,1225,540.0
0,4,1225,420.0
0,0,1226,240.0
0,1,1226,310.0
0,2,1226,330.0
0,3,1226,550.0
0,4,1226,270.0
0,0,1227,630.0
0,1,1227,830.0
0,2,1227,300.0
0,3,1227,510.0
0,4,1227,300.0
0,0,1228,310.0
0,1,1228,70.0
0,2,1228,200.0
0,3,1228,640.0
0,4,1228,270.0
0,0,1229,230.0
0,1,1229,250.0
0,2,1229,230.0
0,3,1229,650.0
0,4,1229,290.0
0,0,1230,250.0
0,1,1230,190.0
0,2,1230,290.0
0,3,1230,80.0
0,4,1230,320.0
0,0,1231,330.0
0,1,1231,300.0
0,2,1231,260.0
0,3,1231,350.0
0,4,1231,520.0
0,0,1232,140.0
0,1,1232,180.0
0,2,1232,290.0
0,3,1232,540.0
0,4,1232,260.0
0,0,1233,310.0
0,1,1233,190.0
0,2,1233,260.0
0,3,1233,500.0
0,4,1233,860.0
0,0,1234,300.0
0,1,1234,380.0
0,2,1234,1060.0
0,3,1234,200.0
0,4,1234,280.0
0,0,1235,220.0
0,1,1235,230.0
0,2,1235,170.0
0,3,1235,540.0
0,4,1235,250.0
0,0,1236,270.0
0,1,1236,270.0
0,2,1236,370.0
0,3,1236,1000.0
0,4,1236,320.0
0,0,1237,100.0
0,1,1237,470.0
0,2,1237,310.0
0,3,1237,660.0
0,4,1237,410.0
0,0,1238,240.0
0,1,1238,430.0
0,2,1238,330.0
0,3,1238,530.0
0,4,1238,330.0
0,0,1239,340.0
0,1,1239,110.0
0,2,1239,190.0
0,3,1239,370.0
0,4,1239,210.0
0,0,1240,270.0
0,1,1240,1670.0
0,2,1240,200.0
0,3,1240,410.0
0,4,1240,260.0
0,0,1241,230.0
0,1,1241,230.0
0,2,1241,240.0
0,3,1241,530.0
0,4,1241,220.0
0,0,1242,150.0
0,1,1242,250.0
0,2,1242,280.0
0,3,1242,280.0
0,4,1242,320.0
0,0,1243,170.0
0,1,1243,230.0
0,2,1243,430.0
0,3,1243,300.0
0,4,1243,490.0
0,0,1244,250.0
0,1,1244,840.0
0,2,1244,480.0
0,3,1244,230.0
0,4,1244,320.0
0,0,1245,250.0
0,1,1245,270.0
0,2,1245,220.0
0,3,1245,500.0
0,4,1245,80.0
0,0,1246,310.0
0,1,1246,260.0
0,2,1246,570.0
0,3,1246,550.0
0,4,1246,320.0
0,0,1247,170.0
0,1,1247,430.0
0,2,1247,450.0
0,3,1247,350.0
0,4,1247,530.0
0,0,1248,300.0
0,1,1248,830.0
0,2,1248,1360.0
0,3,1248,590.0
0,4,1248,460.0
0,0,1249,240.0
0,1,1249,230.0
0,2,1249,310.0
0,3,1249,280.0
0,4,1249,250.0
0,0,1250,300.0
0,1,1250,110.0
0,2,1250,250.0
0,3,1250,270.0
0,4,1250,460.0
0,0,1251,230.0
0,1,1251,250.0
0,2,1251,230.0
0,3,1251,100.0
0,4,1251,170.0
0,0,1252,240.0
0,1,1252,240.0
0,2,1252,260.0
0,3,1252,130.0
0,4,1252,570.0
0,0,1253,1120.0
0,1,1253,250.0
0,2,1253,450.0
0,3,1253,550.0
0,4,1253,250.0
0,0,1254,470.0
0,1,1254,220.0
0,2,1254,270.0
0,3,1254,820.0
0,4,1254,220.0
0,0,1255,320.0
0,1,1255,280.0
0,2,1255,260.0
0,3,1255,280.0
0,4,1255,260.0
0,0,1256,290.0
0,1,1256,260.0
0,2,1256,330.0
0,3,1256,470.0
0,4,1256,310.0
0,0,1257,180.0
0,1,1257,290.0
0,2,1257,230.0
0,3,1257,110.0
0,4,1257,680.0
0,0,1258,360.0
0,1,1258,250.0
0,2,1258,520.0
0,3,1258,120.0
0,4,1258,110.0
0,0,1259,360.0
0,1,1259,530.0
0,2,1259,370.0
0,3,1259,460.0
0,4,1259,120.0
0,0,1260,300.0
0,1,1260,260.0
0,2,1260,150.0
0,3,1260,240.0
0,4,1260,240.0
0,0,1261,250.0
0,1,1261,480.0
0,2,1261,290.0
0,3,1261,700.0
0,4,1261,460.0
0,0,1262,160.0
0,1,1262,170.0
0,2,1262,620.0
0,3,1262,300.0
0,4,1262,250.0
0,0,1263,250.0
0,1,1263,370.0
0,2,1263,230.0
0,3,1263,460.0
0,4,1263,200.0
0,0,1264,210.0
0,1,1264,230.0
0,2,1264,240.0
0,3,1264,150.0
0,4,1264,330.0
0,0,1265,410.0
0,1,1265,300.0
0,2,1265,210.0
0,3,1265,200.0
0,4,1265,510.0
0,0,1266,230.0
0,1,1266,470.0
0,2,1266,330.0
0,3,1266,110.0
0,4,1266,440.0
0,0,1267,280.0
0,1,1267,110.0
0,2,1267,230.0
0,3,1267,230.0
0,4,1267,320.0
0,0,1268,200.0
0,1,1268,430.0
0,2,1268,700.0
0,3,1268,380.0
0,4,1268,110.0
0,0,1269,280.0
0,1,1269,240.0
0,2,1269,240.0
0,3,1269,870.0
0,4,1269,230.0
0,0,1270,260.0
0,1,1270,480.0
0,2,1270,240.0
0,3,1270,280.0
0,4,1270,190.0
0,0,1271,550.0
0,1,1271,610.0
0,2,1271,270.0
0,3,1271,90.0
0,4,1271,380.0
0,0,1272,190.0
0,1,1272,440.0
0,2,1272,300.0
0,3,1272,90.0
0,4,1272,250.0
0,0,1273,300.0
0,1,1273,320.0
0,2,1273,200.0
0,3,1273,280.0
0,4,1273,490.0
0,0,1274,520.0
0,1,1274,290.0
0,2,1274,180.0
0,3,1274,470.0
0,4,1274,320.0
0,0,1275,140.0
0,1,1275,530.0
0,2,1275,290.0
0,3,1275,630.0
0,4,1275,250.0
0,0,1276,350.0
0,1,1276,890.0
0,2,1276,160.0
0,3,1276,420.0
0,4,1276,300.0
0,0,1277,230.0
0,1,1277,260.0
0,2,1277,400.0
0,3,1277,510.0
0,4,1277,250.0
0,0,1278,470.0
0,1,1278,310.0
0,2,1278,210.0
0,3,1278,190.0
0,4,1278,820.0
0,0,1279,280.0
0,1,1279,210.0
0,2,1279,290.0
0,3,1279,410.0
0,4,1279,410.0
0,0,1280,270.0
0,1,1280,460.0
0,2,1280,240.0
0,3,1280,570.0
0,4,1280,130.0
0,0,1281,210.0
0,1,1281,230.0
0,2,1281,360.0
0,3,1281,590.0
0,4,1281,220.0
0,0,1282,200.0
0,1,1282,460.0
0,2,1282,200.0
0,3,1282,220.0
0,4,1282,390.0
0,0,1283,330.0
0,1,1283,320.0
0,2,1283,200.0
0,3,1283,280.0
0,4,1283,220.0
0,0,1284,270.0
0,1,1284,490.0
0,2,1284,400.0
0,3,1284,90.0
0,4,1284,310.0
0,0,1285,250.0
0,1,1285,230.0
0,2,1285,350.0
0,3,1285,570.0
0,4,1285,190.0
0,0,1286,140.0
0,1,1286,560.0
0,2,1286,260.0
0,3,1286,320.0
0,4,1286,920.0
0,0,1287,210.0
0,1,1287,250.0
0,2,1287,610.0
0,3,1287,270.0
0,4,1287,330.0
0,0,1288,220.0
0,1,1288,240.0
0,2,1288,240.0
0,3,1288,1770.0
0,4,1288,280.0
0,0,1289,290.0
0,1,1289,260.0
0,2,1289,180.0
0,3,1289,770.0
0,4,1289,840.0
0,0,1290,230.0
0,1,1290,410.0
0,2,1290,300.0
0,3,1290,270.0
0,4,1290,810.0
0,0,1291,160.0
0,1,1291,480.0
0,2,1291,140.0
0,3,1291,510.0
0,4,1291,300.0
0,0,1292,300.0
0,1,1292,270.0
0,2,1292,330.0
0,3,1292,100.0
0,4,1292,240.0
0,0,1293,320.0
0,1,1293,300.0
0,2,1293,180.0
0,3,1293,580.0
0,4,1293,410.0
0,0,1294,280.0
0,1,1294,270.0
0,2,1294,160.0
0,3,1294,310.0
0,4,1294,330.0
0,0,1295,180.0
0,1,1295,430.0
0,2,1295,200.0
0,3,1295,260.0
0,4,1295,280.0
0,0,1296,260.0
0,1,1296,510.0
0,2,1296,190.0
0,3,1296,520.0
0,4,1296,200.0
0,0,1297,370.0
0,1,1297,180.0
0,2,1297,120.0
0,3,1297,200.0
0,4,1297,260.0
0,0,1298,180.0
0,1,1298,240.0
0,2,1298,180.0
0,3,1298,280.0
0,4,1298,520.0
0,0,1299,240.0
0,1,1299,330.0
0,2,1299,230.0
0,3,1299,150.0
0,4,1299,320.0
0,0,1300,250.0
0,1,1300,240.0
0,2,1300,300.0
0,3,1300,290.0
0,4,1300,460.0
0,0,1301,360.0
0,1,1301,430.0
0,2,1301,250.0
0,3,1301,1020.0
0,4,1301,520.0
0,0,1302,240.0
0,1,1302,280.0
0,2,1302,380.0
0,3,1302,440.0
0,4,1302,420.0
0,0,1303,290.0
0,1,1303,280.0
0,2,1303,220.0
0,3,1303,350.0
0,4,1303,270.0
0,0,1304,690.0
0,1,1304,230.0
0,2,1304,220.0
0,3,1304,1990.0
0,4,1304,460.0
0,0,1305,220.0
0,1,1305,280.0
0,2,1305,660.0
0,3,1305,430.0
0,4,1305,460.0
0,0,1306,230.0
0,1,1306,240.0
0,2,1306,250.0
0,3,1306,420.0
0,4,1306,330.0
0,0,1307,210.0
0,1,1307,520.0
0,2,1307,180.0
0,3,1307,220.0
0,4,1307,250.0
0,0,1308,160.0
0,1,1308,260.0
0,2,1308,890.0
0,3,1308,290.0
0,4,1308,420.0
0,0,1309,180.0
0,1,1309,410.0
0,2,1309,180.0
0,3,1309,530.0
0,4,1309,300.0
0,0,1310,290.0
0,1,1310,270.0
0,2,1310,250.0
0,3,1310,210.0
0,4,1310,120.0
0,0,1311,420.0
0,1,1311,210.0
0,2,1311,140.0
0,3,1311,440.0
0,4,1311,230.0
0,0,1312,220.0
0,1,1312,1650.0
0,2,1312,200.0
0,3,1312,190.0
0,4,1312,320.0
0,0,1313,250.0
0,1,1313,190.0
0,2,1313,140.0
0,3,1313,450.0
0,4,1313,120.0
0,0,1314,260.0
0,1,1314,490.0
0,2,1314,320.0
0,3,1314,510.0
0,4,1314,290.0
0,0,1315,290.0
0,1,1315,410.0
0,2,1315,220.0
0,3,1315,290.0
0,4,1315,320.0
0,0,1316,370.0
0,1,1316,850.0
0,2,1316,210.0
0,3,1316,520.0
0,4,1316,540.0
0,0,1317,220.0
0,1,1317,250.0
0,2,1317,280.0
0,3,1317,680.0
0,4,1317,120.0
0,0,1318,320.0
0,1,1318,210.0
0,2,1318,190.0
0,3,1318,530.0
0,4,1318,120.0
0,0,1319,1010.0
0,1,1319,900.0
0,2,1319,170.0
0,3,1319,220.0
0,4,1319,170.0
0,0,1320,1140.0
0,1,1320,850.0
0,2,1320,390.0
0,3,1320,370.0
0,4,1320,160.0
0,0,1321,320.0
0,1,1321,300.0
0,2,1321,1390.0
0,3,1321,260.0
0,4,1321,250.0
0,0,1322,250.0
0,1,1322,230.0
0,2,1322,240.0
0,3,1322,1140.0
0,4,1322,400.0
0,0,1323,370.0
0,1,1323,210.0
0,2,1323,170.0
0,3,1323,100.0
0,4,1323,250.0
0,0,1324,140.0
0,1,1324,180.0
0,2,1324,300.0
0,3,1324,100.0
0,4,1324,210.0
0,0,1325,300.0
0,1,1325,230.0
0,2,1325,630.0
0,3,1325,100.0
0,4,1325,240.0
0,0,1326,410.0
0,1,1326,530.0
0,2,1326,300.0
0,3,1326,220.0
0,4,1326,530.0
0,0,1327,340.0
0,1,1327,290.0
0,2,1327,320.0
0,3,1327,340.0
0,4,1327,270.0
0,0,1328,220.0
0,1,1328,390.0
0,2,1328,290.0
0,3,1328,480.0
0,4,1328,250.0
0,0,1329,210.0
0,1,1329,190.0
0,2,1329,480.0
0,3,1329,530.0
0,4,1329,490.0
0,0,1330,160.0
0,1,1330,120.0
0,2,1330,170.0
0,3,1330,530.0
0,4,1330,530.0
0,0,1331,200.0
0,1,1331,380.0
0,2,1331,480.0
0,3,1331,320.0
0,4,1331,240.0
0,0,1332,440.0
0,1,1332,230.0
0,2,1332,310.0
0,3,1332,460.0
0,4,1332,270.0
0,0,1333,180.0
0,1,1333,300.0
0,2,1333,310.0
0,3,1333,110.0
0,4,1333,270.0
0,0,1334,210.0
0,1,1334,300.0
0,2,1334,1060.0
0,3,1334,290.0
0,4,1334,270.0
0,0,1335,340.0
0,1,1335,240.0
0,2,1335,300.0
0,3,1335,200.0
0,4,1335,320.0
0,0,1336,160.0
0,1,1336,210.0
0,2,1336,150.0
0,3,1336,70.0
0,4,1336,210.0
0,0,1337,680.0
0,1,1337,230.0
0,2,1337,230.0
0,3,1337,750.0
0,4,1337,300.0
0,0,1338,270.0
0,1,1338,260.0
0,2,1338,140.0
0,3,1338,900.0
0,4,1338,210.0
0,0,1339,280.0
0,1,1339,440.0
0,2,1339,200.0
0,3,1339,280.0
0,4,1339,200.0
0,0,1340,270.0
0,1,1340,230.0
0,2,1340,330.0
0,3,1340,300.0
0,4,1340,180.0
0,0,1341,430.0
0,1,1341,260.0
0,2,1341,270.0
0,3,1341,100.0
0,4,1341,500.0
0,0,1342,220.0
0,1,1342,430.0
0,2,1342,180.0
0,3,1342,530.0
0,4,1342,210.0
0,0,1343,200.0
0,1,1343,250.0
0,2,1343,260.0
0,3,1343,420.0
0,4,1343,260.0
0,0,1344,220.0
0,1,1344,470.0
0,2,1344,190.0
0,3,1344,80.0
0,4,1344,310.0
0,0,1345,310.0
0,1,1345,200.0
0,2,1345,260.0
0,3,1345,460.0
0,4,1345,310.0
0,0,1346,170.0
0,1,1346,70.0
0,2,1346,220.0
0,3,1346,410.0
0,4,1346,250.0
0,0,1347,610.0
0,1,1347,310.0
0,2,1347,1100.0
0,3,1347,610.0
0,4,1347,890.0
0,0,1348,200.0
0,1,1348,200.0
0,2,1348,230.0
0,3,1348,280.0
0,4,1348,320.0
0,0,1349,320.0
0,1,1349,310.0
0,2,1349,210.0
0,3,1349,710.0
0,4,1349,270.0
0,0,1350,340.0
0,1,1350,330.0
0,2,1350,330.0
0,3,1350,90.0
0,4,1350,330.0
0,0,1351,1010.0
0,1,1351,110.0
0,2,1351,380.0
0,3,1351,1220.0
0,4,1351,230.0
0,0,1352,240.0
0,1,1352,590.0
0,2,1352,420.0
0,3,1352,250.0
0,4,1352,210.0
0,0,1353,270.0
0,1,1353,260.0
0,2,1353,290.0
0,3,1353,530.0
0,4,1353,320.0
0,0,1354,280.0
0,1,1354,310.0
0,2,1354,710.0
0,3,1354,200.0
0,4,1354,110.0
0,0,1355,290.0
0,1,1355,450.0
0,2,1355,310.0
0,3,1355,350.0
0,4,1355,530.0
0,0,1356,260.0
0,1,1356,210.0
0,2,1356,200.0
0,3,1356,200.0
0,4,1356,250.0
0,0,1357,220.0
0,1,1357,350.0
0,2,1357,600.0
0,3,1357,670.0
0,4,1357,310.0
0,0,1358,200.0
0,1,1358,700.0
0,2,1358,160.0
0,3,1358,1390.0
0,4,1358,860.0
0,0,1359,210.0
0,1,1359,300.0
0,2,1359,320.0
0,3,1359,420.0
0,4,1359,210.0
0,0,1360,480.0
0,1,1360,310.0
0,2,1360,200.0
0,3,1360,250.0
0,4,1360,260.0
0,0,1361,220.0
0,1,1361,370.0
0,2,1361,330.0
0,3,1361,250.0
0,4,1361,420.0
0,0,1362,200.0
0,1,1362,290.0
0,2,1362,270.0
0,3,1362,1660.0
0,4,1362,240.0
0,0,1363,170.0
0,1,1363,330.0
0,2,1363,480.0
0,3,1363,450.0
0,4,1363,430.0
0,0,1364,130.0
0,1,1364,220.0
0,2,1364,160.0
0,3,1364,460.0
0,4,1364,480.0
0,0,1365,190.0
0,1,1365,230.0
0,2,1365,180.0
0,3,1365,250.0
0,4,1365,300.0
0,0,1366,180.0
0,1,1366,500.0
0,2,1366,650.0
0,3,1366,230.0
0,4,1366,230.0
0,0,1367,250.0
0,1,1367,340.0
0,2,1367,580.0
0,3,1367,360.0
0,4,1367,180.0
0,0,1368,310.0
0,1,1368,260.0
0,2,1368,350.0
0,3,1368,130.0
0,4,1368,260.0
0,0,1369,190.0
0,1,1369,180.0
0,2,1369,210.0
0,3,1369,480.0
0,4,1369,250.0
0,0,1370,220.0
0,1,1370,910.0
0,2,1370,370.0
0,3,1370,280.0
0,4,1370,480.0
0,0,1371,210.0
0,1,1371,290.0
0,2,1371,570.0
0,3,1371,300.0
0,4,1371,410.0
0,0,1372,190.0
0,1,1372,250.0
0,2,1372,170.0
0,3,1372,440.0
0,4,1372,240.0
0,0,1373,190.0
0,1,1373,240.0
0,2,1373,870.0
0,3,1373,550.0
0,4,1373,320.0
0,0,1374,250.0
0,1,1374,250.0
0,2,1374,680.0
0,3,1374,90.0
0,4,1374,270.0
0,0,1375,470.0
0,1,1375,240.0
0,2,1375,220.0
0,3,1375,280.0
0,4,1375,310.0
0,0,1376,330.0
0,1,1376,320.0
0,2,1376,150.0
0,3,1376,240.0
0,4,1376,510.0
0,0,1377,160.0
0,1,1377,220.0
0,2,1377,170.0
0,3,1377,410.0
0,4,1377,190.0
0,0,1378,270.0
0,1,1378,430.0
0,2,1378,350.0
0,3,1378,440.0
0,4,1378,200.0
0,0,1379,180.0
0,1,1379,450.0
0,2,1379,660.0
0,3,1379,590.0
0,4,1379,80.0
0,0,1380,490.0
0,1,1380,230.0
0,2,1380,220.0
0,3,1380,510.0
0,4,1380,430.0
0,0,1381,140.0
0,1,1381,290.0
0,2,1381,260.0
0,3,1381,230.0
0,4,1381,170.0
0,0,1382,360.0
0,1,1382,250.0
0,2,1382,200.0
0,3,1382,80.0
0,4,1382,250.0
0,0,1383,610.0
0,1,1383,230.0
0,2,1383,320.0
0,3,1383,320.0
0,4,1383,280.0
0,0,1384,220.0
0,1,1384,390.0
0,2,1384,300.0
0,3,1384,260.0
0,4,1384,330.0
0,0,1385,310.0
0,1,1385,230.0
0,2,1385,290.0
0,3,1385,430.0
0,4,1385,320.0
0,0,1386,310.0
0,1,1386,240.0
0,2,1386,230.0
0,3,1386,1590.0
0,4,1386,120.0
0,0,1387,270.0
0,1,1387,70.0
0,2,1387,190.0
0,3,1387,1040.0
0,4,1387,270.0
0,0,1388,330.0
0,1,1388,320.0
0,2,1388,280.0
0,3,1388,530.0
0,4,1388,290.0
0,0,1389,190.0
0,1,1389,480.0
0,2,1389,280.0
0,3,1389,390.0
0,4,1389,260.0
0,0,1390,360.0
0,1,1390,190.0
0,2,1390,300.0
0,3,1390,690.0
0,4,1390,270.0
0,0,1391,370.0
0,1,1391,260.0
0,2,1391,280.0
0,3,1391,670.0
0,4,1391,120.0
0,0,1392,290.0
0,1,1392,670.0
0,2,1392,240.0
0,3,1392,330.0
0,4,1392,930.0
0,0,1393,320.0
0,1,1393,490.0
0,2,1393,150.0
0,3,1393,330.0
0,4,1393,70.0
0,0,1394,350.0
0,1,1394,220.0
0,2,1394,370.0
0,3,1394,720.0
0,4,1394,120.0
0,0,1395,190.0
0,1,1395,240.0
0,2,1395,270.0
0,3,1395,500.0
0,4,1395,260.0
0,0,1396,260.0
0,1,1396,270.0
0,2,1396,260.0
0,3,1396,330.0
0,4,1396,120.0
0,0,1397,250.0
0,1,1397,220.0
0,2,1397,180.0
0,3,1397,550.0
0,4,1397,230.0
0,0,1398,360.0
0,1,1398,230.0
0,2,1398,280.0
0,3,1398,430.0
0,4,1398,520.0
0,0,1399,220.0
0,1,1399,260.0
0,2,1399,240.0
0,3,1399,550.0
0,4,1399,320.0
0,0,1400,180.0
0,1,1400,280.0
0,2,1400,320.0
0,3,1400,230.0
0,4,1400,870.0
0,0,1401,220.0
0,1,1401,320.0
0,2,1401,220.0
0,3,1401,290.0
0,4,1401,270.0
0,0,1402,340.0
0,1,1402,520.0
0,2,1402,230.0
0,3,1402,550.0
0,4,1402,560.0
0,0,1403,270.0
0,1,1403,250.0
0,2,1403,180.0
0,3,1403,490.0
0,4,1403,120.0
0,0,1404,290.0
0,1,1404,260.0
0,2,1404,230.0
0,3,1404,150.0
0,4,1404,350.0
0,0,1405,250.0
0,1,1405,300.0
0,2,1405,270.0
0,3,1405,480.0
0,4,1405,280.0
0,0,1406,300.0
0,1,1406,230.0
0,2,1406,190.0
0,3,1406,320.0
0,4,1406,260.0
0,0,1407,200.0
0,1,1407,240.0
0,2,1407,280.0
0,3,1407,320.0
0,4,1407,300.0
0,0,1408,320.0
0,1,1408,270.0
0,2,1408,200.0
0,3,1408,210.0
0,4,1408,570.0
0,0,1409,230.0
0,1,1409,230.0
0,2,1409,230.0
0,3,1409,300.0
0,4,1409,330.0
0,0,1410,150.0
0,1,1410,190.0
0,2,1410,290.0
0,3,1410,260.0
0,4,1410,310.0
0,0,1411,250.0
0,1,1411,320.0
0,2,1411,180.0
0,3,1411,1910.0
0,4,1411,300.0
0,0,1412,390.0
0,1,1412,200.0
0,2,1412,210.0
0,3,1412,260.0
0,4,1412,460.0
0,0,1413,230.0
0,1,1413,290.0
0,2,1413,370.0
0,3,1413,520.0
0,4,1413,490.0
0,0,1414,190.0
0,1,1414,230.0
0,2,1414,270.0
0,3,1414,870.0
0,4,1414,660.0
0,0,1415,290.0
0,1,1415,260.0
0,2,1415,500.0
0,3,1415,490.0
0,4,1415,170.0
0,0,1416,200.0
0,1,1416,520.0
0,2,1416,180.0
0,3,1416,290.0
0,4,1416,210.0
0,0,1417,280.0
0,1,1417,240.0
0,2,1417,160.0
0,3,1417,500.0
0,4,1417,330.0
0,0,1418,240.0
0,1,1418,260.0
0,2,1418,320.0
0,3,1418,410.0
0,4,1418,420.0
0,0,1419,310.0
0,1,1419,230.0
0,2,1419,250.0
0,3,1419,410.0
0,4,1419,270.0
0,0,1420,220.0
0,1,1420,460.0
0,2,1420,550.0
0,3,1420,340.0
0,4,1420,420.0
0,0,1421,230.0
0,1,1421,310.0
0,2,1421,250.0
0,3,1421,870.0
0,4,1421,250.0
0,0,1422,370.0
0,1,1422,260.0
0,2,1422,360.0
0,3,1422,710.0
0,4,1422,310.0
0,0,1423,170.0
0,1,1423,230.0
0,2,1423,360.0
0,3,1423,200.0
0,4,1423,340.0
0,0,1424,310.0
0,1,1424,320.0
0,2,1424,230.0
0,3,1424,210.0
0,4,1424,320.0
0,0,1425,220.0
0,1,1425,320.0
0,2,1425,420.0
0,3,1425,110.0
0,4,1425,320.0
0,0,1426,190.0
0,1,1426,330.0
0,2,1426,310.0
0,3,1426,240.0
0,4,1426,210.0
0,0,1427,390.0
0,1,1427,450.0
0,2,1427,330.0
0,3,1427,180.0
0,4,1427,120.0
0,0,1428,530.0
0,1,1428,330.0
0,2,1428,1000.0
0,3,1428,660.0
0,4,1428,320.0
0,0,1429,360.0
0,1,1429,310.0
0,2,1429,210.0
0,3,1429,620.0
0,4,1429,860.0
0,0,1430,270.0
0,1,1430,220.0
0,2,1430,250.0
0,3,1430,580.0
0,4,1430,120.0
0,0,1431,230.0
0,1,1431,410.0
0,2,1431,160.0
0,3,1431,210.0
0,4,1431,420.0
0,0,1432,300.0
0,1,1432,310.0
0,2,1432,520.0
0,3,1432,110.0
0,4,1432,300.0
0,0,1433,620.0
0,1,1433,230.0
0,2,1433,400.0
0,3,1433,560.0
0,4,1433,340.0
0,0,1434,400.0
0,1,1434,190.0
0,2,1434,750.0
0,3,1434,580.0
0,4,1434,440.0
0,0,1435,220.0
0,1,1435,320.0
0,2,1435,530.0
0,3,1435,590.0
0,4,1435,310.0
0,0,1436,170.0
0,1,1436,500.0
0,2,1436,390.0
0,3,1436,410.0
0,4,1436,440.0
0,0,1437,380.0
0,1,1437,210.0
0,2,1437,440.0
0,3,1437,360.0
0,4,1437,320.0
0,0,1438,270.0
0,1,1438,440.0
0,2,1438,640.0
0,3,1438,410.0
0,4,1438,210.0
0,0,1439,200.0
0,1,1439,180.0
0,2,1439,550.0
0,3,1439,390.0
0,4,1439,490.0
0,0,1440,230.0
0,1,1440,430.0
0,2,1440,230.0
0,3,1440,580.0
0,4,1440,290.0
0,0,1441,230.0
0,1,1441,250.0
0,2,1441,970.0
0,3,1441,480.0
0,4,1441,520.0
0,0,1442,1940.0
0,1,1442,190.0
0,2,1442,160.0
0,3,1442,150.0
0,4,1442,910.0
0,0,1443,310.0
0,1,1443,430.0
0,2,1443,570.0
0,3,1443,250.0
0,4,1443,500.0
0,0,1444,520.0
0,1,1444,330.0
0,2,1444,170.0
0,3,1444,600.0
0,4,1444,280.0
0,0,1445,590.0
0,1,1445,180.0
0,2,1445,300.0
0,3,1445,510.0
0,4,1445,210.0
0,0,1446,180.0
0,1,1446,230.0
0,2,1446,320.0
0,3,1446,460.0
0,4,1446,250.0
0,0,1447,530.0
0,1,1447,230.0
0,2,1447,270.0
0,3,1447,260.0
0,4,1447,230.0
0,0,1448,310.0
0,1,1448,250.0
0,2,1448,240.0
0,3,1448,490.0
0,4,1448,330.0
0,0,1449,410.0
0,1,1449,340.0
0,2,1449,180.0
0,3,1449,340.0
0,4,1449,450.0
0,0,1450,220.0
0,1,1450,460.0
0,2,1450,340.0
0,3,1450,300.0
0,4,1450,250.0
0,0,1451,360.0
0,1,1451,290.0
0,2,1451,300.0
0,3,1451,510.0
0,4,1451,240.0
0,0,1452,150.0
0,1,1452,500.0
0,2,1452,150.0
0,3,1452,350.0
0,4,1452,260.0
0,0,1453,460.0
0,1,1453,250.0
0,2,1453,230.0
0,3,1453,130.0
0,4,1453,240.0
0,0,1454,370.0
0,1,1454,330.0
0,2,1454,160.0
0,3,1454,220.0
0,4,1454,540.0
0,0,1455,290.0
0,1,1455,510.0
0,2,1455,260.0
0,3,1455,2100.0
0,4,1455,180.0
0,0,1456,210.0
0,1,1456,530.0
0,2,1456,160.0
0,3,1456,580.0
0,4,1456,260.0
0,0,1457,200.0
0,1,1457,300.0
0,2,1457,340.0
0,3,1457,280.0
0,4,1457,330.0
0,0,1458,390.0
0,1,1458,420.0
0,2,1458,210.0
0,3,1458,850.0
0,4,1458,90.0
0,0,1459,260.0
0,1,1459,230.0
0,2,1459,220.0
0,3,1459,600.0
0,4,1459,500.0
0,0,1460,300.0
0,1,1460,540.0
0,2,1460,180.0
0,3,1460,840.0
0,4,1460,220.0
0,0,1461,220.0
0,1,1461,500.0
0,2,1461,270.0
0,3,1461,180.0
0,4,1461,110.0
0,0,1462,250.0
0,1,1462,200.0
0,2,1462,290.0
0,3,1462,190.0
0,4,1462,330.0
0,0,1463,170.0
0,1,1463,290.0
0,2,1463,250.0
0,3,1463,120.0
0,4,1463,490.0
0,0,1464,230.0
0,1,1464,310.0
0,2,1464,360.0
0,3,1464,380.0
0,4,1464,110.0
0,0,1465,160.0
0,1,1465,230.0
0,2,1465,190.0
0,3,1465,150.0
0,4,1465,270.0
0,0,1466,150.0
0,1,1466,190.0
0,2,1466,360.0
0,3,1466,190.0
0,4,1466,460.0
0,0,1467,140.0
0,1,1467,290.0
0,2,1467,190.0
0,3,1467,460.0
0,4,1467,450.0
0,0,1468,630.0
0,1,1468,430.0
0,2,1468,210.0
0,3,1468,600.0
0,4,1468,520.0
0,0,1469,240.0
0,1,1469,510.0
0,2,1469,240.0
0,3,1469,890.0
0,4,1469,210.0
0,0,1470,260.0
0,1,1470,460.0
0,2,1470,170.0
0,3,1470,130.0
0,4,1470,220.0
0,0,1471,250.0
0,1,1471,110.0
0,2,1471,210.0
0,3,1471,480.0
0,4,1471,330.0
0,0,1472,490.0
0,1,1472,100.0
0,2,1472,220.0
0,3,1472,300.0
0,4,1472,330.0
0,0,1473,130.0
0,1,1473,250.0
0,2,1473,170.0
0,3,1473,400.0
0,4,1473,660.0
0,0,1474,460.0
0,1,1474,220.0
0,2,1474,330.0
0,3,1474,290.0
0,4,1474,100.0
0,0,1475,290.0
0,1,1475,810.0
0,2,1475,170.0
0,3,1475,510.0
0,4,1475,460.0
0,0,1476,310.0
0,1,1476,300.0
0,2,1476,190.0
0,3,1476,360.0
0,4,1476,210.0
0,0,1477,930.0
0,1,1477,500.0
0,2,1477,290.0
0,3,1477,660.0
0,4,1477,890.0
0,0,1478,340.0
0,1,1478,230.0
0,2,1478,310.0
0,3,1478,520.0
0,4,1478,260.0
0,0,1479,130.0
0,1,1479,710.0
0,2,1479,360.0
0,3,1479,310.0
0,4,1479,220.0
0,0,1480,290.0
0,1,1480,240.0
0,2,1480,260.0
0,3,1480,730.0
0,4,1480,270.0
0,0,1481,190.0
0,1,1481,200.0
0,2,1481,220.0
0,3,1481,470.0
0,4,1481,510.0
0,0,1482,120.0
0,1,1482,380.0
0,2,1482,310.0
0,3,1482,450.0
0,4,1482,110.0
0,0,1483,240.0
0,1,1483,520.0
0,2,1483,240.0
0,3,1483,580.0
0,4,1483,550.0
0,0,1484,310.0
0,1,1484,240.0
0,2,1484,170.0
0,3,1484,450.0
0,4,1484,520.0
0,0,1485,980.0
0,1,1485,320.0
0,2,1485,220.0
0,3,1485,380.0
0,4,1485,260.0
0,0,1486,140.0
0,1,1486,980.0
0,2,1486,130.0
0,3,1486,1030.0
0,4,1486,230.0
0,0,1487,550.0
0,1,1487,280.0
0,2,1487,240.0
0,3,1487,1070.0
0,4,1487,320.0
0,0,1488,280.0
0,1,1488,260.0
0,2,1488,170.0
0,3,1488,950.0
0,4,1488,250.0
0,0,1489,170.0
0,1,1489,220.0
0,2,1489,240.0
0,3,1489,960.0
0,4,1489,860.0
0,0,1490,210.0
0,1,1490,570.0
0,2,1490,210.0
0,3,1490,340.0
0,4,1490,280.0
0,0,1491,660.0
0,1,1491,210.0
0,2,1491,1010.0
0,3,1491,570.0
0,4,1491,240.0
0,0,1492,230.0
0,1,1492,450.0
0,2,1492,470.0
0,3,1492,550.0
0,4,1492,180.0
0,0,1493,220.0
0,1,1493,290.0
0,2,1493,200.0
0,3,1493,420.0
0,4,1493,410.0
0,0,1494,340.0
0,1,1494,480.0
0,2,1494,280.0
0,3,1494,440.0
0,4,1494,420.0
0,0,1495,280.0
0,1,1495,860.0
0,2,1495,210.0
0,3,1495,510.0
0,4,1495,440.0
0,0,1496,120.0
0,1,1496,220.0
0,2,1496,200.0
0,3,1496,460.0
0,4,1496,300.0
0,0,1497,100.0
0,1,1497,290.0
0,2,1497,370.0
0,3,1497,720.0
0,4,1497,500.0
0,0,1498,250.0
0,1,1498,450.0
0,2,1498,330.0
0,3,1498,300.0
0,4,1498,920.0
0,0,1499,340.0
0,1,1499,310.0
0,2,1499,240.0
0,3,1499,390.0
0,4,1499,280.0
0,0,1500,230.0
0,1,1500,260.0
0,2,1500,220.0
0,3,1500,500.0
0,4,1500,330.0
0,0,1501,220.0
0,1,1501,260.0
0,2,1501,110.0
0,3,1501,730.0
0,4,1501,240.0
0,0,1502,160.0
0,1,1502,300.0
0,2,1502,180.0
0,3,1502,460.0
0,4,1502,340.0
0,0,1503,230.0
0,1,1503,310.0
0,2,1503,170.0
0,3,1503,460.0
0,4,1503,110.0
0,0,1504,320.0
0,1,1504,590.0
0,2,1504,590.0
0,3,1504,510.0
0,4,1504,250.0
0,0,1505,170.0
0,1,1505,290.0
0,2,1505,170.0
0,3,1505,300.0
0,4,1505,250.0
0,0,1506,370.0
0,1,1506,440.0
0,2,1506,170.0
0,3,1506,540.0
0,4,1506,230.0
0,0,1507,250.0
0,1,1507,590.0
0,2,1507,300.0
0,3,1507,370.0
0,4,1507,240.0
0,0,1508,280.0
0,1,1508,240.0
0,2,1508,240.0
0,3,1508,210.0
0,4,1508,240.0
0,0,1509,340.0
0,1,1509,470.0
0,2,1509,340.0
0,3,1509,240.0
0,4,1509,320.0
0,0,1510,180.0
0,1,1510,250.0
0,2,1510,180.0
0,3,1510,330.0
0,4,1510,320.0
0,0,1511,170.0
0,1,1511,290.0
0,2,1511,1020.0
0,3,1511,680.0
0,4,1511,440.0
0,0,1512,700.0
0,1,1512,260.0
0,2,1512,290.0
0,3,1512,340.0
0,4,1512,120.0
0,0,1513,730.0
0,1,1513,230.0
0,2,1513,250.0
0,3,1513,890.0
0,4,1513,350.0
0,0,1514,210.0
0,1,1514,210.0
0,2,1514,250.0
0,3,1514,640.0
0,4,1514,260.0
0,0,1515,210.0
0,1,1515,270.0
0,2,1515,250.0
0,3,1515,810.0
0,4,1515,470.0
0,0,1516,280.0
0,1,1516,330.0
0,2,1516,230.0
0,3,1516,370.0
0,4,1516,240.0
0,0,1517,180.0
0,1,1517,230.0
0,2,1517,260.0
0,3,1517,550.0
0,4,1517,120.0
0,0,1518,290.0
0,1,1518,440.0
0,2,1518,180.0
0,3,1518,520.0
0,4,1518,450.0
0,0,1519,310.0
0,1,1519,400.0
0,2,1519,230.0
0,3,1519,250.0
0,4,1519,250.0
0,0,1520,190.0
0,1,1520,260.0
0,2,1520,250.0
0,3,1520,870.0
0,4,1520,260.0
0,0,1521,240.0
0,1,1521,250.0
0,2,1521,220.0
0,3,1521,140.0
0,4,1521,110.0
0,0,1522,230.0
0,1,1522,470.0
0,2,1522,300.0
0,3,1522,680.0
0,4,1522,320.0
0,0,1523,210.0
0,1,1523,380.0
0,2,1523,300.0
0,3,1523,580.0
0,4,1523,320.0
0,0,1524,220.0
0,1,1524,210.0
0,2,1524,260.0
0,3,1524,420.0
0,4,1524,210.0
0,0,1525,170.0
0,1,1525,520.0
0,2,1525,250.0
0,3,1525,210.0
0,4,1525,180.0
0,0,1526,280.0
0,1,1526,880.0
0,2,1526,260.0
0,3,1526,290.0
0,4,1526,210.0
0,0,1527,220.0
0,1,1527,420.0
0,2,1527,240.0
0,3,1527,230.0
0,4,1527,240.0
0,0,1528,220.0
0,1,1528,300.0
0,2,1528,260.0
0,3,1528,760.0
0,4,1528,250.0
0,0,1529,290.0
0,1,1529,210.0
0,2,1529,380.0
0,3,1529,560.0
0,4,1529,520.0
0,0,1530,430.0
0,1,1530,230.0
0,2,1530,210.0
0,3,1530,290.0
0,4,1530,520.0
0,0,1531,180.0
0,1,1531,240.0
0,2,1531,300.0
0,3,1531,990.0
0,4,1531,70.0
0,0,1532,210.0
0,1,1532,250.0
0,2,1532,260.0
0,3,1532,710.0
0,4,1532,120.0
0,0,1533,200.0
0,1,1533,520.0
0,2,1533,310.0
0,3,1533,780.0
0,4,1533,80.0
0,0,1534,180.0
0,1,1534,310.0
0,2,1534,210.0
0,3,1534,290.0
0,4,1534,220.0
0,0,1535,150.0
0,1,1535,230.0
0,2,1535,170.0
0,3,1535,430.0
0,4,1535,910.0
0,0,1536,740.0
0,1,1536,430.0
0,2,1536,320.0
0,3,1536,210.0
0,4,1536,250.0
0,0,1537,190.0
0,1,1537,310.0
0,2,1537,260.0
0,3,1537,740.0
0,4,1537,90.0
0,0,1538,320.0
0,1,1538,840.0
0,2,1538,890.0
0,3,1538,280.0
0,4,1538,520.0
0,0,1539,380.0
0,1,1539,300.0
0,2,1539,250.0
0,3,1539,1750.0
0,4,1539,260.0
0,0,1540,150.0
0,1,1540,450.0
0,2,1540,270.0
0,3,1540,670.0
0,4,1540,450.0
0,0,1541,190.0
0,1,1541,320.0
0,2,1541,210.0
0,3,1541,410.0
0,4,1541,330.0
0,0,1542,360.0
0,1,1542,190.0
0,2,1542,220.0
0,3,1542,1160.0
0,4,1542,260.0
0,0,1543,220.0
0,1,1543,520.0
0,2,1543,320.0
0,3,1543,480.0
0,4,1543,310.0
0,0,1544,250.0
0,1,1544,210.0
0,2,1544,240.0
0,3,1544,420.0
0,4,1544,130.0
0,0,1545,290.0
0,1,1545,230.0
0,2,1545,150.0
0,3,1545,440.0
0,4,1545,470.0
0,0,1546,260.0
0,1,1546,460.0
0,2,1546,210.0
0,3,1546,110.0
0,4,1546,500.0
0,0,1547,220.0
0,1,1547,190.0
0,2,1547,140.0
0,3,1547,120.0
0,4,1547,560.0
0,0,1548,290.0
0,1,1548,230.0
0,2,1548,270.0
0,3,1548,160.0
0,4,1548,500.0
0,0,1549,160.0
0,1,1549,290.0
0,2,1549,190.0
0,3,1549,910.0
0,4,1549,370.0
0,0,1550,310.0
0,1,1550,480.0
0,2,1550,260.0
0,3,1550,510.0
0,4,1550,230.0
0,0,1551,280.0
0,1,1551,530.0
0,2,1551,140.0
0,3,1551,430.0
0,4,1551,220.0
0,0,1552,280.0
0,1,1552,270.0
0,2,1552,170.0
0,3,1552,440.0
0,4,1552,170.0
0,0,1553,210.0
0,1,1553,250.0
0,2,1553,170.0
0,3,1553,500.0
0,4,1553,430.0
0,0,1554,430.0
0,1,1554,500.0
0,2,1554,280.0
0,3,1554,450.0
0,4,1554,490.0
0,0,1555,190.0
0,1,1555,230.0
0,2,1555,150.0
0,3,1555,370.0
0,4,1555,280.0
0,0,1556,470.0
0,1,1556,500.0
0,2,1556,190.0
0,3,1556,560.0
0,4,1556,870.0
0,0,1557,230.0
0,1,1557,310.0
0,2,1557,210.0
0,3,1557,390.0
0,4,1557,270.0
0,0,1558,260.0
0,1,1558,190.0
0,2,1558,120.0
0,3,1558,580.0
0,4,1558,190.0
0,0,1559,590.0
0,1,1559,580.0
0,2,1559,280.0
0,3,1559,490.0
0,4,1559,300.0
0,0,1560,260.0
0,1,1560,270.0
0,2,1560,650.0
0,3,1560,750.0
0,4,1560,310.0
0,0,1561,360.0
0,1,1561,420.0
0,2,1561,170.0
0,3,1561,740.0
0,4,1561,280.0
0,0,1562,330.0
0,1,1562,310.0
0,2,1562,450.0
0,3,1562,320.0
0,4,1562,280.0
0,0,1563,190.0
0,1,1563,230.0
0,2,1563,210.0
0,3,1563,640.0
0,4,1563,350.0
0,0,1564,700.0
0,1,1564,560.0
0,2,1564,290.0
0,3,1564,120.0
0,4,1564,450.0
0,0,1565,190.0
0,1,1565,230.0
0,2,1565,380.0
0,3,1565,320.0
0,4,1565,280.0
0,0,1566,350.0
0,1,1566,210.0
0,2,1566,270.0
0,3,1566,390.0
0,4,1566,260.0
0,0,1567,150.0
0,1,1567,540.0
0,2,1567,1810.0
0,3,1567,410.0
0,4,1567,300.0
0,0,1568,140.0
0,1,1568,270.0
0,2,1568,200.0
0,3,1568,960.0
0,4,1568,110.0
0,0,1569,130.0
0,1,1569,410.0
0,2,1569,160.0
0,3,1569,400.0
0,4,1569,220.0
0,0,1570,180.0
0,1,1570,270.0
0,2,1570,340.0
0,3,1570,450.0
0,4,1570,290.0
0,0,1571,160.0
0,1,1571,830.0
0,2,1571,150.0
0,3,1571,300.0
0,4,1571,90.0
0,0,1572,280.0
0,1,1572,290.0
0,2,1572,320.0
0,3,1572,830.0
0,4,1572,880.0
0,0,1573,500.0
0,1,1573,420.0
0,2,1573,500.0
0,3,1573,190.0
0,4,1573,300.0
0,0,1574,200.0
0,1,1574,170.0
0,2,1574,290.0
0,3,1574,440.0
0,4,1574,500.0
0,0,1575,100.0
0,1,1575,260.0
0,2,1575,300.0
0,3,1575,360.0
0,4,1575,250.0
0,0,1576,180.0
0,1,1576,330.0
0,2,1576,310.0
0,3,1576,710.0
0,4,1576,270.0
0,0,1577,200.0
0,1,1577,870.0
0,2,1577,210.0
0,3,1577,440.0
0,4,1577,200.0
0,0,1578,130.0
0,1,1578,250.0
0,2,1578,340.0
0,3,1578,500.0
0,4,1578,320.0
0,0,1579,250.0
0,1,1579,440.0
0,2,1579,360.0
0,3,1579,610.0
0,4,1579,290.0
0,0,1580,280.0
0,1,1580,240.0
0,2,1580,400.0
0,3,1580,380.0
0,4,1580,500.0
0,0,1581,290.0
0,1,1581,310.0
0,2,1581,390.0
0,3,1581,230.0
0,4,1581,500.0
0,0,1582,240.0
0,1,1582,260.0
0,2,1582,290.0
0,3,1582,340.0
0,4,1582,250.0
0,0,1583,500.0
0,1,1583,220.0
0,2,1583,530.0
0,3,1583,100.0
0,4,1583,260.0
0,0,1584,330.0
0,1,1584,430.0
0,2,1584,1040.0
0,3,1584,370.0
0,4,1584,310.0
0,0,1585,320.0
0,1,1585,830.0
0,2,1585,150.0
0,3,1585,280.0
0,4,1585,300.0
0,0,1586,210.0
0,1,1586,210.0
0,2,1586,240.0
0,3,1586,270.0
0,4,1586,110.0
0,0,1587,180.0
0,1,1587,510.0
0,2,1587,210.0
0,3,1587,540.0
0,4,1587,240.0
0,0,1588,250.0
0,1,1588,230.0
0,2,1588,130.0
0,3,1588,350.0
0,4,1588,120.0
0,0,1589,250.0
0,1,1589,310.0
0,2,1589,310.0
0,3,1589,500.0
0,4,1589,230.0
0,0,1590,90.0
0,1,1590,280.0
0,2,1590,230.0
0,3,1590,460.0
0,4,1590,250.0
0,0,1591,140.0
0,1,1591,480.0
0,2,1591,240.0
0,3,1591,110.0
0,4,1591,120.0
0,0,1592,370.0
0,1,1592,450.0
0,2,1592,150.0
0,3,1592,240.0
0,4,1592,270.0
0,0,1593,260.0
0,1,1593,310.0
0,2,1593,240.0
0,3,1593,150.0
0,4,1593,120.0
0,0,1594,180.0
0,1,1594,500.0
0,2,1594,260.0
0,3,1594,540.0
0,4,1594,440.0
0,0,1595,270.0
0,1,1595,190.0
0,2,1595,230.0
0,3,1595,120.0
0,4,1595,280.0
0,0,1596,270.0
0,1,1596,230.0
0,2,1596,270.0
0,3,1596,900.0
0,4,1596,230.0
0,0,1597,280.0
0,1,1597,710.0
0,2,1597,380.0
0,3,1597,270.0
0,4,1597,310.0
0,0,1598,280.0
0,1,1598,470.0
0,2,1598,130.0
0,3,1598,170.0
0,4,1598,510.0
0,0,1599,280.0
0,1,1599,300.0
0,2,1599,180.0
0,3,1599,1830.0
0,4,1599,520.0
0,0,1600,170.0
0,1,1600,70.0
0,2,1600,270.0
0,3,1600,770.0
0,4,1600,250.0
0,0,1601,330.0
0,1,1601,250.0
0,2,1601,240.0
0,3,1601,440.0
0,4,1601,1810.0
0,0,1602,270.0
0,1,1602,450.0
0,2,1602,400.0
0,3,1602,1050.0
0,4,1602,200.0
0,0,1603,220.0
0,1,1603,490.0
0,2,1603,160.0
0,3,1603,270.0
0,4,1603,300.0
0,0,1604,270.0
0,1,1604,510.0
0,2,1604,290.0
0,3,1604,490.0
0,4,1604,910.0
0,0,1605,280.0
0,1,1605,310.0
0,2,1605,250.0
0,3,1605,260.0
0,4,1605,250.0
0,0,1606,190.0
0,1,1606,230.0
0,2,1606,240.0
0,3,1606,340.0
0,4,1606,510.0
0,0,1607,300.0
0,1,1607,220.0
0,2,1607,240.0
0,3,1607,250.0
0,4,1607,260.0
0,0,1608,180.0
0,1,1608,500.0
0,2,1608,150.0
0,3,1608,1720.0
0,4,1608,440.0
0,0,1609,440.0
0,1,1609,200.0
0,2,1609,490.0
0,3,1609,320.0
0,4,1609,110.0
0,0,1610,590.0
0,1,1610,450.0
0,2,1610,270.0
0,3,1610,560.0
0,4,1610,210.0
0,0,1611,190.0
0,1,1611,190.0
0,2,1611,210.0
0,3,1611,490.0
0,4,1611,310.0
0,0,1612,350.0
0,1,1612,230.0
0,2,1612,230.0
0,3,1612,1000.0
0,4,1612,520.0
0,0,1613,270.0
0,1,1613,250.0
0,2,1613,600.0
0,3,1613,420.0
0,4,1613,250.0
0,0,1614,230.0
0,1,1614,250.0
0,2,1614,150.0
0,3,1614,660.0
0,4,1614,310.0
0,0,1615,280.0
0,1,1615,240.0
0,2,1615,370.0
0,3,1615,480.0
0,4,1615,210.0
0,0,1616,250.0
0,1,1616,520.0
0,2,1616,290.0
0,3,1616,610.0
0,4,1616,390.0
0,0,1617,250.0
0,1,1617,300.0
0,2,1617,220.0
0,3,1617,190.0
0,4,1617,300.0
0,0,1618,190.0
0,1,1618,230.0
0,2,1618,310.0
0,3,1618,1810.0
0,4,1618,480.0
0,0,1619,290.0
0,1,1619,260.0
0,2,1619,230.0
0,3,1619,380.0
0,4,1619,850.0
0,0,1620,400.0
0,1,1620,220.0
0,2,1620,280.0
0,3,1620,340.0
0,4,1620,570.0
0,0,1621,260.0
0,1,1621,250.0
0,2,1621,300.0
0,3,1621,460.0
0,4,1621,500.0
0,0,1622,260.0
0,1,1622,220.0
0,2,1622,150.0
0,3,1622,530.0
0,4,1622,300.0
0,0,1623,190.0
0,1,1623,210.0
0,2,1623,530.0
0,3,1623,500.0
0,4,1623,270.0
0,0,1624,180.0
0,1,1624,230.0
0,2,1624,250.0
0,3,1624,480.0
0,4,1624,240.0
0,0,1625,240.0
0,1,1625,430.0
0,2,1625,160.0
0,3,1625,360.0
0,4,1625,310.0
0,0,1626,250.0
0,1,1626,260.0
0,2,1626,200.0
0,3,1626,120.0
0,4,1626,200.0
0,0,1627,710.0
0,1,1627,240.0
0,2,1627,240.0
0,3,1627,190.0
0,4,1627,420.0
0,0,1628,270.0
0,1,1628,120.0
0,2,1628,290.0
0,3,1628,220.0
0,4,1628,250.0
0,0,1629,230.0
0,1,1629,110.0
0,2,1629,260.0
0,3,1629,530.0
0,4,1629,270.0
0,0,1630,140.0
0,1,1630,210.0
0,2,1630,340.0
0,3,1630,300.0
0,4,1630,340.0
0,0,1631,230.0
0,1,1631,410.0
0,2,1631,200.0
0,3,1631,270.0
0,4,1631,240.0
0,0,1632,280.0
0,1,1632,460.0
0,2,1632,440.0
0,3,1632,490.0
0,4,1632,450.0
0,0,1633,140.0
0,1,1633,310.0
0,2,1633,190.0
0,3,1633,400.0
0,4,1633,210.0
0,0,1634,170.0
0,1,1634,290.0
0,2,1634,300.0
0,3,1634,460.0
0,4,1634,280.0
0,0,1635,310.0
0,1,1635,500.0
0,2,1635,260.0
0,3,1635,920.0
0,4,1635,410.0
0,0,1636,200.0
0,1,1636,260.0
0,2,1636,180.0
0,3,1636,200.0
0,4,1636,500.0
0,0,1637,340.0
0,1,1637,530.0
0,2,1637,240.0
0,3,1637,690.0
0,4,1637,270.0
0,0,1638,300.0
0,1,1638,240.0
0,2,1638,230.0
0,3,1638,440.0
0,4,1638,320.0
0,0,1639,300.0
0,1,1639,320.0
0,2,1639,210.0
0,3,1639,520.0
0,4,1639,250.0
0,0,1640,290.0
0,1,1640,320.0
0,2,1640,210.0
0,3,1640,470.0
0,4,1640,310.0
0,0,1641,570.0
0,1,1641,500.0
0,2,1641,280.0
0,3,1641,300.0
0,4,1641,300.0
0,0,1642,120.0
0,1,1642,450.0
0,2,1642,290.0
0,3,1642,740.0
0,4,1642,190.0
0,0,1643,240.0
0,1,1643,450.0
0,2,1643,320.0
0,3,1643,510.0
0,4,1643,530.0
0,0,1644,260.0
0,1,1644,480.0
0,2,1644,240.0
0,3,1644,340.0
0,4,1644,240.0
0,0,1645,230.0
0,1,1645,250.0
0,2,1645,330.0
0,3,1645,730.0
0,4,1645,90.0
0,0,1646,180.0
0,1,1646,210.0
0,2,1646,230.0
0,3,1646,300.0
0,4,1646,320.0
0,0,1647,250.0
0,1,1647,200.0
0,2,1647,330.0
0,3,1647,630.0
0,4,1647,460.0
0,0,1648,230.0
0,1,1648,520.0
0,2,1648,350.0
0,3,1648,880.0
0,4,1648,260.0
0,0,1649,260.0
0,1,1649,260.0
0,2,1649,180.0
0,3,1649,310.0
0,4,1649,250.0
0,0,1650,220.0
0,1,1650,230.0
0,2,1650,250.0
0,3,1650,520.0
0,4,1650,290.0
0,0,1651,270.0
0,1,1651,200.0
0,2,1651,270.0
0,3,1651,670.0
0,4,1651,190.0
0,0,1652,270.0
0,1,1652,230.0
0,2,1652,260.0
0,3,1652,470.0
0,4,1652,320.0
0,0,1653,310.0
0,1,1653,210.0
0,2,1653,140.0
0,3,1653,90.0
0,4,1653,260.0
0,0,1654,370.0
0,1,1654,520.0
0,2,1654,140.0
0,3,1654,550.0
0,4,1654,220.0
0,0,1655,940.0
0,1,1655,200.0
0,2,1655,330.0
0,3,1655,1710.0
0,4,1655,460.0
0,0,1656,280.0
0,1,1656,500.0
0,2,1656,200.0
0,3,1656,80.0
0,4,1656,250.0
0,0,1657,210.0
0,1,1657,250.0
0,2,1657,330.0
0,3,1657,310.0
0,4,1657,210.0
0,0,1658,240.0
0,1,1658,310.0
0,2,1658,230.0
0,3,1658,660.0
0,4,1658,440.0
0,0,1659,220.0
0,1,1659,260.0
0,2,1659,260.0
0,3,1659,340.0
0,4,1659,210.0
0,0,1660,230.0
0,1,1660,180.0
0,2,1660,280.0
0,3,1660,210.0
0,4,1660,300.0
0,0,1661,160.0
0,1,1661,600.0
0,2,1661,320.0
0,3,1661,430.0
0,4,1661,450.0
0,0,1662,380.0
0,1,1662,450.0
0,2,1662,370.0
0,3,1662,150.0
0,4,1662,280.0
0,0,1663,240.0
0,1,1663,200.0
0,2,1663,280.0
0,3,1663,570.0
0,4,1663,490.0
0,0,1664,170.0
0,1,1664,300.0
0,2,1664,220.0
0,3,1664,280.0
0,4,1664,330.0
0,0,1665,250.0
0,1,1665,230.0
0,2,1665,250.0
0,3,1665,900.0
0,4,1665,320.0
0,0,1666,190.0
0,1,1666,320.0
0,2,1666,210.0
0,3,1666,570.0
0,4,1666,200.0
0,0,1667,290.0
0,1,1667,250.0
0,2,1667,200.0
0,3,1667,250.0
0,4,1667,480.0
0,0,1668,260.0
0,1,1668,860.0
0,2,1668,530.0
0,3,1668,490.0
0,4,1668,200.0
0,0,1669,300.0
0,1,1669,830.0
0,2,1669,260.0
0,3,1669,450.0
0,4,1669,320.0
0,0,1670,340.0
0,1,1670,520.0
0,2,1670,260.0
0,3,1670,1040.0
0,4,1670,240.0
0,0,1671,360.0
0,1,1671,250.0
0,2,1671,210.0
0,3,1671,260.0
0,4,1671,330.0
0,0,1672,330.0
0,1,1672,1650.0
0,2,1672,270.0
0,3,1672,200.0
0,4,1672,260.0
0,0,1673,290.0
0,1,1673,110.0
0,2,1673,180.0
0,3,1673,240.0
0,4,1673,810.0
0,0,1674,350.0
0,1,1674,320.0
0,2,1674,180.0
0,3,1674,160.0
0,4,1674,480.0
0,0,1675,180.0
0,1,1675,840.0
0,2,1675,250.0
0,3,1675,180.0
0,4,1675,260.0
0,0,1676,280.0
0,1,1676,380.0
0,2,1676,180.0
0,3,1676,260.0
0,4,1676,290.0
0,0,1677,610.0
0,1,1677,290.0
0,2,1677,150.0
0,3,1677,480.0
0,4,1677,190.0
0,0,1678,1170.0
0,1,1678,270.0
0,2,1678,270.0
0,3,1678,310.0
0,4,1678,250.0
0,0,1679,330.0
0,1,1679,260.0
0,2,1679,380.0
0,3,1679,380.0
0,4,1679,240.0
0,0,1680,360.0
0,1,1680,280.0
0,2,1680,280.0
0,3,1680,980.0
0,4,1680,250.0
0,0,1681,240.0
0,1,1681,290.0
0,2,1681,400.0
0,3,1681,490.0
0,4,1681,460.0
0,0,1682,210.0
0,1,1682,320.0
0,2,1682,210.0
0,3,1682,220.0
0,4,1682,250.0
0,0,1683,290.0
0,1,1683,440.0
0,2,1683,270.0
0,3,1683,120.0
0,4,1683,190.0
0,0,1684,260.0
0,1,1684,500.0
0,2,1684,280.0
0,3,1684,1090.0
0,4,1684,540.0
0,0,1685,620.0
0,1,1685,240.0
0,2,1685,220.0
0,3,1685,270.0
0,4,1685,440.0
0,0,1686,210.0
0,1,1686,360.0
0,2,1686,290.0
0,3,1686,220.0
0,4,1686,70.0
0,0,1687,160.0
0,1,1687,270.0
0,2,1687,400.0
0,3,1687,650.0
0,4,1687,530.0
0,0,1688,500.0
0,1,1688,410.0
0,2,1688,160.0
0,3,1688,380.0
0,4,1688,220.0
0,0,1689,280.0
0,1,1689,360.0
0,2,1689,240.0
0,3,1689,480.0
0,4,1689,210.0
0,0,1690,170.0
0,1,1690,250.0
0,2,1690,210.0
0,3,1690,230.0
0,4,1690,510.0
0,0,1691,310.0
0,1,1691,910.0
0,2,1691,180.0
0,3,1691,530.0
0,4,1691,320.0
0,0,1692,340.0
0,1,1692,230.0
0,2,1692,180.0
0,3,1692,410.0
0,4,1692,390.0
0,0,1693,1800.0
0,1,1693,940.0
0,2,1693,270.0
0,3,1693,170.0
0,4,1693,320.0
0,0,1694,180.0
0,1,1694,320.0
0,2,1694,210.0
0,3,1694,450.0
0,4,1694,310.0
0,0,1695,370.0
0,1,1695,380.0
0,2,1695,360.0
0,3,1695,1000.0
0,4,1695,110.0
0,0,1696,460.0
0,1,1696,240.0
0,2,1696,220.0
0,3,1696,120.0
0,4,1696,120.0
0,0,1697,410.0
0,1,1697,240.0
0,2,1697,260.0
0,3,1697,280.0
0,4,1697,310.0
0,0,1698,400.0
0,1,1698,430.0
0,2,1698,200.0
0,3,1698,280.0
0,4,1698,470.0
0,0,1699,560.0
0,1,1699,210.0
0,2,1699,230.0
0,3,1699,280.0
0,4,1699,290.0
0,0,1700,350.0
0,1,1700,250.0
0,2,1700,340.0
0,3,1700,450.0
0,4,1700,450.0
0,0,1701,960.0
0,1,1701,260.0
0,2,1701,290.0
0,3,1701,670.0
0,4,1701,510.0
0,0,1702,280.0
0,1,1702,280.0
0,2,1702,590.0
0,3,1702,310.0
0,4,1702,780.0
0,0,1703,470.0
0,1,1703,300.0
0,2,1703,440.0
0,3,1703,460.0
0,4,1703,220.0
0,0,1704,460.0
0,1,1704,430.0
0,2,1704,290.0
0,3,1704,530.0
0,4,1704,220.0
0,0,1705,420.0
0,1,1705,410.0
0,2,1705,250.0
0,3,1705,200.0
0,4,1705,320.0
0,0,1706,1020.0
0,1,1706,230.0
0,2,1706,170.0
0,3,1706,310.0
0,4,1706,380.0
0,0,1707,180.0
0,1,1707,230.0
0,2,1707,230.0
0,3,1707,290.0
0,4,1707,120.0
0,0,1708,230.0
0,1,1708,410.0
0,2,1708,460.0
0,3,1708,370.0
0,4,1708,240.0
0,0,1709,200.0
0,1,1709,440.0
0,2,1709,410.0
0,3,1709,370.0
0,4,1709,1620.0
0,0,1710,250.0
0,1,1710,450.0
0,2,1710,350.0
0,3,1710,590.0
0,4,1710,110.0
0,0,1711,270.0
0,1,1711,280.0
0,2,1711,250.0
0,3,1711,630.0
0,4,1711,720.0
0,0,1712,310.0
0,1,1712,290.0
0,2,1712,510.0
0,3,1712,370.0
0,4,1712,180.0
0,0,1713,230.0
0,1,1713,310.0
0,2,1713,460.0
0,3,1713,120.0
0,4,1713,220.0
0,0,1714,220.0
0,1,1714,240.0
0,2,1714,400.0
0,3,1714,310.0
0,4,1714,430.0
0,0,1715,210.0
0,1,1715,510.0
0,2,1715,180.0
0,3,1715,150.0
0,4,1715,140.0
0,0,1716,110.0
0,1,1716,240.0
0,2,1716,260.0
0,3,1716,210.0
0,4,1716,120.0
0,0,1717,220.0
0,1,1717,570.0
0,2,1717,350.0
0,3,1717,490.0
0,4,1717,250.0
0,0,1718,140.0
0,1,1718,250.0
0,2,1718,270.0
0,3,1718,620.0
0,4,1718,260.0
0,0,1719,300.0
0,1,1719,290.0
0,2,1719,330.0
0,3,1719,370.0
0,4,1719,260.0
0,0,1720,240.0
0,1,1720,260.0
0,2,1720,180.0
0,3,1720,170.0
0,4,1720,270.0
0,0,1721,220.0
0,1,1721,530.0
0,2,1721,230.0
0,3,1721,440.0
0,4,1721,120.0
0,0,1722,300.0
0,1,1722,250.0
0,2,1722,220.0
0,3,1722,340.0
0,4,1722,90.0
0,0,1723,230.0
0,1,1723,190.0
0,2,1723,220.0
0,3,1723,250.0
0,4,1723,510.0
0,0,1724,220.0
0,1,1724,310.0
0,2,1724,250.0
0,3,1724,290.0
0,4,1724,330.0
0,0,1725,720.0
0,1,1725,630.0
0,2,1725,230.0
0,3,1725,350.0
0,4,1725,360.0
0,0,1726,300.0
0,1,1726,830.0
0,2,1726,190.0
0,3,1726,420.0
0,4,1726,540.0
0,0,1727,340.0
0,1,1727,250.0
0,2,1727,230.0
0,3,1727,820.0
0,4,1727,190.0
0,0,1728,340.0
0,1,1728,140.0
0,2,1728,160.0
0,3,1728,230.0
0,4,1728,280.0
0,0,1729,260.0
0,1,1729,210.0
0,2,1729,200.0
0,3,1729,290.0
0,4,1729,350.0
0,0,1730,360.0
0,1,1730,250.0
0,2,1730,360.0
0,3,1730,280.0
0,4,1730,330.0
0,0,1731,160.0
0,1,1731,310.0
0,2,1731,460.0
0,3,1731,320.0
0,4,1731,250.0
0,0,1732,320.0
0,1,1732,280.0
0,2,1732,210.0
0,3,1732,210.0
0,4,1732,230.0
0,0,1733,350.0
0,1,1733,510.0
0,2,1733,250.0
0,3,1733,350.0
0,4,1733,520.0
0,0,1734,260.0
0,1,1734,270.0
0,2,1734,360.0
0,3,1734,130.0
0,4,1734,260.0
0,0,1735,220.0
0,1,1735,500.0
0,2,1735,240.0
0,3,1735,150.0
0,4,1735,350.0
0,0,1736,310.0
0,1,1736,440.0
0,2,1736,250.0
0,3,1736,460.0
0,4,1736,250.0
0,0,1737,230.0
0,1,1737,260.0
0,2,1737,280.0
0,3,1737,890.0
0,4,1737,300.0
0,0,1738,470.0
0,1,1738,210.0
0,2,1738,500.0
0,3,1738,340.0
0,4,1738,330.0
0,0,1739,190.0
0,1,1739,260.0
0,2,1739,230.0
0,3,1739,260.0
0,4,1739,240.0
0,0,1740,320.0
0,1,1740,220.0
0,2,1740,170.0
0,3,1740,480.0
0,4,1740,840.0
0,0,1741,280.0
0,1,1741,180.0
0,2,1741,370.0
0,3,1741,250.0
0,4,1741,430.0
0,0,1742,320.0
0,1,1742,260.0
0,2,1742,420.0
0,3,1742,550.0
0,4,1742,460.0
0,0,1743,360.0
0,1,1743,210.0
0,2,1743,300.0
0,3,1743,1220.0
0,4,1743,200.0
0,0,1744,140.0
0,1,1744,310.0
0,2,1744,290.0
0,3,1744,430.0
0,4,1744,310.0
0,0,1745,270.0
0,1,1745,420.0
0,2,1745,250.0
0,3,1745,1040.0
0,4,1745,570.0
0,0,1746,220.0
0,1,1746,310.0
0,2,1746,180.0
0,3,1746,520.0
0,4,1746,260.0
0,0,1747,260.0
0,1,1747,600.0
0,2,1747,220.0
0,3,1747,340.0
0,4,1747,210.0
0,0,1748,140.0
0,1,1748,340.0
0,2,1748,300.0
0,3,1748,180.0
0,4,1748,260.0
0,0,1749,600.0
0,1,1749,630.0
0,2,1749,230.0
0,3,1749,490.0
0,4,1749,310.0
0,0,1750,350.0
0,1,1750,520.0
0,2,1750,230.0
0,3,1750,720.0
0,4,1750,230.0
0,0,1751,200.0
0,1,1751,830.0
0,2,1751,610.0
0,3,1751,1150.0
0,4,1751,180.0
0,0,1752,240.0
0,1,1752,440.0
0,2,1752,160.0
0,3,1752,280.0
0,4,1752,1520.0
0,0,1753,200.0
0,1,1753,260.0
0,2,1753,210.0
0,3,1753,280.0
0,4,1753,290.0
0,0,1754,300.0
0,1,1754,460.0
0,2,1754,250.0
0,3,1754,460.0
0,4,1754,100.0
0,0,1755,230.0
0,1,1755,500.0
0,2,1755,170.0
0,3,1755,900.0
0,4,1755,210.0
0,0,1756,320.0
0,1,1756,230.0
0,2,1756,210.0
0,3,1756,650.0
0,4,1756,220.0
0,0,1757,300.0
0,1,1757,240.0
0,2,1757,300.0
0,3,1757,600.0
0,4,1757,530.0
0,0,1758,340.0
0,1,1758,220.0
0,2,1758,200.0
0,3,1758,690.0
0,4,1758,230.0
0,0,1759,250.0
0,1,1759,240.0
0,2,1759,200.0
0,3,1759,450.0
0,4,1759,340.0
0,0,1760,270.0
0,1,1760,250.0
0,2,1760,170.0
0,3,1760,690.0
0,4,1760,430.0
0,0,1761,320.0
0,1,1761,250.0
0,2,1761,340.0
0,3,1761,1830.0
0,4,1761,860.0
0,0,1762,310.0
0,1,1762,320.0
0,2,1762,260.0
0,3,1762,350.0
0,4,1762,440.0
0,0,1763,250.0
0,1,1763,830.0
0,2,1763,250.0
0,3,1763,530.0
0,4,1763,230.0
0,0,1764,340.0
0,1,1764,520.0
0,2,1764,160.0
0,3,1764,300.0
0,4,1764,450.0
0,0,1765,210.0
0,1,1765,230.0
0,2,1765,300.0
0,3,1765,350.0
0,4,1765,520.0
0,0,1766,340.0
0,1,1766,300.0
0,2,1766,190.0
0,3,1766,150.0
0,4,1766,210.0
0,0,1767,300.0
0,1,1767,250.0
0,2,1767,140.0
0,3,1767,380.0
0,4,1767,260.0
0,0,1768,220.0
0,1,1768,400.0
0,2,1768,290.0
0,3,1768,920.0
0,4,1768,530.0
0,0,1769,540.0
0,1,1769,250.0
0,2,1769,280.0
0,3,1769,930.0
0,4,1769,160.0
0,0,1770,630.0
0,1,1770,230.0
0,2,1770,210.0
0,3,1770,400.0
0,4,1770,110.0
0,0,1771,340.0
0,1,1771,290.0
0,2,1771,200.0
0,3,1771,290.0
0,4,1771,860.0
0,0,1772,200.0
0,1,1772,250.0
0,2,1772,350.0
0,3,1772,280.0
0,4,1772,480.0
0,0,1773,190.0
0,1,1773,320.0
0,2,1773,770.0
0,3,1773,500.0
0,4,1773,260.0
0,0,1774,470.0
0,1,1774,510.0
0,2,1774,180.0
0,3,1774,340.0
0,4,1774,320.0
0,0,1775,140.0
0,1,1775,520.0
0,2,1775,260.0
0,3,1775,250.0
0,4,1775,250.0
0,0,1776,240.0
0,1,1776,510.0
0,2,1776,290.0
0,3,1776,720.0
0,4,1776,280.0
0,0,1777,360.0
0,1,1777,490.0
0,2,1777,340.0
0,3,1777,680.0
0,4,1777,420.0
0,0,1778,180.0
0,1,1778,230.0
0,2,1778,240.0
0,3,1778,360.0
0,4,1778,430.0
0,0,1779,250.0
0,1,1779,260.0
0,2,1779,200.0
0,3,1779,690.0
0,4,1779,310.0
0,0,1780,310.0
0,1,1780,210.0
0,2,1780,170.0
0,3,1780,420.0
0,4,1780,210.0
0,0,1781,210.0
0,1,1781,290.0
0,2,1781,190.0
0,3,1781,180.0
0,4,1781,210.0
0,0,1782,160.0
0,1,1782,270.0
0,2,1782,130.0
0,3,1782,380.0
0,4,1782,520.0
0,0,1783,220.0
0,1,1783,870.0
0,2,1783,280.0
0,3,1783,370.0
0,4,1783,330.0
0,0,1784,190.0
0,1,1784,450.0
0,2,1784,320.0
0,3,1784,1690.0
0,4,1784,210.0
0,0,1785,210.0
0,1,1785,70.0
0,2,1785,190.0
0,3,1785,400.0
0,4,1785,270.0
0,0,1786,330.0
0,1,1786,310.0
0,2,1786,230.0
0,3,1786,400.0
0,4,1786,350.0
0,0,1787,200.0
0,1,1787,310.0
0,2,1787,280.0
0,3,1787,500.0
0,4,1787,280.0
0,0,1788,270.0
0,1,1788,190.0
0,2,1788,330.0
0,3,1788,290.0
0,4,1788,250.0
0,0,1789,160.0
0,1,1789,260.0
0,2,1789,230.0
0,3,1789,1360.0
0,4,1789,210.0
0,0,1790,290.0
0,1,1790,840.0
0,2,1790,580.0
0,3,1790,290.0
0,4,1790,440.0
0,0,1791,170.0
0,1,1791,520.0
0,2,1791,260.0
0,3,1791,230.0
0,4,1791,170.0
0,0,1792,970.0
0,1,1792,450.0
0,2,1792,530.0
0,3,1792,960.0
0,4,1792,500.0
0,0,1793,140.0
0,1,1793,240.0
0,2,1793,220.0
0,3,1793,550.0
0,4,1793,430.0
0,0,1794,310.0
0,1,1794,520.0
0,2,1794,240.0
0,3,1794,850.0
0,4,1794,250.0
0,0,1795,390.0
0,1,1795,310.0
0,2,1795,230.0
0,3,1795,500.0
0,4,1795,910.0
0,0,1796,250.0
0,1,1796,280.0
0,2,1796,250.0
0,3,1796,500.0
0,4,1796,210.0
0,0,1797,340.0
0,1,1797,460.0
0,2,1797,190.0
0,3,1797,400.0
0,4,1797,260.0
0,0,1798,270.0
0,1,1798,290.0
0,2,1798,700.0
0,3,1798,1000.0
0,4,1798,320.0
0,0,1799,190.0
0,1,1799,520.0
0,2,1799,220.0
0,3,1799,530.0
0,4,1799,230.0
