Simulation,Agent,Episode,Reward
0,0,0,360.0
0,1,0,190.0
0,2,0,280.0
0,3,0,140.0
0,4,0,730.0
0,0,1,180.0
0,1,1,410.0
0,2,1,170.0
0,3,1,160.0
0,4,1,170.0
0,0,2,200.0
0,1,2,240.0
0,2,2,420.0
0,3,2,240.0
0,4,2,270.0
0,0,3,290.0
0,1,3,200.0
0,2,3,260.0
0,3,3,790.0
0,4,3,250.0
0,0,4,160.0
0,1,4,410.0
0,2,4,180.0
0,3,4,180.0
0,4,4,180.0
0,0,5,240.0
0,1,5,290.0
0,2,5,250.0
0,3,5,340.0
0,4,5,290.0
0,0,6,240.0
0,1,6,340.0
0,2,6,270.0
0,3,6,340.0
0,4,6,230.0
0,0,7,180.0
0,1,7,210.0
0,2,7,240.0
0,3,7,210.0
0,4,7,270.0
0,0,8,110.0
0,1,8,250.0
0,2,8,160.0
0,3,8,220.0
0,4,8,190.0
0,0,9,310.0
0,1,9,390.0
0,2,9,240.0
0,3,9,150.0
0,4,9,870.0
0,0,10,200.0
0,1,10,290.0
0,2,10,240.0
0,3,10,240.0
0,4,10,240.0
0,0,11,190.0
0,1,11,250.0
0,2,11,240.0
0,3,11,230.0
0,4,11,270.0
0,0,12,170.0
0,1,12,190.0
0,2,12,270.0
0,3,12,360.0
0,4,12,170.0
0,0,13,270.0
0,1,13,340.0
0,2,13,230.0
0,3,13,220.0
0,4,13,210.0
0,0,14,210.0
0,1,14,200.0
0,2,14,170.0
0,3,14,130.0
0,4,14,250.0
0,0,15,330.0
0,1,15,190.0
0,2,15,290.0
0,3,15,240.0
0,4,15,580.0
0,0,16,180.0
0,1,16,600.0
0,2,16,170.0
0,3,16,240.0
0,4,16,160.0
0,0,17,230.0
0,1,17,210.0
0,2,17,480.0
0,3,17,160.0
0,4,17,250.0
0,0,18,240.0
0,1,18,390.0
0,2,18,180.0
0,3,18,270.0
0,4,18,530.0
0,0,19,140.0
0,1,19,210.0
0,2,19,200.0
0,3,19,230.0
0,4,19,130.0
0,0,20,130.0
0,1,20,220.0
0,2,20,270.0
0,3,20,270.0
0,4,20,260.0
0,0,21,210.0
0,1,21,390.0
0,2,21,240.0
0,3,21,220.0
0,4,21,230.0
0,0,22,240.0
0,1,22,260.0
0,2,22,230.0
0,3,22,210.0
0,4,22,240.0
0,0,23,180.0
0,1,23,230.0
0,2,23,240.0
0,3,23,250.0
0,4,23,290.0
0,0,24,330.0
0,1,24,220.0
0,2,24,350.0
0,3,24,230.0
0,4,24,220.0
0,0,25,240.0
0,1,25,150.0
0,2,25,270.0
0,3,25,170.0
0,4,25,170.0
0,0,26,260.0
0,1,26,240.0
0,2,26,380.0
0,3,26,290.0
0,4,26,210.0
0,0,27,280.0
0,1,27,200.0
0,2,27,380.0
0,3,27,210.0
0,4,27,230.0
0,0,28,150.0
0,1,28,240.0
0,2,28,290.0
0,3,28,270.0
0,4,28,260.0
0,0,29,250.0
0,1,29,240.0
0,2,29,230.0
0,3,29,240.0
0,4,29,240.0
0,0,30,530.0
0,1,30,250.0
0,2,30,780.0
0,3,30,220.0
0,4,30,170.0
0,0,31,170.0
0,1,31,530.0
0,2,31,650.0
0,3,31,190.0
0,4,31,280.0
0,0,32,140.0
0,1,32,280.0
0,2,32,270.0
0,3,32,240.0
0,4,32,150.0
0,0,33,270.0
0,1,33,290.0
0,2,33,230.0
0,3,33,160.0
0,4,33,190.0
0,0,34,150.0
0,1,34,420.0
0,2,34,100.0
0,3,34,350.0
0,4,34,330.0
0,0,35,210.0
0,1,35,170.0
0,2,35,210.0
0,3,35,360.0
0,4,35,210.0
0,0,36,350.0
0,1,36,110.0
0,2,36,260.0
0,3,36,530.0
0,4,36,290.0
0,0,37,290.0
0,1,37,240.0
0,2,37,280.0
0,3,37,190.0
0,4,37,220.0
0,0,38,210.0
0,1,38,300.0
0,2,38,240.0
0,3,38,250.0
0,4,38,280.0
0,0,39,270.0
0,1,39,240.0
0,2,39,250.0
0,3,39,250.0
0,4,39,210.0
0,0,40,180.0
0,1,40,260.0
0,2,40,280.0
0,3,40,590.0
0,4,40,170.0
0,0,41,320.0
0,1,41,130.0
0,2,41,370.0
0,3,41,300.0
0,4,41,360.0
0,0,42,220.0
0,1,42,200.0
0,2,42,210.0
0,3,42,300.0
0,4,42,200.0
0,0,43,230.0
0,1,43,340.0
0,2,43,330.0
0,3,43,700.0
0,4,43,340.0
0,0,44,190.0
0,1,44,490.0
0,2,44,240.0
0,3,44,240.0
0,4,44,210.0
0,0,45,210.0
0,1,45,340.0
0,2,45,300.0
0,3,45,570.0
0,4,45,180.0
0,0,46,170.0
0,1,46,290.0
0,2,46,330.0
0,3,46,300.0
0,4,46,350.0
0,0,47,220.0
0,1,47,340.0
0,2,47,190.0
0,3,47,250.0
0,4,47,330.0
0,0,48,370.0
0,1,48,260.0
0,2,48,210.0
0,3,48,200.0
0,4,48,250.0
0,0,49,420.0
0,1,49,200.0
0,2,49,270.0
0,3,49,210.0
0,4,49,250.0
0,0,50,200.0
0,1,50,300.0
0,2,50,260.0
0,3,50,230.0
0,4,50,140.0
0,0,51,280.0
0,1,51,1120.0
0,2,51,280.0
0,3,51,180.0
0,4,51,200.0
0,0,52,250.0
0,1,52,190.0
0,2,52,190.0
0,3,52,260.0
0,4,52,170.0
0,0,53,190.0
0,1,53,210.0
0,2,53,270.0
0,3,53,180.0
0,4,53,210.0
0,0,54,150.0
0,1,54,170.0
0,2,54,310.0
0,3,54,260.0
0,4,54,170.0
0,0,55,170.0
0,1,55,290.0
0,2,55,160.0
0,3,55,140.0
0,4,55,270.0
0,0,56,270.0
0,1,56,220.0
0,2,56,140.0
0,3,56,240.0
0,4,56,150.0
0,0,57,200.0
0,1,57,190.0
0,2,57,310.0
0,3,57,190.0
0,4,57,240.0
0,0,58,300.0
0,1,58,280.0
0,2,58,180.0
0,3,58,190.0
0,4,58,290.0
0,0,59,210.0
0,1,59,420.0
0,2,59,160.0
0,3,59,290.0
0,4,59,210.0
0,0,60,250.0
0,1,60,220.0
0,2,60,320.0
0,3,60,230.0
0,4,60,240.0
0,0,61,210.0
0,1,61,170.0
0,2,61,250.0
0,3,61,180.0
0,4,61,310.0
0,0,62,270.0
0,1,62,300.0
0,2,62,320.0
0,3,62,260.0
0,4,62,220.0
0,0,63,230.0
0,1,63,150.0
0,2,63,290.0
0,3,63,310.0
0,4,63,320.0
0,0,64,130.0
0,1,64,270.0
0,2,64,170.0
0,3,64,190.0
0,4,64,240.0
0,0,65,310.0
0,1,65,250.0
0,2,65,310.0
0,3,65,400.0
0,4,65,170.0
0,0,66,980.0
0,1,66,340.0
0,2,66,210.0
0,3,66,370.0
0,4,66,140.0
0,0,67,260.0
0,1,67,190.0
0,2,67,230.0
0,3,67,190.0
0,4,67,220.0
0,0,68,250.0
0,1,68,210.0
0,2,68,190.0
0,3,68,320.0
0,4,68,100.0
0,0,69,450.0
0,1,69,270.0
0,2,69,240.0
0,3,69,350.0
0,4,69,570.0
0,0,70,450.0
0,1,70,240.0
0,2,70,220.0
0,3,70,110.0
0,4,70,240.0
0,0,71,120.0
0,1,71,180.0
0,2,71,150.0
0,3,71,210.0
0,4,71,220.0
0,0,72,290.0
0,1,72,260.0
0,2,72,260.0
0,3,72,200.0
0,4,72,330.0
0,0,73,190.0
0,1,73,380.0
0,2,73,290.0
0,3,73,310.0
0,4,73,360.0
0,0,74,330.0
0,1,74,130.0
0,2,74,230.0
0,3,74,270.0
0,4,74,140.0
0,0,75,210.0
0,1,75,140.0
0,2,75,200.0
0,3,75,410.0
0,4,75,160.0
0,0,76,200.0
0,1,76,160.0
0,2,76,240.0
0,3,76,190.0
0,4,76,220.0
0,0,77,250.0
0,1,77,230.0
0,2,77,320.0
0,3,77,180.0
0,4,77,240.0
0,0,78,330.0
0,1,78,210.0
0,2,78,350.0
0,3,78,280.0
0,4,78,300.0
0,0,79,260.0
0,1,79,320.0
0,2,79,230.0
0,3,79,220.0
0,4,79,200.0
0,0,80,220.0
0,1,80,260.0
0,2,80,280.0
0,3,80,230.0
0,4,80,210.0
0,0,81,380.0
0,1,81,580.0
0,2,81,230.0
0,3,81,140.0
0,4,81,240.0
0,0,82,140.0
0,1,82,280.0
0,2,82,210.0
0,3,82,250.0
0,4,82,230.0
0,0,83,230.0
0,1,83,310.0
0,2,83,290.0
0,3,83,210.0
0,4,83,690.0
0,0,84,170.0
0,1,84,260.0
0,2,84,200.0
0,3,84,130.0
0,4,84,640.0
0,0,85,240.0
0,1,85,220.0
0,2,85,250.0
0,3,85,370.0
0,4,85,270.0
0,0,86,350.0
0,1,86,250.0
0,2,86,220.0
0,3,86,230.0
0,4,86,210.0
0,0,87,250.0
0,1,87,160.0
0,2,87,200.0
0,3,87,200.0
0,4,87,210.0
0,0,88,150.0
0,1,88,200.0
0,2,88,290.0
0,3,88,210.0
0,4,88,130.0
0,0,89,670.0
0,1,89,230.0
0,2,89,260.0
0,3,89,300.0
0,4,89,470.0
0,0,90,130.0
0,1,90,360.0
0,2,90,290.0
0,3,90,200.0
0,4,90,230.0
0,0,91,190.0
0,1,91,270.0
0,2,91,190.0
0,3,91,380.0
0,4,91,300.0
0,0,92,200.0
0,1,92,340.0
0,2,92,210.0
0,3,92,250.0
0,4,92,330.0
0,0,93,130.0
0,1,93,430.0
0,2,93,200.0
0,3,93,190.0
0,4,93,300.0
0,0,94,280.0
0,1,94,170.0
0,2,94,180.0
0,3,94,230.0
0,4,94,240.0
0,0,95,250.0
0,1,95,270.0
0,2,95,270.0
0,3,95,200.0
0,4,95,120.0
0,0,96,240.0
0,1,96,270.0
0,2,96,260.0
0,3,96,200.0
0,4,96,230.0
0,0,97,310.0
0,1,97,190.0
0,2,97,350.0
0,3,97,220.0
0,4,97,170.0
0,0,98,140.0
0,1,98,320.0
0,2,98,170.0
0,3,98,250.0
0,4,98,300.0
0,0,99,290.0
0,1,99,570.0
0,2,99,270.0
0,3,99,260.0
0,4,99,190.0
0,0,100,190.0
0,1,100,230.0
0,2,100,170.0
0,3,100,280.0
0,4,100,950.0
0,0,101,320.0
0,1,101,190.0
0,2,101,290.0
0,3,101,230.0
0,4,101,240.0
0,0,102,490.0
0,1,102,370.0
0,2,102,190.0
0,3,102,300.0
0,4,102,970.0
0,0,103,270.0
0,1,103,270.0
0,2,103,870.0
0,3,103,350.0
0,4,103,840.0
0,0,104,290.0
0,1,104,380.0
0,2,104,290.0
0,3,104,510.0
0,4,104,60.0
0,0,105,500.0
0,1,105,180.0
0,2,105,310.0
0,3,105,390.0
0,4,105,60.0
0,0,106,490.0
0,1,106,220.0
0,2,106,510.0
0,3,106,480.0
0,4,106,60.0
0,0,107,350.0
0,1,107,270.0
0,2,107,230.0
0,3,107,100.0
0,4,107,70.0
0,0,108,480.0
0,1,108,210.0
0,2,108,250.0
0,3,108,340.0
0,4,108,60.0
0,0,109,350.0
0,1,109,300.0
0,2,109,400.0
0,3,109,240.0
0,4,109,60.0
0,0,110,520.0
0,1,110,280.0
0,2,110,360.0
0,3,110,220.0
0,4,110,60.0
0,0,111,470.0
0,1,111,590.0
0,2,111,270.0
0,3,111,260.0
0,4,111,70.0
0,0,112,190.0
0,1,112,420.0
0,2,112,580.0
0,3,112,320.0
0,4,112,90.0
0,0,113,290.0
0,1,113,190.0
0,2,113,550.0
0,3,113,160.0
0,4,113,70.0
0,0,114,940.0
0,1,114,180.0
0,2,114,300.0
0,3,114,400.0
0,4,114,70.0
0,0,115,290.0
0,1,115,420.0
0,2,115,580.0
0,3,115,190.0
0,4,115,60.0
0,0,116,910.0
0,1,116,190.0
0,2,116,320.0
0,3,116,610.0
0,4,116,90.0
0,0,117,420.0
0,1,117,160.0
0,2,117,290.0
0,3,117,170.0
0,4,117,70.0
0,0,118,210.0
0,1,118,220.0
0,2,118,890.0
0,3,118,290.0
0,4,118,70.0
0,0,119,90.0
0,1,119,80.0
0,2,119,510.0
0,3,119,220.0
0,4,119,60.0
0,0,120,170.0
0,1,120,590.0
0,2,120,300.0
0,3,120,190.0
0,4,120,70.0
0,0,121,810.0
0,1,121,170.0
0,2,121,310.0
0,3,121,130.0
0,4,121,70.0
0,0,122,210.0
0,1,122,480.0
0,2,122,280.0
0,3,122,240.0
0,4,122,60.0
0,0,123,590.0
0,1,123,440.0
0,2,123,550.0
0,3,123,140.0
0,4,123,60.0
0,0,124,210.0
0,1,124,930.0
0,2,124,690.0
0,3,124,350.0
0,4,124,60.0
0,0,125,230.0
0,1,125,250.0
0,2,125,370.0
0,3,125,290.0
0,4,125,70.0
0,0,126,490.0
0,1,126,230.0
0,2,126,510.0
0,3,126,300.0
0,4,126,70.0
0,0,127,860.0
0,1,127,1220.0
0,2,127,410.0
0,3,127,180.0
0,4,127,80.0
0,0,128,210.0
0,1,128,450.0
0,2,128,710.0
0,3,128,320.0
0,4,128,110.0
0,0,129,210.0
0,1,129,270.0
0,2,129,190.0
0,3,129,630.0
0,4,129,90.0
0,0,130,410.0
0,1,130,920.0
0,2,130,540.0
0,3,130,350.0
0,4,130,120.0
0,0,131,410.0
0,1,131,1730.0
0,2,131,480.0
0,3,131,270.0
0,4,131,110.0
0,0,132,210.0
0,1,132,460.0
0,2,132,560.0
0,3,132,280.0
0,4,132,100.0
0,0,133,410.0
0,1,133,210.0
0,2,133,650.0
0,3,133,240.0
0,4,133,140.0
0,0,134,60.0
0,1,134,80.0
0,2,134,870.0
0,3,134,240.0
0,4,134,80.0
0,0,135,810.0
0,1,135,410.0
0,2,135,800.0
0,3,135,310.0
0,4,135,60.0
0,0,136,180.0
0,1,136,120.0
0,2,136,330.0
0,3,136,370.0
0,4,136,70.0
0,0,137,810.0
0,1,137,100.0
0,2,137,2080.0
0,3,137,290.0
0,4,137,60.0
0,0,138,210.0
0,1,138,290.0
0,2,138,170.0
0,3,138,290.0
0,4,138,280.0
0,0,139,140.0
0,1,139,200.0
0,2,139,230.0
0,3,139,220.0
0,4,139,260.0
0,0,140,60.0
0,1,140,1670.0
0,2,140,300.0
0,3,140,350.0
0,4,140,330.0
0,0,141,70.0
0,1,141,90.0
0,2,141,280.0
0,3,141,390.0
0,4,141,490.0
0,0,142,60.0
0,1,142,110.0
0,2,142,270.0
0,3,142,350.0
0,4,142,90.0
0,0,143,140.0
0,1,143,210.0
0,2,143,220.0
0,3,143,340.0
0,4,143,250.0
0,0,144,60.0
0,1,144,410.0
0,2,144,80.0
0,3,144,230.0
0,4,144,250.0
0,0,145,210.0
0,1,145,90.0
0,2,145,320.0
0,3,145,640.0
0,4,145,250.0
0,0,146,410.0
0,1,146,110.0
0,2,146,260.0
0,3,146,250.0
0,4,146,60.0
0,0,147,110.0
0,1,147,110.0
0,2,147,230.0
0,3,147,280.0
0,4,147,70.0
0,0,148,110.0
0,1,148,110.0
0,2,148,430.0
0,3,148,360.0
0,4,148,270.0
0,0,149,60.0
0,1,149,410.0
0,2,149,330.0
0,3,149,490.0
0,4,149,390.0
0,0,150,430.0
0,1,150,110.0
0,2,150,130.0
0,3,150,280.0
0,4,150,90.0
0,0,151,140.0
0,1,151,110.0
0,2,151,460.0
0,3,151,420.0
0,4,151,100.0
0,0,152,140.0
0,1,152,110.0
0,2,152,90.0
0,3,152,490.0
0,4,152,330.0
0,0,153,230.0
0,1,153,90.0
0,2,153,250.0
0,3,153,160.0
0,4,153,150.0
0,0,154,210.0
0,1,154,130.0
0,2,154,310.0
0,3,154,530.0
0,4,154,200.0
0,0,155,230.0
0,1,155,110.0
0,2,155,390.0
0,3,155,310.0
0,4,155,60.0
0,0,156,810.0
0,1,156,110.0
0,2,156,870.0
0,3,156,190.0
0,4,156,230.0
0,0,157,430.0
0,1,157,90.0
0,2,157,740.0
0,3,157,270.0
0,4,157,230.0
0,0,158,140.0
0,1,158,120.0
0,2,158,200.0
0,3,158,480.0
0,4,158,430.0
0,0,159,230.0
0,1,159,80.0
0,2,159,420.0
0,3,159,280.0
0,4,159,860.0
0,0,160,140.0
0,1,160,140.0
0,2,160,1070.0
0,3,160,250.0
0,4,160,60.0
0,0,161,430.0
0,1,161,200.0
0,2,161,540.0
0,3,161,630.0
0,4,161,60.0
0,0,162,140.0
0,1,162,150.0
0,2,162,650.0
0,3,162,990.0
0,4,162,240.0
0,0,163,170.0
0,1,163,190.0
0,2,163,460.0
0,3,163,140.0
0,4,163,60.0
0,0,164,190.0
0,1,164,150.0
0,2,164,770.0
0,3,164,180.0
0,4,164,60.0
0,0,165,230.0
0,1,165,70.0
0,2,165,460.0
0,3,165,290.0
0,4,165,240.0
0,0,166,140.0
0,1,166,490.0
0,2,166,370.0
0,3,166,320.0
0,4,166,250.0
0,0,167,170.0
0,1,167,160.0
0,2,167,420.0
0,3,167,170.0
0,4,167,450.0
0,0,168,170.0
0,1,168,190.0
0,2,168,270.0
0,3,168,260.0
0,4,168,240.0
0,0,169,220.0
0,1,169,150.0
0,2,169,250.0
0,3,169,550.0
0,4,169,220.0
0,0,170,140.0
0,1,170,220.0
0,2,170,110.0
0,3,170,130.0
0,4,170,170.0
0,0,171,430.0
0,1,171,120.0
0,2,171,890.0
0,3,171,80.0
0,4,171,250.0
0,0,172,140.0
0,1,172,430.0
0,2,172,270.0
0,3,172,210.0
0,4,172,260.0
0,0,173,230.0
0,1,173,150.0
0,2,173,550.0
0,3,173,310.0
0,4,173,200.0
0,0,174,430.0
0,1,174,160.0
0,2,174,230.0
0,3,174,700.0
0,4,174,270.0
0,0,175,170.0
0,1,175,120.0
0,2,175,750.0
0,3,175,390.0
0,4,175,60.0
0,0,176,380.0
0,1,176,140.0
0,2,176,250.0
0,3,176,980.0
0,4,176,210.0
0,0,177,140.0
0,1,177,270.0
0,2,177,240.0
0,3,177,510.0
0,4,177,920.0
0,0,178,320.0
0,1,178,150.0
0,2,178,270.0
0,3,178,360.0
0,4,178,210.0
0,0,179,410.0
0,1,179,130.0
0,2,179,190.0
0,3,179,210.0
0,4,179,1810.0
0,0,180,500.0
0,1,180,130.0
0,2,180,530.0
0,3,180,220.0
0,4,180,330.0
0,0,181,990.0
0,1,181,130.0
0,2,181,510.0
0,3,181,240.0
0,4,181,60.0
0,0,182,230.0
0,1,182,90.0
0,2,182,480.0
0,3,182,310.0
0,4,182,1640.0
0,0,183,410.0
0,1,183,270.0
0,2,183,210.0
0,3,183,270.0
0,4,183,60.0
0,0,184,410.0
0,1,184,80.0
0,2,184,290.0
0,3,184,300.0
0,4,184,60.0
0,0,185,230.0
0,1,185,160.0
0,2,185,240.0
0,3,185,200.0
0,4,185,60.0
0,0,186,1040.0
0,1,186,70.0
0,2,186,110.0
0,3,186,480.0
0,4,186,60.0
0,0,187,110.0
0,1,187,160.0
0,2,187,470.0
0,3,187,310.0
0,4,187,60.0
0,0,188,60.0
0,1,188,60.0
0,2,188,280.0
0,3,188,880.0
0,4,188,60.0
0,0,189,70.0
0,1,189,140.0
0,2,189,210.0
0,3,189,520.0
0,4,189,60.0
0,0,190,60.0
0,1,190,150.0
0,2,190,200.0
0,3,190,280.0
0,4,190,200.0
0,0,191,60.0
0,1,191,70.0
0,2,191,240.0
0,3,191,270.0
0,4,191,60.0
0,0,192,380.0
0,1,192,90.0
0,2,192,80.0
0,3,192,230.0
0,4,192,620.0
0,0,193,140.0
0,1,193,120.0
0,2,193,310.0
0,3,193,250.0
0,4,193,60.0
0,0,194,210.0
0,1,194,190.0
0,2,194,220.0
0,3,194,770.0
0,4,194,260.0
0,0,195,60.0
0,1,195,140.0
0,2,195,490.0
0,3,195,1340.0
0,4,195,60.0
0,0,196,140.0
0,1,196,180.0
0,2,196,70.0
0,3,196,110.0
0,4,196,60.0
0,0,197,410.0
0,1,197,450.0
0,2,197,310.0
0,3,197,170.0
0,4,197,60.0
0,0,198,410.0
0,1,198,160.0
0,2,198,210.0
0,3,198,100.0
0,4,198,60.0
0,0,199,410.0
0,1,199,230.0
0,2,199,400.0
0,3,199,550.0
0,4,199,60.0
0,0,200,210.0
0,1,200,80.0
0,2,200,500.0
0,3,200,100.0
0,4,200,60.0
0,0,201,60.0
0,1,201,180.0
0,2,201,470.0
0,3,201,900.0
0,4,201,60.0
0,0,202,410.0
0,1,202,150.0
0,2,202,270.0
0,3,202,150.0
0,4,202,60.0
0,0,203,210.0
0,1,203,150.0
0,2,203,320.0
0,3,203,780.0
0,4,203,60.0
0,0,204,210.0
0,1,204,120.0
0,2,204,510.0
0,3,204,100.0
0,4,204,60.0
0,0,205,410.0
0,1,205,70.0
0,2,205,490.0
0,3,205,190.0
0,4,205,60.0
0,0,206,70.0
0,1,206,840.0
0,2,206,260.0
0,3,206,240.0
0,4,206,60.0
0,0,207,560.0
0,1,207,230.0
0,2,207,240.0
0,3,207,420.0
0,4,207,330.0
0,0,208,400.0
0,1,208,90.0
0,2,208,500.0
0,3,208,1170.0
0,4,208,60.0
0,0,209,840.0
0,1,209,80.0
0,2,209,440.0
0,3,209,340.0
0,4,209,210.0
0,0,210,230.0
0,1,210,280.0
0,2,210,510.0
0,3,210,400.0
0,4,210,60.0
0,0,211,230.0
0,1,211,440.0
0,2,211,120.0
0,3,211,270.0
0,4,211,60.0
0,0,212,430.0
0,1,212,90.0
0,2,212,520.0
0,3,212,310.0
0,4,212,60.0
0,0,213,810.0
0,1,213,120.0
0,2,213,410.0
0,3,213,250.0
0,4,213,440.0
0,0,214,230.0
0,1,214,70.0
0,2,214,420.0
0,3,214,260.0
0,4,214,330.0
0,0,215,380.0
0,1,215,90.0
0,2,215,320.0
0,3,215,530.0
0,4,215,60.0
0,0,216,1000.0
0,1,216,170.0
0,2,216,290.0
0,3,216,210.0
0,4,216,60.0
0,0,217,230.0
0,1,217,430.0
0,2,217,300.0
0,3,217,560.0
0,4,217,220.0
0,0,218,390.0
0,1,218,180.0
0,2,218,210.0
0,3,218,580.0
0,4,218,440.0
0,0,219,1010.0
0,1,219,160.0
0,2,219,260.0
0,3,219,240.0
0,4,219,60.0
0,0,220,550.0
0,1,220,160.0
0,2,220,430.0
0,3,220,160.0
0,4,220,60.0
0,0,221,430.0
0,1,221,70.0
0,2,221,260.0
0,3,221,470.0
0,4,221,240.0
0,0,222,830.0
0,1,222,170.0
0,2,222,880.0
0,3,222,320.0
0,4,222,230.0
0,0,223,230.0
0,1,223,90.0
0,2,223,440.0
0,3,223,310.0
0,4,223,60.0
0,0,224,290.0
0,1,224,150.0
0,2,224,250.0
0,3,224,370.0
0,4,224,360.0
0,0,225,570.0
0,1,225,170.0
0,2,225,230.0
0,3,225,230.0
0,4,225,60.0
0,0,226,570.0
0,1,226,250.0
0,2,226,220.0
0,3,226,180.0
0,4,226,60.0
0,0,227,530.0
0,1,227,180.0
0,2,227,300.0
0,3,227,890.0
0,4,227,60.0
0,0,228,430.0
0,1,228,550.0
0,2,228,260.0
0,3,228,220.0
0,4,228,60.0
0,0,229,430.0
0,1,229,840.0
0,2,229,390.0
0,3,229,150.0
0,4,229,440.0
0,0,230,210.0
0,1,230,250.0
0,2,230,250.0
0,3,230,320.0
0,4,230,60.0
0,0,231,180.0
0,1,231,170.0
0,2,231,330.0
0,3,231,470.0
0,4,231,60.0
0,0,232,230.0
0,1,232,100.0
0,2,232,260.0
0,3,232,350.0
0,4,232,60.0
0,0,233,140.0
0,1,233,160.0
0,2,233,540.0
0,3,233,510.0
0,4,233,240.0
0,0,234,210.0
0,1,234,160.0
0,2,234,340.0
0,3,234,1160.0
0,4,234,330.0
0,0,235,180.0
0,1,235,90.0
0,2,235,850.0
0,3,235,220.0
0,4,235,330.0
0,0,236,670.0
0,1,236,150.0
0,2,236,540.0
0,3,236,290.0
0,4,236,240.0
0,0,237,190.0
0,1,237,860.0
0,2,237,320.0
0,3,237,480.0
0,4,237,240.0
0,0,238,410.0
0,1,238,460.0
0,2,238,290.0
0,3,238,290.0
0,4,238,80.0
0,0,239,480.0
0,1,239,440.0
0,2,239,230.0
0,3,239,250.0
0,4,239,60.0
0,0,240,430.0
0,1,240,70.0
0,2,240,500.0
0,3,240,320.0
0,4,240,340.0
0,0,241,410.0
0,1,241,70.0
0,2,241,200.0
0,3,241,180.0
0,4,241,130.0
0,0,242,230.0
0,1,242,270.0
0,2,242,180.0
0,3,242,260.0
0,4,242,240.0
0,0,243,180.0
0,1,243,130.0
0,2,243,230.0
0,3,243,400.0
0,4,243,250.0
0,0,244,360.0
0,1,244,130.0
0,2,244,320.0
0,3,244,440.0
0,4,244,170.0
0,0,245,530.0
0,1,245,160.0
0,2,245,250.0
0,3,245,520.0
0,4,245,250.0
0,0,246,600.0
0,1,246,80.0
0,2,246,210.0
0,3,246,630.0
0,4,246,240.0
0,0,247,690.0
0,1,247,220.0
0,2,247,310.0
0,3,247,410.0
0,4,247,60.0
0,0,248,810.0
0,1,248,130.0
0,2,248,470.0
0,3,248,330.0
0,4,248,100.0
0,0,249,550.0
0,1,249,70.0
0,2,249,260.0
0,3,249,470.0
0,4,249,190.0
0,0,250,610.0
0,1,250,70.0
0,2,250,310.0
0,3,250,500.0
0,4,250,60.0
0,0,251,1820.0
0,1,251,70.0
0,2,251,310.0
0,3,251,300.0
0,4,251,160.0
0,0,252,430.0
0,1,252,140.0
0,2,252,320.0
0,3,252,1050.0
0,4,252,180.0
0,0,253,230.0
0,1,253,70.0
0,2,253,190.0
0,3,253,160.0
0,4,253,210.0
0,0,254,200.0
0,1,254,160.0
0,2,254,220.0
0,3,254,200.0
0,4,254,440.0
0,0,255,260.0
0,1,255,180.0
0,2,255,210.0
0,3,255,240.0
0,4,255,430.0
0,0,256,120.0
0,1,256,120.0
0,2,256,220.0
0,3,256,430.0
0,4,256,70.0
0,0,257,830.0
0,1,257,70.0
0,2,257,110.0
0,3,257,300.0
0,4,257,80.0
0,0,258,380.0
0,1,258,180.0
0,2,258,300.0
0,3,258,500.0
0,4,258,70.0
0,0,259,110.0
0,1,259,70.0
0,2,259,300.0
0,3,259,920.0
0,4,259,450.0
0,0,260,890.0
0,1,260,140.0
0,2,260,440.0
0,3,260,290.0
0,4,260,240.0
0,0,261,430.0
0,1,261,460.0
0,2,261,210.0
0,3,261,230.0
0,4,261,180.0
0,0,262,230.0
0,1,262,470.0
0,2,262,90.0
0,3,262,500.0
0,4,262,180.0
0,0,263,250.0
0,1,263,160.0
0,2,263,470.0
0,3,263,970.0
0,4,263,60.0
0,0,264,230.0
0,1,264,90.0
0,2,264,210.0
0,3,264,410.0
0,4,264,180.0
0,0,265,420.0
0,1,265,140.0
0,2,265,480.0
0,3,265,400.0
0,4,265,90.0
0,0,266,230.0
0,1,266,140.0
0,2,266,460.0
0,3,266,520.0
0,4,266,70.0
0,0,267,110.0
0,1,267,70.0
0,2,267,120.0
0,3,267,280.0
0,4,267,340.0
0,0,268,410.0
0,1,268,130.0
0,2,268,220.0
0,3,268,210.0
0,4,268,280.0
0,0,269,1000.0
0,1,269,160.0
0,2,269,120.0
0,3,269,250.0
0,4,269,160.0
0,0,270,450.0
0,1,270,130.0
0,2,270,80.0
0,3,270,160.0
0,4,270,250.0
0,0,271,540.0
0,1,271,170.0
0,2,271,280.0
0,3,271,410.0
0,4,271,200.0
0,0,272,540.0
0,1,272,70.0
0,2,272,120.0
0,3,272,610.0
0,4,272,80.0
0,0,273,430.0
0,1,273,160.0
0,2,273,440.0
0,3,273,360.0
0,4,273,100.0
0,0,274,300.0
0,1,274,150.0
0,2,274,220.0
0,3,274,520.0
0,4,274,240.0
0,0,275,420.0
0,1,275,150.0
0,2,275,310.0
0,3,275,330.0
0,4,275,180.0
0,0,276,230.0
0,1,276,220.0
0,2,276,550.0
0,3,276,1260.0
0,4,276,360.0
0,0,277,1660.0
0,1,277,210.0
0,2,277,250.0
0,3,277,270.0
0,4,277,140.0
0,0,278,190.0
0,1,278,440.0
0,2,278,260.0
0,3,278,840.0
0,4,278,270.0
0,0,279,250.0
0,1,279,70.0
0,2,279,890.0
0,3,279,800.0
0,4,279,210.0
0,0,280,430.0
0,1,280,160.0
0,2,280,850.0
0,3,280,270.0
0,4,280,320.0
0,0,281,520.0
0,1,281,190.0
0,2,281,220.0
0,3,281,330.0
0,4,281,460.0
0,0,282,460.0
0,1,282,150.0
0,2,282,320.0
0,3,282,400.0
0,4,282,310.0
0,0,283,260.0
0,1,283,70.0
0,2,283,320.0
0,3,283,150.0
0,4,283,530.0
0,0,284,440.0
0,1,284,80.0
0,2,284,90.0
0,3,284,430.0
0,4,284,440.0
0,0,285,840.0
0,1,285,150.0
0,2,285,430.0
0,3,285,250.0
0,4,285,440.0
0,0,286,230.0
0,1,286,70.0
0,2,286,270.0
0,3,286,420.0
0,4,286,170.0
0,0,287,310.0
0,1,287,230.0
0,2,287,110.0
0,3,287,820.0
0,4,287,60.0
0,0,288,460.0
0,1,288,180.0
0,2,288,250.0
0,3,288,810.0
0,4,288,240.0
0,0,289,380.0
0,1,289,70.0
0,2,289,330.0
0,3,289,390.0
0,4,289,860.0
0,0,290,230.0
0,1,290,90.0
0,2,290,470.0
0,3,290,460.0
0,4,290,250.0
0,0,291,590.0
0,1,291,70.0
0,2,291,230.0
0,3,291,650.0
0,4,291,620.0
0,0,292,110.0
0,1,292,180.0
0,2,292,530.0
0,3,292,450.0
0,4,292,280.0
0,0,293,180.0
0,1,293,90.0
0,2,293,450.0
0,3,293,280.0
0,4,293,210.0
0,0,294,780.0
0,1,294,70.0
0,2,294,530.0
0,3,294,410.0
0,4,294,190.0
0,0,295,430.0
0,1,295,200.0
0,2,295,270.0
0,3,295,360.0
0,4,295,350.0
0,0,296,230.0
0,1,296,440.0
0,2,296,250.0
0,3,296,910.0
0,4,296,860.0
0,0,297,1210.0
0,1,297,160.0
0,2,297,460.0
0,3,297,460.0
0,4,297,140.0
0,0,298,430.0
0,1,298,80.0
0,2,298,220.0
0,3,298,140.0
0,4,298,490.0
0,0,299,430.0
0,1,299,220.0
0,2,299,260.0
0,3,299,990.0
0,4,299,240.0
0,0,300,230.0
0,1,300,70.0
0,2,300,270.0
0,3,300,860.0
0,4,300,60.0
0,0,301,430.0
0,1,301,70.0
0,2,301,220.0
0,3,301,440.0
0,4,301,200.0
0,0,302,580.0
0,1,302,70.0
0,2,302,270.0
0,3,302,700.0
0,4,302,90.0
0,0,303,830.0
0,1,303,90.0
0,2,303,110.0
0,3,303,290.0
0,4,303,70.0
0,0,304,230.0
0,1,304,170.0
0,2,304,520.0
0,3,304,150.0
0,4,304,300.0
0,0,305,100.0
0,1,305,70.0
0,2,305,210.0
0,3,305,790.0
0,4,305,100.0
0,0,306,830.0
0,1,306,70.0
0,2,306,490.0
0,3,306,320.0
0,4,306,80.0
0,0,307,250.0
0,1,307,160.0
0,2,307,320.0
0,3,307,200.0
0,4,307,330.0
0,0,308,810.0
0,1,308,450.0
0,2,308,250.0
0,3,308,1120.0
0,4,308,260.0
0,0,309,210.0
0,1,309,70.0
0,2,309,320.0
0,3,309,420.0
0,4,309,310.0
0,0,310,180.0
0,1,310,80.0
0,2,310,460.0
0,3,310,170.0
0,4,310,240.0
0,0,311,410.0
0,1,311,120.0
0,2,311,920.0
0,3,311,590.0
0,4,311,180.0
0,0,312,410.0
0,1,312,70.0
0,2,312,440.0
0,3,312,450.0
0,4,312,340.0
0,0,313,810.0
0,1,313,150.0
0,2,313,260.0
0,3,313,350.0
0,4,313,70.0
0,0,314,830.0
0,1,314,140.0
0,2,314,350.0
0,3,314,300.0
0,4,314,80.0
0,0,315,410.0
0,1,315,70.0
0,2,315,210.0
0,3,315,470.0
0,4,315,60.0
0,0,316,210.0
0,1,316,70.0
0,2,316,120.0
0,3,316,400.0
0,4,316,370.0
0,0,317,210.0
0,1,317,160.0
0,2,317,710.0
0,3,317,820.0
0,4,317,390.0
0,0,318,430.0
0,1,318,140.0
0,2,318,430.0
0,3,318,310.0
0,4,318,310.0
0,0,319,110.0
0,1,319,620.0
0,2,319,340.0
0,3,319,440.0
0,4,319,200.0
0,0,320,440.0
0,1,320,70.0
0,2,320,490.0
0,3,320,450.0
0,4,320,150.0
0,0,321,230.0
0,1,321,170.0
0,2,321,440.0
0,3,321,200.0
0,4,321,240.0
0,0,322,90.0
0,1,322,90.0
0,2,322,910.0
0,3,322,170.0
0,4,322,440.0
0,0,323,410.0
0,1,323,90.0
0,2,323,460.0
0,3,323,530.0
0,4,323,330.0
0,0,324,170.0
0,1,324,180.0
0,2,324,290.0
0,3,324,440.0
0,4,324,840.0
0,0,325,430.0
0,1,325,270.0
0,2,325,270.0
0,3,325,290.0
0,4,325,230.0
0,0,326,470.0
0,1,326,870.0
0,2,326,430.0
0,3,326,370.0
0,4,326,60.0
0,0,327,430.0
0,1,327,240.0
0,2,327,110.0
0,3,327,530.0
0,4,327,440.0
0,0,328,210.0
0,1,328,150.0
0,2,328,80.0
0,3,328,540.0
0,4,328,900.0
0,0,329,410.0
0,1,329,160.0
0,2,329,920.0
0,3,329,470.0
0,4,329,450.0
0,0,330,430.0
0,1,330,160.0
0,2,330,260.0
0,3,330,570.0
0,4,330,250.0
0,0,331,180.0
0,1,331,150.0
0,2,331,290.0
0,3,331,250.0
0,4,331,200.0
0,0,332,500.0
0,1,332,250.0
0,2,332,310.0
0,3,332,260.0
0,4,332,200.0
0,0,333,230.0
0,1,333,90.0
0,2,333,230.0
0,3,333,520.0
0,4,333,60.0
0,0,334,190.0
0,1,334,60.0
0,2,334,440.0
0,3,334,240.0
0,4,334,420.0
0,0,335,450.0
0,1,335,70.0
0,2,335,310.0
0,3,335,960.0
0,4,335,250.0
0,0,336,230.0
0,1,336,160.0
0,2,336,1010.0
0,3,336,700.0
0,4,336,90.0
0,0,337,290.0
0,1,337,70.0
0,2,337,340.0
0,3,337,190.0
0,4,337,290.0
0,0,338,260.0
0,1,338,80.0
0,2,338,500.0
0,3,338,500.0
0,4,338,340.0
0,0,339,1060.0
0,1,339,170.0
0,2,339,290.0
0,3,339,160.0
0,4,339,660.0
0,0,340,440.0
0,1,340,1660.0
0,2,340,210.0
0,3,340,210.0
0,4,340,300.0
0,0,341,410.0
0,1,341,270.0
0,2,341,250.0
0,3,341,920.0
0,4,341,180.0
0,0,342,430.0
0,1,342,70.0
0,2,342,490.0
0,3,342,210.0
0,4,342,210.0
0,0,343,70.0
0,1,343,210.0
0,2,343,500.0
0,3,343,260.0
0,4,343,60.0
0,0,344,810.0
0,1,344,160.0
0,2,344,910.0
0,3,344,290.0
0,4,344,350.0
0,0,345,380.0
0,1,345,870.0
0,2,345,870.0
0,3,345,500.0
0,4,345,230.0
0,0,346,410.0
0,1,346,130.0
0,2,346,330.0
0,3,346,310.0
0,4,346,190.0
0,0,347,110.0
0,1,347,140.0
0,2,347,210.0
0,3,347,430.0
0,4,347,100.0
0,0,348,260.0
0,1,348,130.0
0,2,348,510.0
0,3,348,290.0
0,4,348,80.0
0,0,349,380.0
0,1,349,250.0
0,2,349,490.0
0,3,349,640.0
0,4,349,360.0
0,0,350,510.0
0,1,350,160.0
0,2,350,250.0
0,3,350,180.0
0,4,350,840.0
0,0,351,410.0
0,1,351,210.0
0,2,351,420.0
0,3,351,190.0
0,4,351,200.0
0,0,352,830.0
0,1,352,70.0
0,2,352,340.0
0,3,352,480.0
0,4,352,290.0
0,0,353,230.0
0,1,353,70.0
0,2,353,260.0
0,3,353,250.0
0,4,353,170.0
0,0,354,1370.0
0,1,354,160.0
0,2,354,690.0
0,3,354,390.0
0,4,354,80.0
0,0,355,110.0
0,1,355,130.0
0,2,355,240.0
0,3,355,410.0
0,4,355,340.0
0,0,356,230.0
0,1,356,70.0
0,2,356,460.0
0,3,356,490.0
0,4,356,180.0
0,0,357,230.0
0,1,357,170.0
0,2,357,270.0
0,3,357,250.0
0,4,357,60.0
0,0,358,230.0
0,1,358,80.0
0,2,358,540.0
0,3,358,580.0
0,4,358,90.0
0,0,359,480.0
0,1,359,70.0
0,2,359,340.0
0,3,359,340.0
0,4,359,250.0
0,0,360,230.0
0,1,360,190.0
0,2,360,260.0
0,3,360,270.0
0,4,360,210.0
0,0,361,850.0
0,1,361,250.0
0,2,361,200.0
0,3,361,310.0
0,4,361,300.0
0,0,362,590.0
0,1,362,170.0
0,2,362,330.0
0,3,362,310.0
0,4,362,60.0
0,0,363,200.0
0,1,363,530.0
0,2,363,140.0
0,3,363,510.0
0,4,363,350.0
0,0,364,180.0
0,1,364,150.0
0,2,364,110.0
0,3,364,310.0
0,4,364,60.0
0,0,365,230.0
0,1,365,140.0
0,2,365,480.0
0,3,365,2070.0
0,4,365,250.0
0,0,366,1360.0
0,1,366,70.0
0,2,366,380.0
0,3,366,290.0
0,4,366,60.0
0,0,367,510.0
0,1,367,170.0
0,2,367,520.0
0,3,367,330.0
0,4,367,70.0
0,0,368,430.0
0,1,368,160.0
0,2,368,570.0
0,3,368,500.0
0,4,368,280.0
0,0,369,230.0
0,1,369,160.0
0,2,369,850.0
0,3,369,1800.0
0,4,369,380.0
0,0,370,410.0
0,1,370,150.0
0,2,370,280.0
0,3,370,1080.0
0,4,370,250.0
0,0,371,290.0
0,1,371,150.0
0,2,371,220.0
0,3,371,200.0
0,4,371,140.0
0,0,372,250.0
0,1,372,160.0
0,2,372,340.0
0,3,372,350.0
0,4,372,80.0
0,0,373,390.0
0,1,373,80.0
0,2,373,520.0
0,3,373,290.0
0,4,373,180.0
0,0,374,220.0
0,1,374,130.0
0,2,374,500.0
0,3,374,320.0
0,4,374,190.0
0,0,375,780.0
0,1,375,470.0
0,2,375,450.0
0,3,375,670.0
0,4,375,240.0
0,0,376,290.0
0,1,376,70.0
0,2,376,510.0
0,3,376,330.0
0,4,376,250.0
0,0,377,440.0
0,1,377,130.0
0,2,377,110.0
0,3,377,460.0
0,4,377,200.0
0,0,378,430.0
0,1,378,70.0
0,2,378,180.0
0,3,378,910.0
0,4,378,440.0
0,0,379,270.0
0,1,379,70.0
0,2,379,810.0
0,3,379,250.0
0,4,379,70.0
0,0,380,830.0
0,1,380,70.0
0,2,380,760.0
0,3,380,560.0
0,4,380,240.0
0,0,381,210.0
0,1,381,190.0
0,2,381,510.0
0,3,381,570.0
0,4,381,80.0
0,0,382,460.0
0,1,382,140.0
0,2,382,260.0
0,3,382,460.0
0,4,382,170.0
0,0,383,260.0
0,1,383,70.0
0,2,383,270.0
0,3,383,410.0
0,4,383,200.0
0,0,384,320.0
0,1,384,470.0
0,2,384,300.0
0,3,384,930.0
0,4,384,110.0
0,0,385,430.0
0,1,385,130.0
0,2,385,250.0
0,3,385,150.0
0,4,385,260.0
0,0,386,220.0
0,1,386,140.0
0,2,386,290.0
0,3,386,920.0
0,4,386,230.0
0,0,387,520.0
0,1,387,160.0
0,2,387,470.0
0,3,387,290.0
0,4,387,880.0
0,0,388,230.0
0,1,388,140.0
0,2,388,320.0
0,3,388,870.0
0,4,388,230.0
0,0,389,430.0
0,1,389,60.0
0,2,389,310.0
0,3,389,410.0
0,4,389,340.0
0,0,390,490.0
0,1,390,150.0
0,2,390,420.0
0,3,390,470.0
0,4,390,220.0
0,0,391,870.0
0,1,391,180.0
0,2,391,260.0
0,3,391,1650.0
0,4,391,450.0
0,0,392,830.0
0,1,392,150.0
0,2,392,380.0
0,3,392,230.0
0,4,392,160.0
0,0,393,490.0
0,1,393,70.0
0,2,393,460.0
0,3,393,480.0
0,4,393,80.0
0,0,394,460.0
0,1,394,70.0
0,2,394,460.0
0,3,394,600.0
0,4,394,80.0
0,0,395,230.0
0,1,395,70.0
0,2,395,460.0
0,3,395,520.0
0,4,395,310.0
0,0,396,470.0
0,1,396,70.0
0,2,396,260.0
0,3,396,560.0
0,4,396,260.0
0,0,397,180.0
0,1,397,150.0
0,2,397,110.0
0,3,397,270.0
0,4,397,60.0
0,0,398,140.0
0,1,398,170.0
0,2,398,260.0
0,3,398,270.0
0,4,398,90.0
0,0,399,250.0
0,1,399,150.0
0,2,399,240.0
0,3,399,140.0
0,4,399,480.0
0,0,400,810.0
0,1,400,150.0
0,2,400,470.0
0,3,400,260.0
0,4,400,210.0
0,0,401,230.0
0,1,401,150.0
0,2,401,890.0
0,3,401,500.0
0,4,401,340.0
0,0,402,240.0
0,1,402,250.0
0,2,402,460.0
0,3,402,150.0
0,4,402,450.0
0,0,403,380.0
0,1,403,130.0
0,2,403,510.0
0,3,403,430.0
0,4,403,110.0
0,0,404,830.0
0,1,404,70.0
0,2,404,390.0
0,3,404,830.0
0,4,404,140.0
0,0,405,180.0
0,1,405,160.0
0,2,405,930.0
0,3,405,270.0
0,4,405,290.0
0,0,406,480.0
0,1,406,70.0
0,2,406,640.0
0,3,406,230.0
0,4,406,60.0
0,0,407,320.0
0,1,407,170.0
0,2,407,300.0
0,3,407,940.0
0,4,407,180.0
0,0,408,430.0
0,1,408,160.0
0,2,408,280.0
0,3,408,90.0
0,4,408,1100.0
0,0,409,280.0
0,1,409,160.0
0,2,409,330.0
0,3,409,800.0
0,4,409,660.0
0,0,410,430.0
0,1,410,850.0
0,2,410,500.0
0,3,410,310.0
0,4,410,260.0
0,0,411,240.0
0,1,411,180.0
0,2,411,350.0
0,3,411,300.0
0,4,411,90.0
0,0,412,230.0
0,1,412,180.0
0,2,412,260.0
0,3,412,320.0
0,4,412,440.0
0,0,413,430.0
0,1,413,180.0
0,2,413,220.0
0,3,413,650.0
0,4,413,410.0
0,0,414,410.0
0,1,414,150.0
0,2,414,310.0
0,3,414,280.0
0,4,414,290.0
0,0,415,440.0
0,1,415,120.0
0,2,415,230.0
0,3,415,420.0
0,4,415,280.0
0,0,416,890.0
0,1,416,70.0
0,2,416,220.0
0,3,416,500.0
0,4,416,460.0
0,0,417,430.0
0,1,417,160.0
0,2,417,270.0
0,3,417,280.0
0,4,417,190.0
0,0,418,230.0
0,1,418,60.0
0,2,418,250.0
0,3,418,460.0
0,4,418,250.0
0,0,419,240.0
0,1,419,210.0
0,2,419,410.0
0,3,419,130.0
0,4,419,80.0
0,0,420,420.0
0,1,420,240.0
0,2,420,470.0
0,3,420,300.0
0,4,420,840.0
0,0,421,190.0
0,1,421,160.0
0,2,421,110.0
0,3,421,270.0
0,4,421,170.0
0,0,422,830.0
0,1,422,240.0
0,2,422,310.0
0,3,422,450.0
0,4,422,80.0
0,0,423,430.0
0,1,423,150.0
0,2,423,250.0
0,3,423,300.0
0,4,423,70.0
0,0,424,190.0
0,1,424,190.0
0,2,424,110.0
0,3,424,500.0
0,4,424,330.0
0,0,425,810.0
0,1,425,140.0
0,2,425,260.0
0,3,425,320.0
0,4,425,240.0
0,0,426,230.0
0,1,426,150.0
0,2,426,480.0
0,3,426,950.0
0,4,426,250.0
0,0,427,580.0
0,1,427,860.0
0,2,427,230.0
0,3,427,280.0
0,4,427,80.0
0,0,428,380.0
0,1,428,160.0
0,2,428,320.0
0,3,428,910.0
0,4,428,250.0
0,0,429,180.0
0,1,429,170.0
0,2,429,270.0
0,3,429,390.0
0,4,429,200.0
0,0,430,500.0
0,1,430,210.0
0,2,430,510.0
0,3,430,250.0
0,4,430,460.0
0,0,431,440.0
0,1,431,150.0
0,2,431,290.0
0,3,431,950.0
0,4,431,100.0
0,0,432,300.0
0,1,432,70.0
0,2,432,270.0
0,3,432,300.0
0,4,432,150.0
0,0,433,700.0
0,1,433,230.0
0,2,433,470.0
0,3,433,250.0
0,4,433,330.0
0,0,434,110.0
0,1,434,160.0
0,2,434,330.0
0,3,434,390.0
0,4,434,200.0
0,0,435,410.0
0,1,435,150.0
0,2,435,480.0
0,3,435,570.0
0,4,435,240.0
0,0,436,780.0
0,1,436,440.0
0,2,436,250.0
0,3,436,290.0
0,4,436,330.0
0,0,437,180.0
0,1,437,160.0
0,2,437,590.0
0,3,437,320.0
0,4,437,200.0
0,0,438,60.0
0,1,438,160.0
0,2,438,280.0
0,3,438,270.0
0,4,438,200.0
0,0,439,480.0
0,1,439,70.0
0,2,439,220.0
0,3,439,400.0
0,4,439,250.0
0,0,440,520.0
0,1,440,250.0
0,2,440,930.0
0,3,440,370.0
0,4,440,260.0
0,0,441,1310.0
0,1,441,180.0
0,2,441,270.0
0,3,441,370.0
0,4,441,410.0
0,0,442,230.0
0,1,442,240.0
0,2,442,290.0
0,3,442,250.0
0,4,442,240.0
0,0,443,410.0
0,1,443,70.0
0,2,443,330.0
0,3,443,340.0
0,4,443,130.0
0,0,444,260.0
0,1,444,100.0
0,2,444,910.0
0,3,444,220.0
0,4,444,260.0
0,0,445,230.0
0,1,445,160.0
0,2,445,270.0
0,3,445,220.0
0,4,445,450.0
0,0,446,340.0
0,1,446,150.0
0,2,446,310.0
0,3,446,270.0
0,4,446,860.0
0,0,447,230.0
0,1,447,430.0
0,2,447,280.0
0,3,447,300.0
0,4,447,140.0
0,0,448,780.0
0,1,448,440.0
0,2,448,290.0
0,3,448,340.0
0,4,448,120.0
0,0,449,480.0
0,1,449,150.0
0,2,449,260.0
0,3,449,620.0
0,4,449,220.0
0,0,450,230.0
0,1,450,510.0
0,2,450,240.0
0,3,450,290.0
0,4,450,240.0
0,0,451,910.0
0,1,451,90.0
0,2,451,260.0
0,3,451,220.0
0,4,451,320.0
0,0,452,440.0
0,1,452,160.0
0,2,452,260.0
0,3,452,990.0
0,4,452,410.0
0,0,453,490.0
0,1,453,250.0
0,2,453,70.0
0,3,453,160.0
0,4,453,900.0
0,0,454,470.0
0,1,454,160.0
0,2,454,710.0
0,3,454,840.0
0,4,454,60.0
0,0,455,180.0
0,1,455,150.0
0,2,455,470.0
0,3,455,460.0
0,4,455,250.0
0,0,456,380.0
0,1,456,60.0
0,2,456,290.0
0,3,456,470.0
0,4,456,80.0
0,0,457,260.0
0,1,457,150.0
0,2,457,870.0
0,3,457,1100.0
0,4,457,840.0
0,0,458,180.0
0,1,458,160.0
0,2,458,480.0
0,3,458,380.0
0,4,458,310.0
0,0,459,480.0
0,1,459,90.0
0,2,459,230.0
0,3,459,150.0
0,4,459,60.0
0,0,460,310.0
0,1,460,260.0
0,2,460,330.0
0,3,460,430.0
0,4,460,160.0
0,0,461,180.0
0,1,461,280.0
0,2,461,250.0
0,3,461,230.0
0,4,461,250.0
0,0,462,320.0
0,1,462,160.0
0,2,462,190.0
0,3,462,270.0
0,4,462,60.0
0,0,463,310.0
0,1,463,80.0
0,2,463,860.0
0,3,463,260.0
0,4,463,200.0
0,0,464,890.0
0,1,464,250.0
0,2,464,900.0
0,3,464,270.0
0,4,464,350.0
0,0,465,430.0
0,1,465,160.0
0,2,465,230.0
0,3,465,470.0
0,4,465,80.0
0,0,466,410.0
0,1,466,140.0
0,2,466,520.0
0,3,466,560.0
0,4,466,270.0
0,0,467,230.0
0,1,467,180.0
0,2,467,190.0
0,3,467,270.0
0,4,467,170.0
0,0,468,220.0
0,1,468,70.0
0,2,468,140.0
0,3,468,830.0
0,4,468,100.0
0,0,469,260.0
0,1,469,440.0
0,2,469,430.0
0,3,469,320.0
0,4,469,130.0
0,0,470,450.0
0,1,470,150.0
0,2,470,260.0
0,3,470,480.0
0,4,470,60.0
0,0,471,230.0
0,1,471,240.0
0,2,471,500.0
0,3,471,600.0
0,4,471,440.0
0,0,472,260.0
0,1,472,180.0
0,2,472,450.0
0,3,472,180.0
0,4,472,60.0
0,0,473,540.0
0,1,473,160.0
0,2,473,420.0
0,3,473,520.0
0,4,473,70.0
0,0,474,760.0
0,1,474,160.0
0,2,474,460.0
0,3,474,1780.0
0,4,474,80.0
0,0,475,280.0
0,1,475,220.0
0,2,475,250.0
0,3,475,720.0
0,4,475,220.0
0,0,476,1090.0
0,1,476,160.0
0,2,476,760.0
0,3,476,640.0
0,4,476,240.0
0,0,477,730.0
0,1,477,270.0
0,2,477,260.0
0,3,477,300.0
0,4,477,340.0
0,0,478,1190.0
0,1,478,120.0
0,2,478,210.0
0,3,478,170.0
0,4,478,980.0
0,0,479,240.0
0,1,479,150.0
0,2,479,240.0
0,3,479,270.0
0,4,479,190.0
0,0,480,770.0
0,1,480,160.0
0,2,480,250.0
0,3,480,310.0
0,4,480,170.0
0,0,481,180.0
0,1,481,90.0
0,2,481,260.0
0,3,481,560.0
0,4,481,110.0
0,0,482,430.0
0,1,482,250.0
0,2,482,260.0
0,3,482,350.0
0,4,482,1070.0
0,0,483,290.0
0,1,483,140.0
0,2,483,520.0
0,3,483,200.0
0,4,483,200.0
0,0,484,300.0
0,1,484,120.0
0,2,484,400.0
0,3,484,370.0
0,4,484,440.0
0,0,485,430.0
0,1,485,70.0
0,2,485,710.0
0,3,485,230.0
0,4,485,1640.0
0,0,486,1590.0
0,1,486,240.0
0,2,486,820.0
0,3,486,200.0
0,4,486,380.0
0,0,487,380.0
0,1,487,70.0
0,2,487,280.0
0,3,487,310.0
0,4,487,250.0
0,0,488,190.0
0,1,488,140.0
0,2,488,460.0
0,3,488,1020.0
0,4,488,180.0
0,0,489,240.0
0,1,489,140.0
0,2,489,280.0
0,3,489,310.0
0,4,489,300.0
0,0,490,490.0
0,1,490,210.0
0,2,490,500.0
0,3,490,340.0
0,4,490,880.0
0,0,491,130.0
0,1,491,870.0
0,2,491,440.0
0,3,491,410.0
0,4,491,390.0
0,0,492,880.0
0,1,492,440.0
0,2,492,320.0
0,3,492,300.0
0,4,492,250.0
0,0,493,230.0
0,1,493,850.0
0,2,493,480.0
0,3,493,320.0
0,4,493,220.0
0,0,494,880.0
0,1,494,150.0
0,2,494,230.0
0,3,494,360.0
0,4,494,210.0
0,0,495,280.0
0,1,495,860.0
0,2,495,380.0
0,3,495,490.0
0,4,495,130.0
0,0,496,840.0
0,1,496,150.0
0,2,496,430.0
0,3,496,410.0
0,4,496,100.0
0,0,497,1210.0
0,1,497,150.0
0,2,497,680.0
0,3,497,520.0
0,4,497,130.0
0,0,498,230.0
0,1,498,160.0
0,2,498,310.0
0,3,498,380.0
0,4,498,980.0
0,0,499,230.0
0,1,499,200.0
0,2,499,350.0
0,3,499,460.0
0,4,499,260.0
0,0,500,1630.0
0,1,500,130.0
0,2,500,530.0
0,3,500,350.0
0,4,500,100.0
0,0,501,430.0
0,1,501,240.0
0,2,501,180.0
0,3,501,520.0
0,4,501,160.0
0,0,502,250.0
0,1,502,160.0
0,2,502,250.0
0,3,502,200.0
0,4,502,100.0
0,0,503,230.0
0,1,503,230.0
0,2,503,460.0
0,3,503,250.0
0,4,503,180.0
0,0,504,810.0
0,1,504,160.0
0,2,504,190.0
0,3,504,1020.0
0,4,504,950.0
0,0,505,410.0
0,1,505,310.0
0,2,505,260.0
0,3,505,140.0
0,4,505,240.0
0,0,506,490.0
0,1,506,450.0
0,2,506,150.0
0,3,506,210.0
0,4,506,340.0
0,0,507,410.0
0,1,507,160.0
0,2,507,260.0
0,3,507,260.0
0,4,507,160.0
0,0,508,230.0
0,1,508,430.0
0,2,508,410.0
0,3,508,450.0
0,4,508,80.0
0,0,509,430.0
0,1,509,230.0
0,2,509,470.0
0,3,509,380.0
0,4,509,170.0
0,0,510,240.0
0,1,510,200.0
0,2,510,540.0
0,3,510,740.0
0,4,510,80.0
0,0,511,390.0
0,1,511,450.0
0,2,511,220.0
0,3,511,300.0
0,4,511,140.0
0,0,512,450.0
0,1,512,190.0
0,2,512,1620.0
0,3,512,290.0
0,4,512,840.0
0,0,513,810.0
0,1,513,840.0
0,2,513,280.0
0,3,513,320.0
0,4,513,210.0
0,0,514,410.0
0,1,514,200.0
0,2,514,260.0
0,3,514,560.0
0,4,514,300.0
0,0,515,300.0
0,1,515,130.0
0,2,515,930.0
0,3,515,330.0
0,4,515,320.0
0,0,516,250.0
0,1,516,130.0
0,2,516,270.0
0,3,516,1650.0
0,4,516,540.0
0,0,517,500.0
0,1,517,150.0
0,2,517,520.0
0,3,517,350.0
0,4,517,170.0
0,0,518,400.0
0,1,518,210.0
0,2,518,330.0
0,3,518,500.0
0,4,518,200.0
0,0,519,110.0
0,1,519,160.0
0,2,519,240.0
0,3,519,380.0
0,4,519,130.0
0,0,520,230.0
0,1,520,410.0
0,2,520,310.0
0,3,520,1010.0
0,4,520,630.0
0,0,521,920.0
0,1,521,160.0
0,2,521,540.0
0,3,521,290.0
0,4,521,220.0
0,0,522,230.0
0,1,522,160.0
0,2,522,220.0
0,3,522,950.0
0,4,522,220.0
0,0,523,400.0
0,1,523,250.0
0,2,523,430.0
0,3,523,290.0
0,4,523,840.0
0,0,524,230.0
0,1,524,150.0
0,2,524,300.0
0,3,524,500.0
0,4,524,100.0
0,0,525,810.0
0,1,525,490.0
0,2,525,390.0
0,3,525,360.0
0,4,525,310.0
0,0,526,330.0
0,1,526,180.0
0,2,526,280.0
0,3,526,460.0
0,4,526,450.0
0,0,527,490.0
0,1,527,120.0
0,2,527,230.0
0,3,527,230.0
0,4,527,390.0
0,0,528,410.0
0,1,528,150.0
0,2,528,640.0
0,3,528,270.0
0,4,528,110.0
0,0,529,210.0
0,1,529,90.0
0,2,529,290.0
0,3,529,170.0
0,4,529,260.0
0,0,530,490.0
0,1,530,70.0
0,2,530,250.0
0,3,530,860.0
0,4,530,300.0
0,0,531,300.0
0,1,531,250.0
0,2,531,330.0
0,3,531,280.0
0,4,531,140.0
0,0,532,350.0
0,1,532,70.0
0,2,532,450.0
0,3,532,480.0
0,4,532,240.0
0,0,533,210.0
0,1,533,150.0
0,2,533,120.0
0,3,533,240.0
0,4,533,90.0
0,0,534,370.0
0,1,534,160.0
0,2,534,210.0
0,3,534,290.0
0,4,534,840.0
0,0,535,240.0
0,1,535,80.0
0,2,535,210.0
0,3,535,380.0
0,4,535,190.0
0,0,536,590.0
0,1,536,150.0
0,2,536,210.0
0,3,536,350.0
0,4,536,300.0
0,0,537,440.0
0,1,537,110.0
0,2,537,420.0
0,3,537,630.0
0,4,537,230.0
0,0,538,510.0
0,1,538,450.0
0,2,538,710.0
0,3,538,350.0
0,4,538,210.0
0,0,539,560.0
0,1,539,150.0
0,2,539,250.0
0,3,539,550.0
0,4,539,60.0
0,0,540,180.0
0,1,540,70.0
0,2,540,330.0
0,3,540,500.0
0,4,540,170.0
0,0,541,690.0
0,1,541,70.0
0,2,541,240.0
0,3,541,1770.0
0,4,541,250.0
0,0,542,610.0
0,1,542,130.0
0,2,542,230.0
0,3,542,290.0
0,4,542,80.0
0,0,543,210.0
0,1,543,150.0
0,2,543,260.0
0,3,543,460.0
0,4,543,110.0
0,0,544,840.0
0,1,544,80.0
0,2,544,290.0
0,3,544,230.0
0,4,544,210.0
0,0,545,660.0
0,1,545,130.0
0,2,545,220.0
0,3,545,190.0
0,4,545,100.0
0,0,546,390.0
0,1,546,460.0
0,2,546,460.0
0,3,546,340.0
0,4,546,200.0
0,0,547,290.0
0,1,547,80.0
0,2,547,410.0
0,3,547,370.0
0,4,547,240.0
0,0,548,390.0
0,1,548,150.0
0,2,548,410.0
0,3,548,410.0
0,4,548,220.0
0,0,549,240.0
0,1,549,220.0
0,2,549,340.0
0,3,549,260.0
0,4,549,280.0
0,0,550,270.0
0,1,550,150.0
0,2,550,470.0
0,3,550,440.0
0,4,550,210.0
0,0,551,560.0
0,1,551,870.0
0,2,551,260.0
0,3,551,370.0
0,4,551,200.0
0,0,552,440.0
0,1,552,350.0
0,2,552,350.0
0,3,552,420.0
0,4,552,120.0
0,0,553,310.0
0,1,553,440.0
0,2,553,320.0
0,3,553,340.0
0,4,553,250.0
0,0,554,1020.0
0,1,554,280.0
0,2,554,430.0
0,3,554,600.0
0,4,554,70.0
0,0,555,380.0
0,1,555,150.0
0,2,555,200.0
0,3,555,280.0
0,4,555,840.0
0,0,556,460.0
0,1,556,150.0
0,2,556,120.0
0,3,556,520.0
0,4,556,270.0
0,0,557,730.0
0,1,557,70.0
0,2,557,250.0
0,3,557,440.0
0,4,557,370.0
0,0,558,320.0
0,1,558,180.0
0,2,558,380.0
0,3,558,640.0
0,4,558,290.0
0,0,559,750.0
0,1,559,170.0
0,2,559,500.0
0,3,559,590.0
0,4,559,180.0
0,0,560,230.0
0,1,560,860.0
0,2,560,340.0
0,3,560,400.0
0,4,560,440.0
0,0,561,280.0
0,1,561,150.0
0,2,561,220.0
0,3,561,440.0
0,4,561,100.0
0,0,562,210.0
0,1,562,160.0
0,2,562,280.0
0,3,562,360.0
0,4,562,130.0
0,0,563,320.0
0,1,563,460.0
0,2,563,430.0
0,3,563,330.0
0,4,563,270.0
0,0,564,490.0
0,1,564,70.0
0,2,564,250.0
0,3,564,1730.0
0,4,564,200.0
0,0,565,230.0
0,1,565,160.0
0,2,565,240.0
0,3,565,250.0
0,4,565,590.0
0,0,566,220.0
0,1,566,130.0
0,2,566,490.0
0,3,566,520.0
0,4,566,330.0
0,0,567,210.0
0,1,567,210.0
0,2,567,290.0
0,3,567,690.0
0,4,567,390.0
0,0,568,260.0
0,1,568,180.0
0,2,568,270.0
0,3,568,340.0
0,4,568,960.0
0,0,569,500.0
0,1,569,270.0
0,2,569,620.0
0,3,569,810.0
0,4,569,380.0
0,0,570,440.0
0,1,570,70.0
0,2,570,220.0
0,3,570,460.0
0,4,570,130.0
0,0,571,670.0
0,1,571,70.0
0,2,571,110.0
0,3,571,410.0
0,4,571,350.0
0,0,572,390.0
0,1,572,170.0
0,2,572,260.0
0,3,572,1090.0
0,4,572,270.0
0,0,573,540.0
0,1,573,200.0
0,2,573,250.0
0,3,573,370.0
0,4,573,260.0
0,0,574,320.0
0,1,574,160.0
0,2,574,190.0
0,3,574,200.0
0,4,574,210.0
0,0,575,230.0
0,1,575,160.0
0,2,575,240.0
0,3,575,310.0
0,4,575,80.0
0,0,576,460.0
0,1,576,80.0
0,2,576,410.0
0,3,576,580.0
0,4,576,310.0
0,0,577,220.0
0,1,577,140.0
0,2,577,870.0
0,3,577,260.0
0,4,577,240.0
0,0,578,480.0
0,1,578,240.0
0,2,578,440.0
0,3,578,600.0
0,4,578,160.0
0,0,579,490.0
0,1,579,520.0
0,2,579,520.0
0,3,579,280.0
0,4,579,470.0
0,0,580,460.0
0,1,580,340.0
0,2,580,230.0
0,3,580,330.0
0,4,580,60.0
0,0,581,450.0
0,1,581,130.0
0,2,581,350.0
0,3,581,400.0
0,4,581,340.0
0,0,582,870.0
0,1,582,70.0
0,2,582,340.0
0,3,582,300.0
0,4,582,330.0
0,0,583,310.0
0,1,583,160.0
0,2,583,290.0
0,3,583,330.0
0,4,583,230.0
0,0,584,850.0
0,1,584,130.0
0,2,584,540.0
0,3,584,300.0
0,4,584,220.0
0,0,585,260.0
0,1,585,410.0
0,2,585,230.0
0,3,585,330.0
0,4,585,190.0
0,0,586,230.0
0,1,586,70.0
0,2,586,250.0
0,3,586,280.0
0,4,586,530.0
0,0,587,290.0
0,1,587,70.0
0,2,587,480.0
0,3,587,320.0
0,4,587,80.0
0,0,588,430.0
0,1,588,160.0
0,2,588,410.0
0,3,588,340.0
0,4,588,110.0
0,0,589,210.0
0,1,589,170.0
0,2,589,270.0
0,3,589,150.0
0,4,589,80.0
0,0,590,280.0
0,1,590,180.0
0,2,590,220.0
0,3,590,310.0
0,4,590,250.0
0,0,591,220.0
0,1,591,310.0
0,2,591,540.0
0,3,591,420.0
0,4,591,190.0
0,0,592,240.0
0,1,592,70.0
0,2,592,190.0
0,3,592,230.0
0,4,592,80.0
0,0,593,520.0
0,1,593,70.0
0,2,593,500.0
0,3,593,320.0
0,4,593,100.0
0,0,594,240.0
0,1,594,150.0
0,2,594,430.0
0,3,594,270.0
0,4,594,260.0
0,0,595,250.0
0,1,595,90.0
0,2,595,140.0
0,3,595,310.0
0,4,595,270.0
0,0,596,320.0
0,1,596,240.0
0,2,596,460.0
0,3,596,220.0
0,4,596,110.0
0,0,597,330.0
0,1,597,320.0
0,2,597,420.0
0,3,597,340.0
0,4,597,280.0
0,0,598,520.0
0,1,598,170.0
0,2,598,310.0
0,3,598,330.0
0,4,598,150.0
0,0,599,500.0
0,1,599,280.0
0,2,599,130.0
0,3,599,460.0
0,4,599,70.0
0,0,600,450.0
0,1,600,510.0
0,2,600,250.0
0,3,600,590.0
0,4,600,500.0
0,0,601,560.0
0,1,601,240.0
0,2,601,290.0
0,3,601,350.0
0,4,601,80.0
0,0,602,130.0
0,1,602,80.0
0,2,602,510.0
0,3,602,480.0
0,4,602,170.0
0,0,603,510.0
0,1,603,140.0
0,2,603,270.0
0,3,603,300.0
0,4,603,440.0
0,0,604,260.0
0,1,604,260.0
0,2,604,690.0
0,3,604,690.0
0,4,604,210.0
0,0,605,240.0
0,1,605,850.0
0,2,605,510.0
0,3,605,890.0
0,4,605,290.0
0,0,606,410.0
0,1,606,370.0
0,2,606,210.0
0,3,606,180.0
0,4,606,300.0
0,0,607,310.0
0,1,607,170.0
0,2,607,510.0
0,3,607,460.0
0,4,607,110.0
0,0,608,260.0
0,1,608,340.0
0,2,608,300.0
0,3,608,370.0
0,4,608,420.0
0,0,609,210.0
0,1,609,130.0
0,2,609,390.0
0,3,609,430.0
0,4,609,120.0
0,0,610,650.0
0,1,610,490.0
0,2,610,620.0
0,3,610,1080.0
0,4,610,140.0
0,0,611,230.0
0,1,611,320.0
0,2,611,90.0
0,3,611,650.0
0,4,611,890.0
0,0,612,570.0
0,1,612,70.0
0,2,612,290.0
0,3,612,350.0
0,4,612,270.0
0,0,613,460.0
0,1,613,240.0
0,2,613,350.0
0,3,613,1040.0
0,4,613,130.0
0,0,614,430.0
0,1,614,270.0
0,2,614,220.0
0,3,614,210.0
0,4,614,80.0
0,0,615,430.0
0,1,615,200.0
0,2,615,260.0
0,3,615,190.0
0,4,615,210.0
0,0,616,220.0
0,1,616,70.0
0,2,616,240.0
0,3,616,1950.0
0,4,616,60.0
0,0,617,330.0
0,1,617,120.0
0,2,617,470.0
0,3,617,170.0
0,4,617,320.0
0,0,618,390.0
0,1,618,300.0
0,2,618,330.0
0,3,618,180.0
0,4,618,220.0
0,0,619,440.0
0,1,619,480.0
0,2,619,420.0
0,3,619,220.0
0,4,619,220.0
0,0,620,200.0
0,1,620,260.0
0,2,620,260.0
0,3,620,200.0
0,4,620,490.0
0,0,621,620.0
0,1,621,120.0
0,2,621,230.0
0,3,621,370.0
0,4,621,250.0
0,0,622,500.0
0,1,622,130.0
0,2,622,940.0
0,3,622,410.0
0,4,622,450.0
0,0,623,230.0
0,1,623,120.0
0,2,623,510.0
0,3,623,210.0
0,4,623,60.0
0,0,624,300.0
0,1,624,860.0
0,2,624,410.0
0,3,624,490.0
0,4,624,340.0
0,0,625,210.0
0,1,625,170.0
0,2,625,370.0
0,3,625,150.0
0,4,625,280.0
0,0,626,310.0
0,1,626,160.0
0,2,626,250.0
0,3,626,270.0
0,4,626,140.0
0,0,627,460.0
0,1,627,230.0
0,2,627,260.0
0,3,627,580.0
0,4,627,440.0
0,0,628,910.0
0,1,628,240.0
0,2,628,970.0
0,3,628,440.0
0,4,628,150.0
0,0,629,430.0
0,1,629,140.0
0,2,629,210.0
0,3,629,360.0
0,4,629,460.0
0,0,630,210.0
0,1,630,100.0
0,2,630,270.0
0,3,630,200.0
0,4,630,120.0
0,0,631,260.0
0,1,631,120.0
0,2,631,250.0
0,3,631,340.0
0,4,631,280.0
0,0,632,640.0
0,1,632,160.0
0,2,632,490.0
0,3,632,300.0
0,4,632,480.0
0,0,633,440.0
0,1,633,450.0
0,2,633,260.0
0,3,633,300.0
0,4,633,450.0
0,0,634,260.0
0,1,634,250.0
0,2,634,260.0
0,3,634,940.0
0,4,634,950.0
0,0,635,470.0
0,1,635,120.0
0,2,635,340.0
0,3,635,200.0
0,4,635,200.0
0,0,636,380.0
0,1,636,230.0
0,2,636,220.0
0,3,636,490.0
0,4,636,280.0
0,0,637,480.0
0,1,637,150.0
0,2,637,450.0
0,3,637,700.0
0,4,637,170.0
0,0,638,280.0
0,1,638,160.0
0,2,638,600.0
0,3,638,170.0
0,4,638,320.0
0,0,639,210.0
0,1,639,90.0
0,2,639,250.0
0,3,639,450.0
0,4,639,300.0
0,0,640,210.0
0,1,640,250.0
0,2,640,500.0
0,3,640,1080.0
0,4,640,180.0
0,0,641,240.0
0,1,641,460.0
0,2,641,320.0
0,3,641,360.0
0,4,641,340.0
0,0,642,490.0
0,1,642,260.0
0,2,642,340.0
0,3,642,200.0
0,4,642,300.0
0,0,643,470.0
0,1,643,260.0
0,2,643,320.0
0,3,643,500.0
0,4,643,1140.0
0,0,644,290.0
0,1,644,80.0
0,2,644,270.0
0,3,644,140.0
0,4,644,220.0
0,0,645,300.0
0,1,645,160.0
0,2,645,860.0
0,3,645,350.0
0,4,645,440.0
0,0,646,180.0
0,1,646,460.0
0,2,646,260.0
0,3,646,620.0
0,4,646,190.0
0,0,647,250.0
0,1,647,250.0
0,2,647,420.0
0,3,647,280.0
0,4,647,330.0
0,0,648,320.0
0,1,648,300.0
0,2,648,240.0
0,3,648,270.0
0,4,648,110.0
0,0,649,500.0
0,1,649,170.0
0,2,649,170.0
0,3,649,330.0
0,4,649,120.0
0,0,650,230.0
0,1,650,130.0
0,2,650,240.0
0,3,650,310.0
0,4,650,290.0
0,0,651,260.0
0,1,651,150.0
0,2,651,230.0
0,3,651,270.0
0,4,651,840.0
0,0,652,910.0
0,1,652,70.0
0,2,652,440.0
0,3,652,310.0
0,4,652,100.0
0,0,653,540.0
0,1,653,70.0
0,2,653,210.0
0,3,653,280.0
0,4,653,280.0
0,0,654,480.0
0,1,654,140.0
0,2,654,450.0
0,3,654,270.0
0,4,654,260.0
0,0,655,300.0
0,1,655,70.0
0,2,655,110.0
0,3,655,240.0
0,4,655,540.0
0,0,656,190.0
0,1,656,160.0
0,2,656,250.0
0,3,656,350.0
0,4,656,280.0
0,0,657,330.0
0,1,657,150.0
0,2,657,310.0
0,3,657,300.0
0,4,657,260.0
0,0,658,270.0
0,1,658,160.0
0,2,658,90.0
0,3,658,280.0
0,4,658,140.0
0,0,659,440.0
0,1,659,230.0
0,2,659,270.0
0,3,659,380.0
0,4,659,100.0
0,0,660,250.0
0,1,660,450.0
0,2,660,230.0
0,3,660,280.0
0,4,660,250.0
0,0,661,300.0
0,1,661,480.0
0,2,661,330.0
0,3,661,190.0
0,4,661,120.0
0,0,662,280.0
0,1,662,450.0
0,2,662,260.0
0,3,662,250.0
0,4,662,60.0
0,0,663,460.0
0,1,663,150.0
0,2,663,230.0
0,3,663,240.0
0,4,663,170.0
0,0,664,320.0
0,1,664,480.0
0,2,664,500.0
0,3,664,230.0
0,4,664,270.0
0,0,665,500.0
0,1,665,250.0
0,2,665,540.0
0,3,665,200.0
0,4,665,120.0
0,0,666,430.0
0,1,666,300.0
0,2,666,180.0
0,3,666,220.0
0,4,666,370.0
0,0,667,180.0
0,1,667,460.0
0,2,667,370.0
0,3,667,190.0
0,4,667,290.0
0,0,668,290.0
0,1,668,140.0
0,2,668,230.0
0,3,668,480.0
0,4,668,270.0
0,0,669,520.0
0,1,669,240.0
0,2,669,1050.0
0,3,669,290.0
0,4,669,120.0
0,0,670,440.0
0,1,670,850.0
0,2,670,280.0
0,3,670,200.0
0,4,670,170.0
0,0,671,880.0
0,1,671,140.0
0,2,671,220.0
0,3,671,400.0
0,4,671,80.0
0,0,672,170.0
0,1,672,80.0
0,2,672,250.0
0,3,672,350.0
0,4,672,280.0
0,0,673,310.0
0,1,673,160.0
0,2,673,270.0
0,3,673,1920.0
0,4,673,250.0
0,0,674,80.0
0,1,674,380.0
0,2,674,320.0
0,3,674,660.0
0,4,674,480.0
0,0,675,230.0
0,1,675,160.0
0,2,675,110.0
0,3,675,340.0
0,4,675,100.0
0,0,676,220.0
0,1,676,460.0
0,2,676,520.0
0,3,676,1010.0
0,4,676,180.0
0,0,677,240.0
0,1,677,90.0
0,2,677,510.0
0,3,677,550.0
0,4,677,120.0
0,0,678,290.0
0,1,678,220.0
0,2,678,260.0
0,3,678,920.0
0,4,678,370.0
0,0,679,250.0
0,1,679,70.0
0,2,679,330.0
0,3,679,600.0
0,4,679,380.0
0,0,680,230.0
0,1,680,190.0
0,2,680,420.0
0,3,680,570.0
0,4,680,80.0
0,0,681,210.0
0,1,681,250.0
0,2,681,270.0
0,3,681,240.0
0,4,681,240.0
0,0,682,230.0
0,1,682,70.0
0,2,682,500.0
0,3,682,490.0
0,4,682,260.0
0,0,683,270.0
0,1,683,500.0
0,2,683,290.0
0,3,683,470.0
0,4,683,140.0
0,0,684,280.0
0,1,684,300.0
0,2,684,210.0
0,3,684,170.0
0,4,684,300.0
0,0,685,220.0
0,1,685,80.0
0,2,685,230.0
0,3,685,440.0
0,4,685,130.0
0,0,686,250.0
0,1,686,160.0
0,2,686,420.0
0,3,686,500.0
0,4,686,100.0
0,0,687,240.0
0,1,687,160.0
0,2,687,110.0
0,3,687,480.0
0,4,687,960.0
0,0,688,220.0
0,1,688,170.0
0,2,688,520.0
0,3,688,340.0
0,4,688,160.0
0,0,689,230.0
0,1,689,270.0
0,2,689,400.0
0,3,689,450.0
0,4,689,510.0
0,0,690,520.0
0,1,690,840.0
0,2,690,200.0
0,3,690,940.0
0,4,690,110.0
0,0,691,450.0
0,1,691,70.0
0,2,691,700.0
0,3,691,340.0
0,4,691,270.0
0,0,692,320.0
0,1,692,170.0
0,2,692,520.0
0,3,692,360.0
0,4,692,130.0
0,0,693,520.0
0,1,693,200.0
0,2,693,240.0
0,3,693,260.0
0,4,693,480.0
0,0,694,320.0
0,1,694,250.0
0,2,694,110.0
0,3,694,500.0
0,4,694,270.0
0,0,695,500.0
0,1,695,130.0
0,2,695,220.0
0,3,695,810.0
0,4,695,1700.0
0,0,696,320.0
0,1,696,750.0
0,2,696,230.0
0,3,696,260.0
0,4,696,260.0
0,0,697,410.0
0,1,697,150.0
0,2,697,220.0
0,3,697,290.0
0,4,697,90.0
0,0,698,820.0
0,1,698,170.0
0,2,698,1680.0
0,3,698,420.0
0,4,698,170.0
0,0,699,230.0
0,1,699,100.0
0,2,699,510.0
0,3,699,360.0
0,4,699,450.0
0,0,700,230.0
0,1,700,340.0
0,2,700,520.0
0,3,700,300.0
0,4,700,210.0
0,0,701,290.0
0,1,701,450.0
0,2,701,250.0
0,3,701,210.0
0,4,701,210.0
0,0,702,310.0
0,1,702,290.0
0,2,702,110.0
0,3,702,960.0
0,4,702,120.0
0,0,703,470.0
0,1,703,850.0
0,2,703,930.0
0,3,703,320.0
0,4,703,330.0
0,0,704,200.0
0,1,704,440.0
0,2,704,280.0
0,3,704,330.0
0,4,704,110.0
0,0,705,410.0
0,1,705,180.0
0,2,705,330.0
0,3,705,740.0
0,4,705,100.0
0,0,706,470.0
0,1,706,130.0
0,2,706,530.0
0,3,706,690.0
0,4,706,270.0
0,0,707,500.0
0,1,707,130.0
0,2,707,230.0
0,3,707,880.0
0,4,707,250.0
0,0,708,70.0
0,1,708,220.0
0,2,708,940.0
0,3,708,730.0
0,4,708,80.0
0,0,709,250.0
0,1,709,310.0
0,2,709,110.0
0,3,709,510.0
0,4,709,150.0
0,0,710,220.0
0,1,710,240.0
0,2,710,180.0
0,3,710,190.0
0,4,710,300.0
0,0,711,830.0
0,1,711,250.0
0,2,711,130.0
0,3,711,640.0
0,4,711,100.0
0,0,712,320.0
0,1,712,90.0
0,2,712,510.0
0,3,712,270.0
0,4,712,100.0
0,0,713,810.0
0,1,713,520.0
0,2,713,270.0
0,3,713,870.0
0,4,713,110.0
0,0,714,280.0
0,1,714,290.0
0,2,714,460.0
0,3,714,540.0
0,4,714,160.0
0,0,715,380.0
0,1,715,910.0
0,2,715,610.0
0,3,715,480.0
0,4,715,1640.0
0,0,716,230.0
0,1,716,390.0
0,2,716,500.0
0,3,716,280.0
0,4,716,100.0
0,0,717,430.0
0,1,717,250.0
0,2,717,460.0
0,3,717,230.0
0,4,717,150.0
0,0,718,230.0
0,1,718,570.0
0,2,718,460.0
0,3,718,420.0
0,4,718,170.0
0,0,719,450.0
0,1,719,900.0
0,2,719,170.0
0,3,719,420.0
0,4,719,170.0
0,0,720,240.0
0,1,720,270.0
0,2,720,230.0
0,3,720,380.0
0,4,720,270.0
0,0,721,110.0
0,1,721,220.0
0,2,721,240.0
0,3,721,580.0
0,4,721,170.0
0,0,722,430.0
0,1,722,250.0
0,2,722,240.0
0,3,722,240.0
0,4,722,100.0
0,0,723,500.0
0,1,723,240.0
0,2,723,80.0
0,3,723,410.0
0,4,723,200.0
0,0,724,230.0
0,1,724,80.0
0,2,724,220.0
0,3,724,310.0
0,4,724,200.0
0,0,725,300.0
0,1,725,180.0
0,2,725,230.0
0,3,725,980.0
0,4,725,60.0
0,0,726,680.0
0,1,726,120.0
0,2,726,250.0
0,3,726,270.0
0,4,726,250.0
0,0,727,420.0
0,1,727,70.0
0,2,727,280.0
0,3,727,530.0
0,4,727,60.0
0,0,728,250.0
0,1,728,220.0
0,2,728,260.0
0,3,728,300.0
0,4,728,60.0
0,0,729,310.0
0,1,729,450.0
0,2,729,200.0
0,3,729,580.0
0,4,729,300.0
0,0,730,190.0
0,1,730,520.0
0,2,730,340.0
0,3,730,420.0
0,4,730,230.0
0,0,731,420.0
0,1,731,240.0
0,2,731,440.0
0,3,731,280.0
0,4,731,110.0
0,0,732,900.0
0,1,732,170.0
0,2,732,330.0
0,3,732,440.0
0,4,732,260.0
0,0,733,440.0
0,1,733,170.0
0,2,733,250.0
0,3,733,300.0
0,4,733,140.0
0,0,734,190.0
0,1,734,170.0
0,2,734,260.0
0,3,734,360.0
0,4,734,250.0
0,0,735,950.0
0,1,735,430.0
0,2,735,530.0
0,3,735,350.0
0,4,735,100.0
0,0,736,290.0
0,1,736,150.0
0,2,736,220.0
0,3,736,150.0
0,4,736,180.0
0,0,737,460.0
0,1,737,70.0
0,2,737,170.0
0,3,737,580.0
0,4,737,170.0
0,0,738,520.0
0,1,738,840.0
0,2,738,250.0
0,3,738,400.0
0,4,738,210.0
0,0,739,860.0
0,1,739,150.0
0,2,739,210.0
0,3,739,950.0
0,4,739,70.0
0,0,740,300.0
0,1,740,210.0
0,2,740,220.0
0,3,740,320.0
0,4,740,240.0
0,0,741,260.0
0,1,741,900.0
0,2,741,250.0
0,3,741,680.0
0,4,741,480.0
0,0,742,480.0
0,1,742,420.0
0,2,742,250.0
0,3,742,540.0
0,4,742,210.0
0,0,743,480.0
0,1,743,150.0
0,2,743,260.0
0,3,743,390.0
0,4,743,100.0
0,0,744,290.0
0,1,744,480.0
0,2,744,240.0
0,3,744,880.0
0,4,744,440.0
0,0,745,540.0
0,1,745,450.0
0,2,745,300.0
0,3,745,340.0
0,4,745,300.0
0,0,746,450.0
0,1,746,60.0
0,2,746,250.0
0,3,746,270.0
0,4,746,230.0
0,0,747,400.0
0,1,747,210.0
0,2,747,230.0
0,3,747,240.0
0,4,747,250.0
0,0,748,430.0
0,1,748,190.0
0,2,748,270.0
0,3,748,350.0
0,4,748,270.0
0,0,749,320.0
0,1,749,210.0
0,2,749,210.0
0,3,749,450.0
0,4,749,160.0
0,0,750,480.0
0,1,750,260.0
0,2,750,170.0
0,3,750,930.0
0,4,750,200.0
0,0,751,240.0
0,1,751,80.0
0,2,751,260.0
0,3,751,310.0
0,4,751,120.0
0,0,752,310.0
0,1,752,450.0
0,2,752,380.0
0,3,752,700.0
0,4,752,100.0
0,0,753,490.0
0,1,753,160.0
0,2,753,210.0
0,3,753,290.0
0,4,753,190.0
0,0,754,320.0
0,1,754,70.0
0,2,754,280.0
0,3,754,310.0
0,4,754,120.0
0,0,755,200.0
0,1,755,470.0
0,2,755,230.0
0,3,755,320.0
0,4,755,90.0
0,0,756,230.0
0,1,756,80.0
0,2,756,280.0
0,3,756,310.0
0,4,756,300.0
0,0,757,240.0
0,1,757,240.0
0,2,757,260.0
0,3,757,370.0
0,4,757,120.0
0,0,758,490.0
0,1,758,310.0
0,2,758,110.0
0,3,758,270.0
0,4,758,270.0
0,0,759,300.0
0,1,759,400.0
0,2,759,190.0
0,3,759,250.0
0,4,759,280.0
0,0,760,200.0
0,1,760,270.0
0,2,760,260.0
0,3,760,220.0
0,4,760,490.0
0,0,761,250.0
0,1,761,170.0
0,2,761,300.0
0,3,761,230.0
0,4,761,530.0
0,0,762,330.0
0,1,762,160.0
0,2,762,310.0
0,3,762,330.0
0,4,762,120.0
0,0,763,250.0
0,1,763,180.0
0,2,763,500.0
0,3,763,280.0
0,4,763,140.0
0,0,764,230.0
0,1,764,150.0
0,2,764,260.0
0,3,764,1750.0
0,4,764,150.0
0,0,765,230.0
0,1,765,70.0
0,2,765,480.0
0,3,765,230.0
0,4,765,250.0
0,0,766,230.0
0,1,766,470.0
0,2,766,300.0
0,3,766,260.0
0,4,766,480.0
0,0,767,480.0
0,1,767,290.0
0,2,767,240.0
0,3,767,240.0
0,4,767,330.0
0,0,768,490.0
0,1,768,310.0
0,2,768,430.0
0,3,768,210.0
0,4,768,130.0
0,0,769,230.0
0,1,769,340.0
0,2,769,490.0
0,3,769,270.0
0,4,769,200.0
0,0,770,860.0
0,1,770,850.0
0,2,770,460.0
0,3,770,180.0
0,4,770,110.0
0,0,771,850.0
0,1,771,310.0
0,2,771,270.0
0,3,771,220.0
0,4,771,880.0
0,0,772,260.0
0,1,772,500.0
0,2,772,260.0
0,3,772,180.0
0,4,772,400.0
0,0,773,250.0
0,1,773,170.0
0,2,773,240.0
0,3,773,240.0
0,4,773,480.0
0,0,774,230.0
0,1,774,220.0
0,2,774,270.0
0,3,774,320.0
0,4,774,140.0
0,0,775,460.0
0,1,775,170.0
0,2,775,500.0
0,3,775,200.0
0,4,775,350.0
0,0,776,550.0
0,1,776,300.0
0,2,776,230.0
0,3,776,210.0
0,4,776,100.0
0,0,777,300.0
0,1,777,160.0
0,2,777,830.0
0,3,777,240.0
0,4,777,280.0
0,0,778,250.0
0,1,778,150.0
0,2,778,330.0
0,3,778,210.0
0,4,778,240.0
0,0,779,920.0
0,1,779,500.0
0,2,779,330.0
0,3,779,1030.0
0,4,779,300.0
0,0,780,490.0
0,1,780,300.0
0,2,780,270.0
0,3,780,370.0
0,4,780,110.0
0,0,781,240.0
0,1,781,470.0
0,2,781,270.0
0,3,781,300.0
0,4,781,200.0
0,0,782,310.0
0,1,782,150.0
0,2,782,490.0
0,3,782,200.0
0,4,782,650.0
0,0,783,190.0
0,1,783,230.0
0,2,783,330.0
0,3,783,410.0
0,4,783,440.0
0,0,784,860.0
0,1,784,150.0
0,2,784,280.0
0,3,784,160.0
0,4,784,290.0
0,0,785,170.0
0,1,785,160.0
0,2,785,280.0
0,3,785,410.0
0,4,785,380.0
0,0,786,190.0
0,1,786,450.0
0,2,786,110.0
0,3,786,240.0
0,4,786,230.0
0,0,787,260.0
0,1,787,60.0
0,2,787,110.0
0,3,787,270.0
0,4,787,80.0
0,0,788,80.0
0,1,788,140.0
0,2,788,310.0
0,3,788,220.0
0,4,788,440.0
0,0,789,290.0
0,1,789,530.0
0,2,789,250.0
0,3,789,170.0
0,4,789,60.0
0,0,790,210.0
0,1,790,70.0
0,2,790,210.0
0,3,790,260.0
0,4,790,250.0
0,0,791,320.0
0,1,791,70.0
0,2,791,120.0
0,3,791,150.0
0,4,791,1040.0
0,0,792,230.0
0,1,792,170.0
0,2,792,1670.0
0,3,792,330.0
0,4,792,330.0
0,0,793,230.0
0,1,793,250.0
0,2,793,120.0
0,3,793,520.0
0,4,793,230.0
0,0,794,440.0
0,1,794,90.0
0,2,794,480.0
0,3,794,240.0
0,4,794,200.0
0,0,795,520.0
0,1,795,70.0
0,2,795,540.0
0,3,795,510.0
0,4,795,330.0
0,0,796,300.0
0,1,796,200.0
0,2,796,300.0
0,3,796,560.0
0,4,796,90.0
0,0,797,310.0
0,1,797,470.0
0,2,797,180.0
0,3,797,500.0
0,4,797,110.0
0,0,798,310.0
0,1,798,260.0
0,2,798,120.0
0,3,798,1710.0
0,4,798,170.0
0,0,799,230.0
0,1,799,200.0
0,2,799,450.0
0,3,799,260.0
0,4,799,120.0
0,0,800,280.0
0,1,800,240.0
0,2,800,510.0
0,3,800,480.0
0,4,800,160.0
0,0,801,520.0
0,1,801,170.0
0,2,801,320.0
0,3,801,460.0
0,4,801,80.0
0,0,802,250.0
0,1,802,900.0
0,2,802,310.0
0,3,802,620.0
0,4,802,330.0
0,0,803,280.0
0,1,803,180.0
0,2,803,250.0
0,3,803,230.0
0,4,803,530.0
0,0,804,520.0
0,1,804,100.0
0,2,804,320.0
0,3,804,500.0
0,4,804,240.0
0,0,805,450.0
0,1,805,200.0
0,2,805,110.0
0,3,805,130.0
0,4,805,340.0
0,0,806,230.0
0,1,806,270.0
0,2,806,240.0
0,3,806,340.0
0,4,806,210.0
0,0,807,580.0
0,1,807,250.0
0,2,807,230.0
0,3,807,180.0
0,4,807,290.0
0,0,808,290.0
0,1,808,90.0
0,2,808,210.0
0,3,808,330.0
0,4,808,900.0
0,0,809,680.0
0,1,809,1010.0
0,2,809,210.0
0,3,809,380.0
0,4,809,80.0
0,0,810,950.0
0,1,810,330.0
0,2,810,300.0
0,3,810,1100.0
0,4,810,940.0
0,0,811,220.0
0,1,811,460.0
0,2,811,450.0
0,3,811,460.0
0,4,811,230.0
0,0,812,250.0
0,1,812,90.0
0,2,812,320.0
0,3,812,130.0
0,4,812,260.0
0,0,813,190.0
0,1,813,70.0
0,2,813,530.0
0,3,813,260.0
0,4,813,90.0
0,0,814,480.0
0,1,814,180.0
0,2,814,520.0
0,3,814,550.0
0,4,814,80.0
0,0,815,300.0
0,1,815,80.0
0,2,815,310.0
0,3,815,210.0
0,4,815,260.0
0,0,816,320.0
0,1,816,1000.0
0,2,816,460.0
0,3,816,130.0
0,4,816,110.0
0,0,817,260.0
0,1,817,230.0
0,2,817,110.0
0,3,817,560.0
0,4,817,70.0
0,0,818,280.0
0,1,818,250.0
0,2,818,540.0
0,3,818,190.0
0,4,818,100.0
0,0,819,260.0
0,1,819,70.0
0,2,819,250.0
0,3,819,940.0
0,4,819,100.0
0,0,820,490.0
0,1,820,170.0
0,2,820,340.0
0,3,820,670.0
0,4,820,200.0
0,0,821,250.0
0,1,821,430.0
0,2,821,460.0
0,3,821,540.0
0,4,821,170.0
0,0,822,500.0
0,1,822,170.0
0,2,822,230.0
0,3,822,200.0
0,4,822,300.0
0,0,823,310.0
0,1,823,90.0
0,2,823,270.0
0,3,823,220.0
0,4,823,250.0
0,0,824,440.0
0,1,824,170.0
0,2,824,320.0
0,3,824,310.0
0,4,824,1040.0
0,0,825,450.0
0,1,825,490.0
0,2,825,170.0
0,3,825,150.0
0,4,825,80.0
0,0,826,260.0
0,1,826,850.0
0,2,826,230.0
0,3,826,480.0
0,4,826,90.0
0,0,827,490.0
0,1,827,210.0
0,2,827,480.0
0,3,827,1040.0
0,4,827,90.0
0,0,828,490.0
0,1,828,850.0
0,2,828,430.0
0,3,828,270.0
0,4,828,290.0
0,0,829,320.0
0,1,829,160.0
0,2,829,180.0
0,3,829,890.0
0,4,829,310.0
0,0,830,260.0
0,1,830,540.0
0,2,830,250.0
0,3,830,1990.0
0,4,830,220.0
0,0,831,200.0
0,1,831,70.0
0,2,831,590.0
0,3,831,80.0
0,4,831,230.0
0,0,832,480.0
0,1,832,840.0
0,2,832,390.0
0,3,832,260.0
0,4,832,110.0
0,0,833,450.0
0,1,833,280.0
0,2,833,420.0
0,3,833,200.0
0,4,833,130.0
0,0,834,920.0
0,1,834,540.0
0,2,834,250.0
0,3,834,270.0
0,4,834,170.0
0,0,835,400.0
0,1,835,380.0
0,2,835,240.0
0,3,835,350.0
0,4,835,130.0
0,0,836,230.0
0,1,836,70.0
0,2,836,320.0
0,3,836,260.0
0,4,836,210.0
0,0,837,520.0
0,1,837,280.0
0,2,837,200.0
0,3,837,480.0
0,4,837,100.0
0,0,838,250.0
0,1,838,180.0
0,2,838,210.0
0,3,838,420.0
0,4,838,190.0
0,0,839,440.0
0,1,839,180.0
0,2,839,310.0
0,3,839,870.0
0,4,839,160.0
0,0,840,450.0
0,1,840,330.0
0,2,840,450.0
0,3,840,340.0
0,4,840,190.0
0,0,841,460.0
0,1,841,350.0
0,2,841,290.0
0,3,841,220.0
0,4,841,450.0
0,0,842,510.0
0,1,842,450.0
0,2,842,250.0
0,3,842,330.0
0,4,842,230.0
0,0,843,210.0
0,1,843,500.0
0,2,843,70.0
0,3,843,300.0
0,4,843,100.0
0,0,844,260.0
0,1,844,840.0
0,2,844,610.0
0,3,844,410.0
0,4,844,160.0
0,0,845,290.0
0,1,845,240.0
0,2,845,250.0
0,3,845,310.0
0,4,845,170.0
0,0,846,210.0
0,1,846,70.0
0,2,846,270.0
0,3,846,550.0
0,4,846,500.0
0,0,847,250.0
0,1,847,540.0
0,2,847,310.0
0,3,847,290.0
0,4,847,210.0
0,0,848,210.0
0,1,848,90.0
0,2,848,120.0
0,3,848,450.0
0,4,848,290.0
0,0,849,310.0
0,1,849,260.0
0,2,849,110.0
0,3,849,290.0
0,4,849,360.0
0,0,850,310.0
0,1,850,870.0
0,2,850,240.0
0,3,850,390.0
0,4,850,100.0
0,0,851,230.0
0,1,851,920.0
0,2,851,470.0
0,3,851,240.0
0,4,851,470.0
0,0,852,500.0
0,1,852,170.0
0,2,852,220.0
0,3,852,280.0
0,4,852,100.0
0,0,853,310.0
0,1,853,290.0
0,2,853,450.0
0,3,853,200.0
0,4,853,410.0
0,0,854,110.0
0,1,854,90.0
0,2,854,520.0
0,3,854,230.0
0,4,854,180.0
0,0,855,510.0
0,1,855,150.0
0,2,855,320.0
0,3,855,1140.0
0,4,855,130.0
0,0,856,310.0
0,1,856,100.0
0,2,856,440.0
0,3,856,640.0
0,4,856,410.0
0,0,857,210.0
0,1,857,200.0
0,2,857,130.0
0,3,857,300.0
0,4,857,110.0
0,0,858,270.0
0,1,858,100.0
0,2,858,260.0
0,3,858,400.0
0,4,858,260.0
0,0,859,250.0
0,1,859,520.0
0,2,859,520.0
0,3,859,240.0
0,4,859,860.0
0,0,860,420.0
0,1,860,260.0
0,2,860,310.0
0,3,860,570.0
0,4,860,250.0
0,0,861,170.0
0,1,861,90.0
0,2,861,430.0
0,3,861,160.0
0,4,861,350.0
0,0,862,450.0
0,1,862,270.0
0,2,862,180.0
0,3,862,550.0
0,4,862,100.0
0,0,863,330.0
0,1,863,170.0
0,2,863,330.0
0,3,863,520.0
0,4,863,550.0
0,0,864,920.0
0,1,864,80.0
0,2,864,220.0
0,3,864,550.0
0,4,864,240.0
0,0,865,410.0
0,1,865,110.0
0,2,865,290.0
0,3,865,600.0
0,4,865,180.0
0,0,866,210.0
0,1,866,80.0
0,2,866,220.0
0,3,866,740.0
0,4,866,520.0
0,0,867,200.0
0,1,867,250.0
0,2,867,310.0
0,3,867,240.0
0,4,867,180.0
0,0,868,280.0
0,1,868,60.0
0,2,868,220.0
0,3,868,550.0
0,4,868,340.0
0,0,869,440.0
0,1,869,180.0
0,2,869,460.0
0,3,869,640.0
0,4,869,230.0
0,0,870,400.0
0,1,870,90.0
0,2,870,230.0
0,3,870,530.0
0,4,870,130.0
0,0,871,450.0
0,1,871,240.0
0,2,871,240.0
0,3,871,330.0
0,4,871,260.0
0,0,872,230.0
0,1,872,200.0
0,2,872,180.0
0,3,872,400.0
0,4,872,340.0
0,0,873,420.0
0,1,873,330.0
0,2,873,230.0
0,3,873,190.0
0,4,873,240.0
0,0,874,500.0
0,1,874,70.0
0,2,874,260.0
0,3,874,290.0
0,4,874,200.0
0,0,875,260.0
0,1,875,140.0
0,2,875,200.0
0,3,875,390.0
0,4,875,120.0
0,0,876,240.0
0,1,876,80.0
0,2,876,240.0
0,3,876,530.0
0,4,876,400.0
0,0,877,830.0
0,1,877,90.0
0,2,877,220.0
0,3,877,320.0
0,4,877,310.0
0,0,878,610.0
0,1,878,190.0
0,2,878,240.0
0,3,878,510.0
0,4,878,290.0
0,0,879,340.0
0,1,879,90.0
0,2,879,220.0
0,3,879,710.0
0,4,879,170.0
0,0,880,240.0
0,1,880,80.0
0,2,880,220.0
0,3,880,300.0
0,4,880,220.0
0,0,881,210.0
0,1,881,180.0
0,2,881,250.0
0,3,881,300.0
0,4,881,220.0
0,0,882,290.0
0,1,882,450.0
0,2,882,250.0
0,3,882,280.0
0,4,882,320.0
0,0,883,580.0
0,1,883,310.0
0,2,883,210.0
0,3,883,220.0
0,4,883,360.0
0,0,884,530.0
0,1,884,110.0
0,2,884,210.0
0,3,884,290.0
0,4,884,280.0
0,0,885,260.0
0,1,885,300.0
0,2,885,250.0
0,3,885,230.0
0,4,885,240.0
0,0,886,230.0
0,1,886,70.0
0,2,886,260.0
0,3,886,520.0
0,4,886,100.0
0,0,887,250.0
0,1,887,860.0
0,2,887,190.0
0,3,887,290.0
0,4,887,300.0
0,0,888,100.0
0,1,888,530.0
0,2,888,210.0
0,3,888,970.0
0,4,888,120.0
0,0,889,430.0
0,1,889,860.0
0,2,889,230.0
0,3,889,950.0
0,4,889,260.0
0,0,890,490.0
0,1,890,60.0
0,2,890,260.0
0,3,890,700.0
0,4,890,320.0
0,0,891,480.0
0,1,891,430.0
0,2,891,230.0
0,3,891,230.0
0,4,891,200.0
0,0,892,330.0
0,1,892,70.0
0,2,892,170.0
0,3,892,360.0
0,4,892,100.0
0,0,893,220.0
0,1,893,70.0
0,2,893,280.0
0,3,893,570.0
0,4,893,180.0
0,0,894,310.0
0,1,894,360.0
0,2,894,210.0
0,3,894,310.0
0,4,894,480.0
0,0,895,450.0
0,1,895,480.0
0,2,895,440.0
0,3,895,280.0
0,4,895,410.0
0,0,896,330.0
0,1,896,300.0
0,2,896,290.0
0,3,896,210.0
0,4,896,200.0
0,0,897,320.0
0,1,897,340.0
0,2,897,200.0
0,3,897,360.0
0,4,897,300.0
0,0,898,260.0
0,1,898,210.0
0,2,898,440.0
0,3,898,320.0
0,4,898,250.0
0,0,899,880.0
0,1,899,110.0
0,2,899,320.0
0,3,899,540.0
0,4,899,110.0
0,0,900,210.0
0,1,900,250.0
0,2,900,110.0
0,3,900,560.0
0,4,900,150.0
0,0,901,250.0
0,1,901,460.0
0,2,901,260.0
0,3,901,600.0
0,4,901,340.0
0,0,902,260.0
0,1,902,190.0
0,2,902,150.0
0,3,902,300.0
0,4,902,140.0
0,0,903,820.0
0,1,903,70.0
0,2,903,210.0
0,3,903,260.0
0,4,903,320.0
0,0,904,220.0
0,1,904,1170.0
0,2,904,250.0
0,3,904,970.0
0,4,904,250.0
0,0,905,510.0
0,1,905,460.0
0,2,905,210.0
0,3,905,390.0
0,4,905,250.0
0,0,906,530.0
0,1,906,370.0
0,2,906,270.0
0,3,906,370.0
0,4,906,320.0
0,0,907,290.0
0,1,907,470.0
0,2,907,520.0
0,3,907,490.0
0,4,907,110.0
0,0,908,520.0
0,1,908,120.0
0,2,908,210.0
0,3,908,610.0
0,4,908,320.0
0,0,909,460.0
0,1,909,200.0
0,2,909,180.0
0,3,909,430.0
0,4,909,270.0
0,0,910,230.0
0,1,910,460.0
0,2,910,510.0
0,3,910,560.0
0,4,910,110.0
0,0,911,290.0
0,1,911,170.0
0,2,911,290.0
0,3,911,400.0
0,4,911,180.0
0,0,912,280.0
0,1,912,220.0
0,2,912,260.0
0,3,912,330.0
0,4,912,180.0
0,0,913,240.0
0,1,913,890.0
0,2,913,220.0
0,3,913,570.0
0,4,913,230.0
0,0,914,160.0
0,1,914,210.0
0,2,914,240.0
0,3,914,320.0
0,4,914,300.0
0,0,915,470.0
0,1,915,200.0
0,2,915,310.0
0,3,915,390.0
0,4,915,530.0
0,0,916,500.0
0,1,916,90.0
0,2,916,210.0
0,3,916,360.0
0,4,916,300.0
0,0,917,80.0
0,1,917,90.0
0,2,917,310.0
0,3,917,350.0
0,4,917,360.0
0,0,918,520.0
0,1,918,840.0
0,2,918,230.0
0,3,918,310.0
0,4,918,680.0
0,0,919,230.0
0,1,919,90.0
0,2,919,230.0
0,3,919,960.0
0,4,919,350.0
0,0,920,310.0
0,1,920,540.0
0,2,920,500.0
0,3,920,230.0
0,4,920,150.0
0,0,921,220.0
0,1,921,260.0
0,2,921,200.0
0,3,921,480.0
0,4,921,230.0
0,0,922,70.0
0,1,922,460.0
0,2,922,120.0
0,3,922,180.0
0,4,922,290.0
0,0,923,160.0
0,1,923,930.0
0,2,923,470.0
0,3,923,360.0
0,4,923,410.0
0,0,924,270.0
0,1,924,550.0
0,2,924,230.0
0,3,924,490.0
0,4,924,210.0
0,0,925,260.0
0,1,925,210.0
0,2,925,330.0
0,3,925,370.0
0,4,925,310.0
0,0,926,240.0
0,1,926,270.0
0,2,926,280.0
0,3,926,360.0
0,4,926,120.0
0,0,927,260.0
0,1,927,230.0
0,2,927,110.0
0,3,927,900.0
0,4,927,320.0
0,0,928,300.0
0,1,928,70.0
0,2,928,420.0
0,3,928,220.0
0,4,928,430.0
0,0,929,380.0
0,1,929,80.0
0,2,929,460.0
0,3,929,890.0
0,4,929,280.0
0,0,930,490.0
0,1,930,90.0
0,2,930,240.0
0,3,930,210.0
0,4,930,390.0
0,0,931,270.0
0,1,931,110.0
0,2,931,90.0
0,3,931,340.0
0,4,931,250.0
0,0,932,510.0
0,1,932,370.0
0,2,932,330.0
0,3,932,220.0
0,4,932,640.0
0,0,933,240.0
0,1,933,530.0
0,2,933,450.0
0,3,933,300.0
0,4,933,300.0
0,0,934,860.0
0,1,934,160.0
0,2,934,510.0
0,3,934,210.0
0,4,934,400.0
0,0,935,230.0
0,1,935,480.0
0,2,935,470.0
0,3,935,920.0
0,4,935,180.0
0,0,936,180.0
0,1,936,60.0
0,2,936,300.0
0,3,936,300.0
0,4,936,270.0
0,0,937,430.0
0,1,937,90.0
0,2,937,110.0
0,3,937,140.0
0,4,937,60.0
0,0,938,180.0
0,1,938,940.0
0,2,938,210.0
0,3,938,570.0
0,4,938,360.0
0,0,939,200.0
0,1,939,580.0
0,2,939,190.0
0,3,939,290.0
0,4,939,270.0
0,0,940,460.0
0,1,940,230.0
0,2,940,500.0
0,3,940,310.0
0,4,940,390.0
0,0,941,860.0
0,1,941,950.0
0,2,941,180.0
0,3,941,630.0
0,4,941,200.0
0,0,942,220.0
0,1,942,170.0
0,2,942,530.0
0,3,942,200.0
0,4,942,280.0
0,0,943,230.0
0,1,943,260.0
0,2,943,300.0
0,3,943,300.0
0,4,943,270.0
0,0,944,850.0
0,1,944,220.0
0,2,944,730.0
0,3,944,110.0
0,4,944,180.0
0,0,945,210.0
0,1,945,400.0
0,2,945,530.0
0,3,945,190.0
0,4,945,130.0
0,0,946,430.0
0,1,946,200.0
0,2,946,520.0
0,3,946,840.0
0,4,946,590.0
0,0,947,880.0
0,1,947,110.0
0,2,947,240.0
0,3,947,170.0
0,4,947,210.0
0,0,948,240.0
0,1,948,200.0
0,2,948,110.0
0,3,948,230.0
0,4,948,270.0
0,0,949,490.0
0,1,949,1150.0
0,2,949,350.0
0,3,949,260.0
0,4,949,270.0
0,0,950,360.0
0,1,950,80.0
0,2,950,520.0
0,3,950,280.0
0,4,950,310.0
0,0,951,280.0
0,1,951,200.0
0,2,951,440.0
0,3,951,180.0
0,4,951,700.0
0,0,952,170.0
0,1,952,900.0
0,2,952,250.0
0,3,952,610.0
0,4,952,220.0
0,0,953,460.0
0,1,953,160.0
0,2,953,460.0
0,3,953,430.0
0,4,953,340.0
0,0,954,240.0
0,1,954,330.0
0,2,954,140.0
0,3,954,290.0
0,4,954,270.0
0,0,955,910.0
0,1,955,120.0
0,2,955,270.0
0,3,955,220.0
0,4,955,380.0
0,0,956,490.0
0,1,956,60.0
0,2,956,180.0
0,3,956,530.0
0,4,956,330.0
0,0,957,290.0
0,1,957,160.0
0,2,957,200.0
0,3,957,180.0
0,4,957,370.0
0,0,958,90.0
0,1,958,530.0
0,2,958,200.0
0,3,958,390.0
0,4,958,100.0
0,0,959,110.0
0,1,959,300.0
0,2,959,230.0
0,3,959,370.0
0,4,959,670.0
0,0,960,310.0
0,1,960,220.0
0,2,960,230.0
0,3,960,450.0
0,4,960,220.0
0,0,961,230.0
0,1,961,270.0
0,2,961,160.0
0,3,961,470.0
0,4,961,200.0
0,0,962,460.0
0,1,962,270.0
0,2,962,350.0
0,3,962,220.0
0,4,962,300.0
0,0,963,230.0
0,1,963,400.0
0,2,963,260.0
0,3,963,420.0
0,4,963,530.0
0,0,964,110.0
0,1,964,220.0
0,2,964,290.0
0,3,964,1760.0
0,4,964,170.0
0,0,965,270.0
0,1,965,490.0
0,2,965,220.0
0,3,965,650.0
0,4,965,220.0
0,0,966,250.0
0,1,966,290.0
0,2,966,110.0
0,3,966,150.0
0,4,966,120.0
0,0,967,320.0
0,1,967,260.0
0,2,967,260.0
0,3,967,250.0
0,4,967,230.0
0,0,968,280.0
0,1,968,100.0
0,2,968,220.0
0,3,968,310.0
0,4,968,330.0
0,0,969,200.0
0,1,969,100.0
0,2,969,460.0
0,3,969,280.0
0,4,969,270.0
0,0,970,230.0
0,1,970,250.0
0,2,970,170.0
0,3,970,330.0
0,4,970,210.0
0,0,971,230.0
0,1,971,160.0
0,2,971,340.0
0,3,971,410.0
0,4,971,110.0
0,0,972,430.0
0,1,972,90.0
0,2,972,260.0
0,3,972,470.0
0,4,972,130.0
0,0,973,210.0
0,1,973,90.0
0,2,973,190.0
0,3,973,530.0
0,4,973,200.0
0,0,974,490.0
0,1,974,410.0
0,2,974,320.0
0,3,974,670.0
0,4,974,240.0
0,0,975,470.0
0,1,975,460.0
0,2,975,870.0
0,3,975,280.0
0,4,975,300.0
0,0,976,460.0
0,1,976,430.0
0,2,976,220.0
0,3,976,580.0
0,4,976,100.0
0,0,977,220.0
0,1,977,100.0
0,2,977,270.0
0,3,977,270.0
0,4,977,190.0
0,0,978,180.0
0,1,978,460.0
0,2,978,390.0
0,3,978,230.0
0,4,978,350.0
0,0,979,230.0
0,1,979,150.0
0,2,979,290.0
0,3,979,240.0
0,4,979,120.0
0,0,980,430.0
0,1,980,100.0
0,2,980,170.0
0,3,980,310.0
0,4,980,210.0
0,0,981,560.0
0,1,981,570.0
0,2,981,250.0
0,3,981,230.0
0,4,981,150.0
0,0,982,440.0
0,1,982,470.0
0,2,982,530.0
0,3,982,280.0
0,4,982,290.0
0,0,983,470.0
0,1,983,80.0
0,2,983,440.0
0,3,983,220.0
0,4,983,340.0
0,0,984,180.0
0,1,984,190.0
0,2,984,320.0
0,3,984,1790.0
0,4,984,360.0
0,0,985,1650.0
0,1,985,160.0
0,2,985,110.0
0,3,985,440.0
0,4,985,310.0
0,0,986,380.0
0,1,986,190.0
0,2,986,80.0
0,3,986,330.0
0,4,986,110.0
0,0,987,230.0
0,1,987,80.0
0,2,987,1650.0
0,3,987,950.0
0,4,987,140.0
0,0,988,320.0
0,1,988,240.0
0,2,988,850.0
0,3,988,580.0
0,4,988,320.0
0,0,989,260.0
0,1,989,90.0
0,2,989,250.0
0,3,989,290.0
0,4,989,280.0
0,0,990,840.0
0,1,990,410.0
0,2,990,240.0
0,3,990,350.0
0,4,990,260.0
0,0,991,550.0
0,1,991,450.0
0,2,991,80.0
0,3,991,430.0
0,4,991,280.0
0,0,992,540.0
0,1,992,180.0
0,2,992,570.0
0,3,992,360.0
0,4,992,280.0
0,0,993,310.0
0,1,993,480.0
0,2,993,260.0
0,3,993,320.0
0,4,993,430.0
0,0,994,460.0
0,1,994,330.0
0,2,994,550.0
0,3,994,550.0
0,4,994,70.0
0,0,995,280.0
0,1,995,860.0
0,2,995,270.0
0,3,995,680.0
0,4,995,590.0
0,0,996,440.0
0,1,996,440.0
0,2,996,440.0
0,3,996,200.0
0,4,996,270.0
0,0,997,480.0
0,1,997,210.0
0,2,997,230.0
0,3,997,480.0
0,4,997,150.0
0,0,998,230.0
0,1,998,320.0
0,2,998,450.0
0,3,998,230.0
0,4,998,160.0
0,0,999,250.0
0,1,999,850.0
0,2,999,380.0
0,3,999,220.0
0,4,999,280.0
0,0,1000,420.0
0,1,1000,160.0
0,2,1000,470.0
0,3,1000,200.0
0,4,1000,240.0
0,0,1001,320.0
0,1,1001,250.0
0,2,1001,270.0
0,3,1001,370.0
0,4,1001,290.0
0,0,1002,440.0
0,1,1002,460.0
0,2,1002,90.0
0,3,1002,280.0
0,4,1002,400.0
0,0,1003,430.0
0,1,1003,60.0
0,2,1003,420.0
0,3,1003,260.0
0,4,1003,100.0
0,0,1004,360.0
0,1,1004,620.0
0,2,1004,230.0
0,3,1004,540.0
0,4,1004,250.0
0,0,1005,400.0
0,1,1005,90.0
0,2,1005,220.0
0,3,1005,140.0
0,4,1005,140.0
0,0,1006,230.0
0,1,1006,460.0
0,2,1006,460.0
0,3,1006,190.0
0,4,1006,220.0
0,0,1007,460.0
0,1,1007,550.0
0,2,1007,510.0
0,3,1007,630.0
0,4,1007,330.0
0,0,1008,500.0
0,1,1008,90.0
0,2,1008,520.0
0,3,1008,150.0
0,4,1008,360.0
0,0,1009,510.0
0,1,1009,80.0
0,2,1009,630.0
0,3,1009,430.0
0,4,1009,210.0
0,0,1010,180.0
0,1,1010,840.0
0,2,1010,270.0
0,3,1010,950.0
0,4,1010,190.0
0,0,1011,300.0
0,1,1011,80.0
0,2,1011,250.0
0,3,1011,310.0
0,4,1011,160.0
0,0,1012,260.0
0,1,1012,70.0
0,2,1012,480.0
0,3,1012,220.0
0,4,1012,320.0
0,0,1013,240.0
0,1,1013,150.0
0,2,1013,540.0
0,3,1013,360.0
0,4,1013,270.0
0,0,1014,190.0
0,1,1014,180.0
0,2,1014,160.0
0,3,1014,360.0
0,4,1014,130.0
0,0,1015,630.0
0,1,1015,520.0
0,2,1015,240.0
0,3,1015,480.0
0,4,1015,490.0
0,0,1016,260.0
0,1,1016,270.0
0,2,1016,860.0
0,3,1016,130.0
0,4,1016,190.0
0,0,1017,520.0
0,1,1017,90.0
0,2,1017,290.0
0,3,1017,220.0
0,4,1017,180.0
0,0,1018,590.0
0,1,1018,180.0
0,2,1018,250.0
0,3,1018,1000.0
0,4,1018,160.0
0,0,1019,260.0
0,1,1019,250.0
0,2,1019,250.0
0,3,1019,200.0
0,4,1019,170.0
0,0,1020,260.0
0,1,1020,70.0
0,2,1020,680.0
0,3,1020,570.0
0,4,1020,260.0
0,0,1021,250.0
0,1,1021,160.0
0,2,1021,310.0
0,3,1021,240.0
0,4,1021,190.0
0,0,1022,910.0
0,1,1022,250.0
0,2,1022,240.0
0,3,1022,270.0
0,4,1022,130.0
0,0,1023,210.0
0,1,1023,100.0
0,2,1023,310.0
0,3,1023,1120.0
0,4,1023,130.0
0,0,1024,490.0
0,1,1024,270.0
0,2,1024,240.0
0,3,1024,570.0
0,4,1024,150.0
0,0,1025,110.0
0,1,1025,210.0
0,2,1025,580.0
0,3,1025,630.0
0,4,1025,350.0
0,0,1026,430.0
0,1,1026,170.0
0,2,1026,390.0
0,3,1026,330.0
0,4,1026,370.0
0,0,1027,220.0
0,1,1027,490.0
0,2,1027,510.0
0,3,1027,270.0
0,4,1027,320.0
0,0,1028,160.0
0,1,1028,80.0
0,2,1028,80.0
0,3,1028,870.0
0,4,1028,440.0
0,0,1029,310.0
0,1,1029,110.0
0,2,1029,510.0
0,3,1029,560.0
0,4,1029,280.0
0,0,1030,540.0
0,1,1030,80.0
0,2,1030,250.0
0,3,1030,230.0
0,4,1030,160.0
0,0,1031,220.0
0,1,1031,240.0
0,2,1031,530.0
0,3,1031,200.0
0,4,1031,250.0
0,0,1032,310.0
0,1,1032,180.0
0,2,1032,390.0
0,3,1032,190.0
0,4,1032,180.0
0,0,1033,210.0
0,1,1033,900.0
0,2,1033,370.0
0,3,1033,160.0
0,4,1033,590.0
0,0,1034,450.0
0,1,1034,500.0
0,2,1034,340.0
0,3,1034,390.0
0,4,1034,360.0
0,0,1035,260.0
0,1,1035,70.0
0,2,1035,230.0
0,3,1035,880.0
0,4,1035,140.0
0,0,1036,230.0
0,1,1036,180.0
0,2,1036,120.0
0,3,1036,370.0
0,4,1036,480.0
0,0,1037,290.0
0,1,1037,450.0
0,2,1037,230.0
0,3,1037,270.0
0,4,1037,240.0
0,0,1038,210.0
0,1,1038,210.0
0,2,1038,460.0
0,3,1038,190.0
0,4,1038,280.0
0,0,1039,310.0
0,1,1039,500.0
0,2,1039,870.0
0,3,1039,240.0
0,4,1039,240.0
0,0,1040,210.0
0,1,1040,150.0
0,2,1040,110.0
0,3,1040,210.0
0,4,1040,250.0
0,0,1041,300.0
0,1,1041,200.0
0,2,1041,230.0
0,3,1041,270.0
0,4,1041,250.0
0,0,1042,880.0
0,1,1042,860.0
0,2,1042,670.0
0,3,1042,950.0
0,4,1042,310.0
0,0,1043,440.0
0,1,1043,840.0
0,2,1043,270.0
0,3,1043,440.0
0,4,1043,170.0
0,0,1044,210.0
0,1,1044,420.0
0,2,1044,430.0
0,3,1044,570.0
0,4,1044,450.0
0,0,1045,210.0
0,1,1045,150.0
0,2,1045,260.0
0,3,1045,510.0
0,4,1045,130.0
0,0,1046,450.0
0,1,1046,240.0
0,2,1046,420.0
0,3,1046,270.0
0,4,1046,310.0
0,0,1047,530.0
0,1,1047,380.0
0,2,1047,250.0
0,3,1047,200.0
0,4,1047,110.0
0,0,1048,190.0
0,1,1048,920.0
0,2,1048,830.0
0,3,1048,270.0
0,4,1048,450.0
0,0,1049,300.0
0,1,1049,470.0
0,2,1049,210.0
0,3,1049,240.0
0,4,1049,150.0
0,0,1050,460.0
0,1,1050,180.0
0,2,1050,330.0
0,3,1050,300.0
0,4,1050,330.0
0,0,1051,260.0
0,1,1051,160.0
0,2,1051,320.0
0,3,1051,400.0
0,4,1051,290.0
0,0,1052,210.0
0,1,1052,150.0
0,2,1052,210.0
0,3,1052,280.0
0,4,1052,160.0
0,0,1053,670.0
0,1,1053,90.0
0,2,1053,260.0
0,3,1053,520.0
0,4,1053,680.0
0,0,1054,450.0
0,1,1054,100.0
0,2,1054,450.0
0,3,1054,630.0
0,4,1054,540.0
0,0,1055,370.0
0,1,1055,210.0
0,2,1055,660.0
0,3,1055,330.0
0,4,1055,290.0
0,0,1056,310.0
0,1,1056,80.0
0,2,1056,80.0
0,3,1056,280.0
0,4,1056,140.0
0,0,1057,380.0
0,1,1057,180.0
0,2,1057,320.0
0,3,1057,180.0
0,4,1057,310.0
0,0,1058,450.0
0,1,1058,260.0
0,2,1058,120.0
0,3,1058,220.0
0,4,1058,160.0
0,0,1059,320.0
0,1,1059,890.0
0,2,1059,250.0
0,3,1059,380.0
0,4,1059,200.0
0,0,1060,210.0
0,1,1060,90.0
0,2,1060,110.0
0,3,1060,900.0
0,4,1060,110.0
0,0,1061,190.0
0,1,1061,270.0
0,2,1061,320.0
0,3,1061,270.0
0,4,1061,390.0
0,0,1062,130.0
0,1,1062,480.0
0,2,1062,410.0
0,3,1062,960.0
0,4,1062,910.0
0,0,1063,530.0
0,1,1063,120.0
0,2,1063,290.0
0,3,1063,250.0
0,4,1063,170.0
0,0,1064,530.0
0,1,1064,80.0
0,2,1064,260.0
0,3,1064,480.0
0,4,1064,310.0
0,0,1065,350.0
0,1,1065,460.0
0,2,1065,120.0
0,3,1065,260.0
0,4,1065,150.0
0,0,1066,820.0
0,1,1066,70.0
0,2,1066,500.0
0,3,1066,350.0
0,4,1066,260.0
0,0,1067,310.0
0,1,1067,320.0
0,2,1067,70.0
0,3,1067,530.0
0,4,1067,250.0
0,0,1068,310.0
0,1,1068,90.0
0,2,1068,110.0
0,3,1068,200.0
0,4,1068,190.0
0,0,1069,190.0
0,1,1069,70.0
0,2,1069,260.0
0,3,1069,290.0
0,4,1069,680.0
0,0,1070,430.0
0,1,1070,490.0
0,2,1070,240.0
0,3,1070,300.0
0,4,1070,120.0
0,0,1071,310.0
0,1,1071,270.0
0,2,1071,230.0
0,3,1071,180.0
0,4,1071,240.0
0,0,1072,180.0
0,1,1072,110.0
0,2,1072,270.0
0,3,1072,900.0
0,4,1072,220.0
0,0,1073,70.0
0,1,1073,210.0
0,2,1073,410.0
0,3,1073,380.0
0,4,1073,210.0
0,0,1074,470.0
0,1,1074,150.0
0,2,1074,80.0
0,3,1074,330.0
0,4,1074,300.0
0,0,1075,210.0
0,1,1075,280.0
0,2,1075,450.0
0,3,1075,290.0
0,4,1075,220.0
0,0,1076,420.0
0,1,1076,160.0
0,2,1076,460.0
0,3,1076,240.0
0,4,1076,280.0
0,0,1077,210.0
0,1,1077,100.0
0,2,1077,260.0
0,3,1077,250.0
0,4,1077,310.0
0,0,1078,450.0
0,1,1078,160.0
0,2,1078,180.0
0,3,1078,520.0
0,4,1078,230.0
0,0,1079,520.0
0,1,1079,190.0
0,2,1079,290.0
0,3,1079,180.0
0,4,1079,230.0
0,0,1080,270.0
0,1,1080,80.0
0,2,1080,380.0
0,3,1080,530.0
0,4,1080,130.0
0,0,1081,340.0
0,1,1081,90.0
0,2,1081,110.0
0,3,1081,540.0
0,4,1081,180.0
0,0,1082,210.0
0,1,1082,80.0
0,2,1082,220.0
0,3,1082,580.0
0,4,1082,200.0
0,0,1083,220.0
0,1,1083,100.0
0,2,1083,270.0
0,3,1083,340.0
0,4,1083,190.0
0,0,1084,350.0
0,1,1084,80.0
0,2,1084,220.0
0,3,1084,990.0
0,4,1084,470.0
0,0,1085,300.0
0,1,1085,80.0
0,2,1085,300.0
0,3,1085,450.0
0,4,1085,170.0
0,0,1086,300.0
0,1,1086,440.0
0,2,1086,220.0
0,3,1086,620.0
0,4,1086,680.0
0,0,1087,380.0
0,1,1087,440.0
0,2,1087,250.0
0,3,1087,280.0
0,4,1087,980.0
0,0,1088,300.0
0,1,1088,250.0
0,2,1088,250.0
0,3,1088,120.0
0,4,1088,310.0
0,0,1089,260.0
0,1,1089,160.0
0,2,1089,520.0
0,3,1089,1010.0
0,4,1089,690.0
0,0,1090,140.0
0,1,1090,90.0
0,2,1090,230.0
0,3,1090,270.0
0,4,1090,270.0
0,0,1091,510.0
0,1,1091,170.0
0,2,1091,440.0
0,3,1091,890.0
0,4,1091,210.0
0,0,1092,220.0
0,1,1092,280.0
0,2,1092,440.0
0,3,1092,440.0
0,4,1092,870.0
0,0,1093,270.0
0,1,1093,320.0
0,2,1093,210.0
0,3,1093,490.0
0,4,1093,340.0
0,0,1094,230.0
0,1,1094,220.0
0,2,1094,260.0
0,3,1094,470.0
0,4,1094,210.0
0,0,1095,250.0
0,1,1095,490.0
0,2,1095,400.0
0,3,1095,470.0
0,4,1095,240.0
0,0,1096,230.0
0,1,1096,100.0
0,2,1096,360.0
0,3,1096,180.0
0,4,1096,360.0
0,0,1097,210.0
0,1,1097,250.0
0,2,1097,190.0
0,3,1097,630.0
0,4,1097,190.0
0,0,1098,360.0
0,1,1098,100.0
0,2,1098,260.0
0,3,1098,930.0
0,4,1098,300.0
0,0,1099,230.0
0,1,1099,100.0
0,2,1099,760.0
0,3,1099,300.0
0,4,1099,940.0
0,0,1100,460.0
0,1,1100,100.0
0,2,1100,230.0
0,3,1100,630.0
0,4,1100,290.0
0,0,1101,280.0
0,1,1101,70.0
0,2,1101,420.0
0,3,1101,210.0
0,4,1101,420.0
0,0,1102,240.0
0,1,1102,900.0
0,2,1102,240.0
0,3,1102,350.0
0,4,1102,100.0
0,0,1103,260.0
0,1,1103,380.0
0,2,1103,250.0
0,3,1103,560.0
0,4,1103,220.0
0,0,1104,260.0
0,1,1104,430.0
0,2,1104,1620.0
0,3,1104,790.0
0,4,1104,290.0
0,0,1105,220.0
0,1,1105,180.0
0,2,1105,240.0
0,3,1105,300.0
0,4,1105,160.0
0,0,1106,240.0
0,1,1106,260.0
0,2,1106,260.0
0,3,1106,220.0
0,4,1106,130.0
0,0,1107,200.0
0,1,1107,190.0
0,2,1107,460.0
0,3,1107,190.0
0,4,1107,120.0
0,0,1108,310.0
0,1,1108,520.0
0,2,1108,450.0
0,3,1108,1030.0
0,4,1108,340.0
0,0,1109,240.0
0,1,1109,210.0
0,2,1109,420.0
0,3,1109,180.0
0,4,1109,310.0
0,0,1110,220.0
0,1,1110,160.0
0,2,1110,320.0
0,3,1110,270.0
0,4,1110,130.0
0,0,1111,220.0
0,1,1111,250.0
0,2,1111,220.0
0,3,1111,180.0
0,4,1111,240.0
0,0,1112,210.0
0,1,1112,220.0
0,2,1112,300.0
0,3,1112,220.0
0,4,1112,530.0
0,0,1113,210.0
0,1,1113,60.0
0,2,1113,330.0
0,3,1113,310.0
0,4,1113,310.0
0,0,1114,310.0
0,1,1114,1240.0
0,2,1114,110.0
0,3,1114,190.0
0,4,1114,210.0
0,0,1115,480.0
0,1,1115,130.0
0,2,1115,270.0
0,3,1115,250.0
0,4,1115,110.0
0,0,1116,510.0
0,1,1116,280.0
0,2,1116,130.0
0,3,1116,950.0
0,4,1116,110.0
0,0,1117,510.0
0,1,1117,90.0
0,2,1117,260.0
0,3,1117,410.0
0,4,1117,890.0
0,0,1118,590.0
0,1,1118,340.0
0,2,1118,440.0
0,3,1118,390.0
0,4,1118,90.0
0,0,1119,260.0
0,1,1119,310.0
0,2,1119,860.0
0,3,1119,230.0
0,4,1119,190.0
0,0,1120,260.0
0,1,1120,480.0
0,2,1120,280.0
0,3,1120,260.0
0,4,1120,120.0
0,0,1121,310.0
0,1,1121,480.0
0,2,1121,350.0
0,3,1121,840.0
0,4,1121,210.0
0,0,1122,330.0
0,1,1122,510.0
0,2,1122,450.0
0,3,1122,380.0
0,4,1122,140.0
0,0,1123,420.0
0,1,1123,270.0
0,2,1123,310.0
0,3,1123,650.0
0,4,1123,270.0
0,0,1124,260.0
0,1,1124,1690.0
0,2,1124,410.0
0,3,1124,660.0
0,4,1124,120.0
0,0,1125,510.0
0,1,1125,860.0
0,2,1125,340.0
0,3,1125,160.0
0,4,1125,200.0
0,0,1126,310.0
0,1,1126,290.0
0,2,1126,270.0
0,3,1126,260.0
0,4,1126,480.0
0,0,1127,960.0
0,1,1127,80.0
0,2,1127,360.0
0,3,1127,320.0
0,4,1127,120.0
0,0,1128,1650.0
0,1,1128,290.0
0,2,1128,250.0
0,3,1128,220.0
0,4,1128,100.0
0,0,1129,560.0
0,1,1129,160.0
0,2,1129,250.0
0,3,1129,180.0
0,4,1129,180.0
0,0,1130,300.0
0,1,1130,950.0
0,2,1130,280.0
0,3,1130,300.0
0,4,1130,230.0
0,0,1131,240.0
0,1,1131,350.0
0,2,1131,300.0
0,3,1131,320.0
0,4,1131,280.0
0,0,1132,160.0
0,1,1132,860.0
0,2,1132,250.0
0,3,1132,480.0
0,4,1132,270.0
0,0,1133,260.0
0,1,1133,120.0
0,2,1133,300.0
0,3,1133,270.0
0,4,1133,140.0
0,0,1134,500.0
0,1,1134,70.0
0,2,1134,80.0
0,3,1134,470.0
0,4,1134,110.0
0,0,1135,450.0
0,1,1135,460.0
0,2,1135,110.0
0,3,1135,230.0
0,4,1135,130.0
0,0,1136,230.0
0,1,1136,310.0
0,2,1136,240.0
0,3,1136,220.0
0,4,1136,150.0
0,0,1137,230.0
0,1,1137,180.0
0,2,1137,260.0
0,3,1137,170.0
0,4,1137,70.0
0,0,1138,240.0
0,1,1138,150.0
0,2,1138,310.0
0,3,1138,420.0
0,4,1138,90.0
0,0,1139,230.0
0,1,1139,120.0
0,2,1139,510.0
0,3,1139,960.0
0,4,1139,290.0
0,0,1140,230.0
0,1,1140,280.0
0,2,1140,350.0
0,3,1140,360.0
0,4,1140,420.0
0,0,1141,500.0
0,1,1141,230.0
0,2,1141,440.0
0,3,1141,380.0
0,4,1141,280.0
0,0,1142,440.0
0,1,1142,840.0
0,2,1142,460.0
0,3,1142,180.0
0,4,1142,350.0
0,0,1143,80.0
0,1,1143,180.0
0,2,1143,500.0
0,3,1143,330.0
0,4,1143,300.0
0,0,1144,260.0
0,1,1144,200.0
0,2,1144,440.0
0,3,1144,270.0
0,4,1144,320.0
0,0,1145,170.0
0,1,1145,260.0
0,2,1145,310.0
0,3,1145,140.0
0,4,1145,510.0
0,0,1146,110.0
0,1,1146,90.0
0,2,1146,220.0
0,3,1146,3470.0
0,4,1146,540.0
0,0,1147,80.0
0,1,1147,90.0
0,2,1147,450.0
0,3,1147,280.0
0,4,1147,110.0
0,0,1148,210.0
0,1,1148,90.0
0,2,1148,500.0
0,3,1148,440.0
0,4,1148,400.0
0,0,1149,210.0
0,1,1149,170.0
0,2,1149,350.0
0,3,1149,200.0
0,4,1149,950.0
0,0,1150,210.0
0,1,1150,120.0
0,2,1150,180.0
0,3,1150,1030.0
0,4,1150,950.0
0,0,1151,190.0
0,1,1151,480.0
0,2,1151,280.0
0,3,1151,200.0
0,4,1151,210.0
0,0,1152,300.0
0,1,1152,210.0
0,2,1152,530.0
0,3,1152,450.0
0,4,1152,120.0
0,0,1153,530.0
0,1,1153,180.0
0,2,1153,230.0
0,3,1153,230.0
0,4,1153,240.0
0,0,1154,160.0
0,1,1154,950.0
0,2,1154,400.0
0,3,1154,200.0
0,4,1154,440.0
0,0,1155,310.0
0,1,1155,70.0
0,2,1155,260.0
0,3,1155,280.0
0,4,1155,300.0
0,0,1156,190.0
0,1,1156,840.0
0,2,1156,250.0
0,3,1156,350.0
0,4,1156,380.0
0,0,1157,190.0
0,1,1157,990.0
0,2,1157,590.0
0,3,1157,250.0
0,4,1157,270.0
0,0,1158,210.0
0,1,1158,180.0
0,2,1158,540.0
0,3,1158,160.0
0,4,1158,280.0
0,0,1159,260.0
0,1,1159,160.0
0,2,1159,450.0
0,3,1159,430.0
0,4,1159,150.0
0,0,1160,250.0
0,1,1160,90.0
0,2,1160,290.0
0,3,1160,280.0
0,4,1160,120.0
0,0,1161,270.0
0,1,1161,670.0
0,2,1161,270.0
0,3,1161,490.0
0,4,1161,160.0
0,0,1162,290.0
0,1,1162,120.0
0,2,1162,530.0
0,3,1162,490.0
0,4,1162,170.0
0,0,1163,340.0
0,1,1163,150.0
0,2,1163,210.0
0,3,1163,240.0
0,4,1163,270.0
0,0,1164,240.0
0,1,1164,450.0
0,2,1164,520.0
0,3,1164,240.0
0,4,1164,600.0
0,0,1165,310.0
0,1,1165,70.0
0,2,1165,220.0
0,3,1165,530.0
0,4,1165,500.0
0,0,1166,230.0
0,1,1166,90.0
0,2,1166,290.0
0,3,1166,1110.0
0,4,1166,540.0
0,0,1167,230.0
0,1,1167,100.0
0,2,1167,590.0
0,3,1167,570.0
0,4,1167,330.0
0,0,1168,290.0
0,1,1168,470.0
0,2,1168,220.0
0,3,1168,680.0
0,4,1168,110.0
0,0,1169,280.0
0,1,1169,320.0
0,2,1169,210.0
0,3,1169,820.0
0,4,1169,170.0
0,0,1170,250.0
0,1,1170,140.0
0,2,1170,460.0
0,3,1170,900.0
0,4,1170,80.0
0,0,1171,220.0
0,1,1171,230.0
0,2,1171,570.0
0,3,1171,430.0
0,4,1171,530.0
0,0,1172,310.0
0,1,1172,880.0
0,2,1172,250.0
0,3,1172,1670.0
0,4,1172,440.0
0,0,1173,430.0
0,1,1173,560.0
0,2,1173,410.0
0,3,1173,250.0
0,4,1173,200.0
0,0,1174,230.0
0,1,1174,460.0
0,2,1174,270.0
0,3,1174,230.0
0,4,1174,290.0
0,0,1175,330.0
0,1,1175,90.0
0,2,1175,270.0
0,3,1175,810.0
0,4,1175,70.0
0,0,1176,310.0
0,1,1176,190.0
0,2,1176,220.0
0,3,1176,460.0
0,4,1176,70.0
0,0,1177,230.0
0,1,1177,90.0
0,2,1177,420.0
0,3,1177,2500.0
0,4,1177,70.0
0,0,1178,180.0
0,1,1178,470.0
0,2,1178,460.0
0,3,1178,460.0
0,4,1178,530.0
0,0,1179,240.0
0,1,1179,320.0
0,2,1179,240.0
0,3,1179,310.0
0,4,1179,470.0
0,0,1180,460.0
0,1,1180,190.0
0,2,1180,320.0
0,3,1180,240.0
0,4,1180,70.0
0,0,1181,430.0
0,1,1181,90.0
0,2,1181,230.0
0,3,1181,810.0
0,4,1181,70.0
0,0,1182,250.0
0,1,1182,450.0
0,2,1182,850.0
0,3,1182,440.0
0,4,1182,260.0
0,0,1183,410.0
0,1,1183,530.0
0,2,1183,320.0
0,3,1183,320.0
0,4,1183,470.0
0,0,1184,290.0
0,1,1184,140.0
0,2,1184,420.0
0,3,1184,210.0
0,4,1184,90.0
0,0,1185,240.0
0,1,1185,70.0
0,2,1185,540.0
0,3,1185,1310.0
0,4,1185,240.0
0,0,1186,210.0
0,1,1186,190.0
0,2,1186,240.0
0,3,1186,270.0
0,4,1186,110.0
0,0,1187,260.0
0,1,1187,260.0
0,2,1187,530.0
0,3,1187,370.0
0,4,1187,70.0
0,0,1188,250.0
0,1,1188,270.0
0,2,1188,330.0
0,3,1188,270.0
0,4,1188,260.0
0,0,1189,430.0
0,1,1189,470.0
0,2,1189,170.0
0,3,1189,620.0
0,4,1189,70.0
0,0,1190,500.0
0,1,1190,860.0
0,2,1190,220.0
0,3,1190,1110.0
0,4,1190,520.0
0,0,1191,300.0
0,1,1191,160.0
0,2,1191,260.0
0,3,1191,320.0
0,4,1191,620.0
0,0,1192,270.0
0,1,1192,570.0
0,2,1192,110.0
0,3,1192,440.0
0,4,1192,90.0
0,0,1193,400.0
0,1,1193,240.0
0,2,1193,260.0
0,3,1193,640.0
0,4,1193,80.0
0,0,1194,230.0
0,1,1194,500.0
0,2,1194,590.0
0,3,1194,650.0
0,4,1194,170.0
0,0,1195,310.0
0,1,1195,160.0
0,2,1195,520.0
0,3,1195,370.0
0,4,1195,160.0
0,0,1196,170.0
0,1,1196,460.0
0,2,1196,270.0
0,3,1196,460.0
0,4,1196,250.0
0,0,1197,280.0
0,1,1197,120.0
0,2,1197,320.0
0,3,1197,270.0
0,4,1197,130.0
0,0,1198,280.0
0,1,1198,280.0
0,2,1198,260.0
0,3,1198,480.0
0,4,1198,210.0
0,0,1199,260.0
0,1,1199,80.0
0,2,1199,190.0
0,3,1199,350.0
0,4,1199,260.0
0,0,1200,230.0
0,1,1200,140.0
0,2,1200,260.0
0,3,1200,400.0
0,4,1200,440.0
0,0,1201,410.0
0,1,1201,220.0
0,2,1201,210.0
0,3,1201,280.0
0,4,1201,430.0
0,0,1202,230.0
0,1,1202,120.0
0,2,1202,190.0
0,3,1202,200.0
0,4,1202,870.0
0,0,1203,300.0
0,1,1203,250.0
0,2,1203,340.0
0,3,1203,230.0
0,4,1203,90.0
0,0,1204,270.0
0,1,1204,250.0
0,2,1204,270.0
0,3,1204,850.0
0,4,1204,340.0
0,0,1205,250.0
0,1,1205,80.0
0,2,1205,330.0
0,3,1205,410.0
0,4,1205,110.0
0,0,1206,260.0
0,1,1206,80.0
0,2,1206,200.0
0,3,1206,220.0
0,4,1206,250.0
0,0,1207,270.0
0,1,1207,570.0
0,2,1207,150.0
0,3,1207,590.0
0,4,1207,70.0
0,0,1208,230.0
0,1,1208,240.0
0,2,1208,110.0
0,3,1208,660.0
0,4,1208,250.0
0,0,1209,250.0
0,1,1209,210.0
0,2,1209,690.0
0,3,1209,480.0
0,4,1209,140.0
0,0,1210,230.0
0,1,1210,490.0
0,2,1210,220.0
0,3,1210,210.0
0,4,1210,170.0
0,0,1211,250.0
0,1,1211,210.0
0,2,1211,210.0
0,3,1211,280.0
0,4,1211,110.0
0,0,1212,230.0
0,1,1212,560.0
0,2,1212,250.0
0,3,1212,290.0
0,4,1212,230.0
0,0,1213,310.0
0,1,1213,270.0
0,2,1213,70.0
0,3,1213,400.0
0,4,1213,920.0
0,0,1214,740.0
0,1,1214,100.0
0,2,1214,440.0
0,3,1214,390.0
0,4,1214,260.0
0,0,1215,270.0
0,1,1215,240.0
0,2,1215,270.0
0,3,1215,360.0
0,4,1215,80.0
0,0,1216,190.0
0,1,1216,90.0
0,2,1216,320.0
0,3,1216,200.0
0,4,1216,70.0
0,0,1217,460.0
0,1,1217,620.0
0,2,1217,210.0
0,3,1217,290.0
0,4,1217,290.0
0,0,1218,230.0
0,1,1218,110.0
0,2,1218,280.0
0,3,1218,190.0
0,4,1218,290.0
0,0,1219,440.0
0,1,1219,1260.0
0,2,1219,320.0
0,3,1219,510.0
0,4,1219,90.0
0,0,1220,570.0
0,1,1220,270.0
0,2,1220,220.0
0,3,1220,210.0
0,4,1220,290.0
0,0,1221,180.0
0,1,1221,210.0
0,2,1221,290.0
0,3,1221,390.0
0,4,1221,280.0
0,0,1222,250.0
0,1,1222,230.0
0,2,1222,230.0
0,3,1222,250.0
0,4,1222,270.0
0,0,1223,470.0
0,1,1223,90.0
0,2,1223,310.0
0,3,1223,130.0
0,4,1223,190.0
0,0,1224,340.0
0,1,1224,880.0
0,2,1224,110.0
0,3,1224,200.0
0,4,1224,350.0
0,0,1225,430.0
0,1,1225,80.0
0,2,1225,260.0
0,3,1225,570.0
0,4,1225,250.0
0,0,1226,240.0
0,1,1226,70.0
0,2,1226,90.0
0,3,1226,640.0
0,4,1226,130.0
0,0,1227,420.0
0,1,1227,100.0
0,2,1227,250.0
0,3,1227,280.0
0,4,1227,620.0
0,0,1228,300.0
0,1,1228,100.0
0,2,1228,700.0
0,3,1228,200.0
0,4,1228,280.0
0,0,1229,320.0
0,1,1229,160.0
0,2,1229,330.0
0,3,1229,290.0
0,4,1229,300.0
0,0,1230,210.0
0,1,1230,470.0
0,2,1230,110.0
0,3,1230,230.0
0,4,1230,170.0
0,0,1231,230.0
0,1,1231,130.0
0,2,1231,190.0
0,3,1231,250.0
0,4,1231,200.0
0,0,1232,310.0
0,1,1232,260.0
0,2,1232,410.0
0,3,1232,270.0
0,4,1232,530.0
0,0,1233,420.0
0,1,1233,440.0
0,2,1233,570.0
0,3,1233,210.0
0,4,1233,120.0
0,0,1234,320.0
0,1,1234,270.0
0,2,1234,460.0
0,3,1234,360.0
0,4,1234,410.0
0,0,1235,320.0
0,1,1235,380.0
0,2,1235,840.0
0,3,1235,600.0
0,4,1235,330.0
0,0,1236,220.0
0,1,1236,260.0
0,2,1236,390.0
0,3,1236,220.0
0,4,1236,360.0
0,0,1237,180.0
0,1,1237,70.0
0,2,1237,330.0
0,3,1237,260.0
0,4,1237,190.0
0,0,1238,320.0
0,1,1238,70.0
0,2,1238,230.0
0,3,1238,310.0
0,4,1238,250.0
0,0,1239,110.0
0,1,1239,250.0
0,2,1239,230.0
0,3,1239,630.0
0,4,1239,300.0
0,0,1240,520.0
0,1,1240,290.0
0,2,1240,900.0
0,3,1240,320.0
0,4,1240,320.0
0,0,1241,840.0
0,1,1241,220.0
0,2,1241,120.0
0,3,1241,370.0
0,4,1241,240.0
0,0,1242,230.0
0,1,1242,80.0
0,2,1242,260.0
0,3,1242,220.0
0,4,1242,350.0
0,0,1243,450.0
0,1,1243,90.0
0,2,1243,460.0
0,3,1243,1100.0
0,4,1243,240.0
0,0,1244,490.0
0,1,1244,450.0
0,2,1244,200.0
0,3,1244,1130.0
0,4,1244,380.0
0,0,1245,110.0
0,1,1245,80.0
0,2,1245,260.0
0,3,1245,530.0
0,4,1245,250.0
0,0,1246,390.0
0,1,1246,180.0
0,2,1246,270.0
0,3,1246,380.0
0,4,1246,180.0
0,0,1247,910.0
0,1,1247,540.0
0,2,1247,230.0
0,3,1247,230.0
0,4,1247,270.0
0,0,1248,830.0
0,1,1248,500.0
0,2,1248,260.0
0,3,1248,540.0
0,4,1248,260.0
0,0,1249,220.0
0,1,1249,210.0
0,2,1249,630.0
0,3,1249,220.0
0,4,1249,150.0
0,0,1250,210.0
0,1,1250,400.0
0,2,1250,190.0
0,3,1250,510.0
0,4,1250,120.0
0,0,1251,70.0
0,1,1251,460.0
0,2,1251,230.0
0,3,1251,460.0
0,4,1251,450.0
0,0,1252,330.0
0,1,1252,190.0
0,2,1252,120.0
0,3,1252,1340.0
0,4,1252,320.0
0,0,1253,520.0
0,1,1253,80.0
0,2,1253,460.0
0,3,1253,530.0
0,4,1253,350.0
0,0,1254,250.0
0,1,1254,560.0
0,2,1254,510.0
0,3,1254,1010.0
0,4,1254,320.0
0,0,1255,260.0
0,1,1255,110.0
0,2,1255,300.0
0,3,1255,200.0
0,4,1255,220.0
0,0,1256,230.0
0,1,1256,80.0
0,2,1256,260.0
0,3,1256,210.0
0,4,1256,120.0
0,0,1257,290.0
0,1,1257,200.0
0,2,1257,850.0
0,3,1257,180.0
0,4,1257,480.0
0,0,1258,300.0
0,1,1258,80.0
0,2,1258,390.0
0,3,1258,180.0
0,4,1258,290.0
0,0,1259,290.0
0,1,1259,100.0
0,2,1259,330.0
0,3,1259,210.0
0,4,1259,250.0
0,0,1260,310.0
0,1,1260,460.0
0,2,1260,210.0
0,3,1260,240.0
0,4,1260,250.0
0,0,1261,270.0
0,1,1261,90.0
0,2,1261,440.0
0,3,1261,270.0
0,4,1261,140.0
0,0,1262,230.0
0,1,1262,450.0
0,2,1262,480.0
0,3,1262,180.0
0,4,1262,150.0
0,0,1263,880.0
0,1,1263,70.0
0,2,1263,310.0
0,3,1263,280.0
0,4,1263,380.0
0,0,1264,520.0
0,1,1264,420.0
0,2,1264,300.0
0,3,1264,910.0
0,4,1264,230.0
0,0,1265,290.0
0,1,1265,150.0
0,2,1265,270.0
0,3,1265,300.0
0,4,1265,320.0
0,0,1266,250.0
0,1,1266,260.0
0,2,1266,310.0
0,3,1266,620.0
0,4,1266,180.0
0,0,1267,260.0
0,1,1267,270.0
0,2,1267,290.0
0,3,1267,740.0
0,4,1267,230.0
0,0,1268,320.0
0,1,1268,490.0
0,2,1268,330.0
0,3,1268,570.0
0,4,1268,130.0
0,0,1269,260.0
0,1,1269,100.0
0,2,1269,340.0
0,3,1269,250.0
0,4,1269,290.0
0,0,1270,330.0
0,1,1270,210.0
0,2,1270,510.0
0,3,1270,230.0
0,4,1270,110.0
0,0,1271,370.0
0,1,1271,180.0
0,2,1271,450.0
0,3,1271,340.0
0,4,1271,220.0
0,0,1272,480.0
0,1,1272,80.0
0,2,1272,740.0
0,3,1272,220.0
0,4,1272,360.0
0,0,1273,250.0
0,1,1273,310.0
0,2,1273,120.0
0,3,1273,350.0
0,4,1273,270.0
0,0,1274,230.0
0,1,1274,370.0
0,2,1274,180.0
0,3,1274,170.0
0,4,1274,170.0
0,0,1275,500.0
0,1,1275,490.0
0,2,1275,420.0
0,3,1275,190.0
0,4,1275,300.0
0,0,1276,270.0
0,1,1276,90.0
0,2,1276,230.0
0,3,1276,190.0
0,4,1276,1740.0
0,0,1277,490.0
0,1,1277,70.0
0,2,1277,660.0
0,3,1277,200.0
0,4,1277,80.0
0,0,1278,320.0
0,1,1278,80.0
0,2,1278,110.0
0,3,1278,680.0
0,4,1278,170.0
0,0,1279,250.0
0,1,1279,80.0
0,2,1279,360.0
0,3,1279,290.0
0,4,1279,190.0
0,0,1280,330.0
0,1,1280,180.0
0,2,1280,270.0
0,3,1280,420.0
0,4,1280,160.0
0,0,1281,260.0
0,1,1281,240.0
0,2,1281,290.0
0,3,1281,220.0
0,4,1281,540.0
0,0,1282,310.0
0,1,1282,860.0
0,2,1282,320.0
0,3,1282,390.0
0,4,1282,1690.0
0,0,1283,180.0
0,1,1283,110.0
0,2,1283,470.0
0,3,1283,160.0
0,4,1283,110.0
0,0,1284,500.0
0,1,1284,190.0
0,2,1284,190.0
0,3,1284,560.0
0,4,1284,490.0
0,0,1285,180.0
0,1,1285,190.0
0,2,1285,460.0
0,3,1285,140.0
0,4,1285,210.0
0,0,1286,140.0
0,1,1286,490.0
0,2,1286,380.0
0,3,1286,130.0
0,4,1286,340.0
0,0,1287,260.0
0,1,1287,250.0
0,2,1287,230.0
0,3,1287,140.0
0,4,1287,230.0
0,0,1288,320.0
0,1,1288,80.0
0,2,1288,1060.0
0,3,1288,1140.0
0,4,1288,120.0
0,0,1289,950.0
0,1,1289,100.0
0,2,1289,320.0
0,3,1289,250.0
0,4,1289,540.0
0,0,1290,230.0
0,1,1290,170.0
0,2,1290,530.0
0,3,1290,180.0
0,4,1290,100.0
0,0,1291,200.0
0,1,1291,370.0
0,2,1291,110.0
0,3,1291,150.0
0,4,1291,190.0
0,0,1292,430.0
0,1,1292,860.0
0,2,1292,950.0
0,3,1292,260.0
0,4,1292,170.0
0,0,1293,250.0
0,1,1293,90.0
0,2,1293,410.0
0,3,1293,540.0
0,4,1293,230.0
0,0,1294,280.0
0,1,1294,420.0
0,2,1294,480.0
0,3,1294,300.0
0,4,1294,60.0
0,0,1295,240.0
0,1,1295,370.0
0,2,1295,400.0
0,3,1295,280.0
0,4,1295,80.0
0,0,1296,310.0
0,1,1296,860.0
0,2,1296,280.0
0,3,1296,630.0
0,4,1296,240.0
0,0,1297,260.0
0,1,1297,250.0
0,2,1297,460.0
0,3,1297,410.0
0,4,1297,250.0
0,0,1298,530.0
0,1,1298,940.0
0,2,1298,230.0
0,3,1298,200.0
0,4,1298,330.0
0,0,1299,460.0
0,1,1299,250.0
0,2,1299,1730.0
0,3,1299,840.0
0,4,1299,220.0
0,0,1300,250.0
0,1,1300,520.0
0,2,1300,310.0
0,3,1300,160.0
0,4,1300,80.0
0,0,1301,510.0
0,1,1301,80.0
0,2,1301,1060.0
0,3,1301,450.0
0,4,1301,310.0
0,0,1302,290.0
0,1,1302,330.0
0,2,1302,250.0
0,3,1302,380.0
0,4,1302,520.0
0,0,1303,260.0
0,1,1303,160.0
0,2,1303,650.0
0,3,1303,290.0
0,4,1303,290.0
0,0,1304,890.0
0,1,1304,450.0
0,2,1304,190.0
0,3,1304,420.0
0,4,1304,130.0
0,0,1305,230.0
0,1,1305,80.0
0,2,1305,210.0
0,3,1305,550.0
0,4,1305,100.0
0,0,1306,380.0
0,1,1306,70.0
0,2,1306,190.0
0,3,1306,440.0
0,4,1306,200.0
0,0,1307,180.0
0,1,1307,80.0
0,2,1307,1170.0
0,3,1307,210.0
0,4,1307,200.0
0,0,1308,400.0
0,1,1308,860.0
0,2,1308,420.0
0,3,1308,250.0
0,4,1308,260.0
0,0,1309,300.0
0,1,1309,880.0
0,2,1309,470.0
0,3,1309,190.0
0,4,1309,310.0
0,0,1310,300.0
0,1,1310,450.0
0,2,1310,260.0
0,3,1310,610.0
0,4,1310,280.0
0,0,1311,240.0
0,1,1311,70.0
0,2,1311,360.0
0,3,1311,250.0
0,4,1311,100.0
0,0,1312,420.0
0,1,1312,290.0
0,2,1312,200.0
0,3,1312,300.0
0,4,1312,200.0
0,0,1313,450.0
0,1,1313,100.0
0,2,1313,670.0
0,3,1313,310.0
0,4,1313,240.0
0,0,1314,280.0
0,1,1314,270.0
0,2,1314,230.0
0,3,1314,310.0
0,4,1314,320.0
0,0,1315,210.0
0,1,1315,110.0
0,2,1315,270.0
0,3,1315,470.0
0,4,1315,330.0
0,0,1316,290.0
0,1,1316,880.0
0,2,1316,400.0
0,3,1316,610.0
0,4,1316,240.0
0,0,1317,290.0
0,1,1317,110.0
0,2,1317,240.0
0,3,1317,450.0
0,4,1317,370.0
0,0,1318,230.0
0,1,1318,410.0
0,2,1318,1100.0
0,3,1318,260.0
0,4,1318,220.0
0,0,1319,330.0
0,1,1319,90.0
0,2,1319,230.0
0,3,1319,1740.0
0,4,1319,270.0
0,0,1320,460.0
0,1,1320,280.0
0,2,1320,380.0
0,3,1320,1320.0
0,4,1320,360.0
0,0,1321,240.0
0,1,1321,80.0
0,2,1321,290.0
0,3,1321,260.0
0,4,1321,280.0
0,0,1322,860.0
0,1,1322,150.0
0,2,1322,630.0
0,3,1322,630.0
0,4,1322,250.0
0,0,1323,490.0
0,1,1323,70.0
0,2,1323,480.0
0,3,1323,650.0
0,4,1323,340.0
0,0,1324,470.0
0,1,1324,210.0
0,2,1324,410.0
0,3,1324,560.0
0,4,1324,380.0
0,0,1325,240.0
0,1,1325,100.0
0,2,1325,480.0
0,3,1325,300.0
0,4,1325,80.0
0,0,1326,250.0
0,1,1326,130.0
0,2,1326,400.0
0,3,1326,320.0
0,4,1326,210.0
0,0,1327,320.0
0,1,1327,350.0
0,2,1327,490.0
0,3,1327,170.0
0,4,1327,100.0
0,0,1328,530.0
0,1,1328,340.0
0,2,1328,260.0
0,3,1328,260.0
0,4,1328,70.0
0,0,1329,320.0
0,1,1329,250.0
0,2,1329,450.0
0,3,1329,570.0
0,4,1329,220.0
0,0,1330,520.0
0,1,1330,70.0
0,2,1330,280.0
0,3,1330,240.0
0,4,1330,470.0
0,0,1331,270.0
0,1,1331,150.0
0,2,1331,390.0
0,3,1331,180.0
0,4,1331,300.0
0,0,1332,220.0
0,1,1332,980.0
0,2,1332,1340.0
0,3,1332,360.0
0,4,1332,300.0
0,0,1333,330.0
0,1,1333,60.0
0,2,1333,160.0
0,3,1333,260.0
0,4,1333,290.0
0,0,1334,250.0
0,1,1334,180.0
0,2,1334,620.0
0,3,1334,190.0
0,4,1334,570.0
0,0,1335,260.0
0,1,1335,250.0
0,2,1335,180.0
0,3,1335,210.0
0,4,1335,250.0
0,0,1336,270.0
0,1,1336,490.0
0,2,1336,200.0
0,3,1336,550.0
0,4,1336,210.0
0,0,1337,520.0
0,1,1337,80.0
0,2,1337,340.0
0,3,1337,230.0
0,4,1337,60.0
0,0,1338,190.0
0,1,1338,600.0
0,2,1338,500.0
0,3,1338,190.0
0,4,1338,200.0
0,0,1339,230.0
0,1,1339,770.0
0,2,1339,210.0
0,3,1339,300.0
0,4,1339,310.0
0,0,1340,300.0
0,1,1340,120.0
0,2,1340,210.0
0,3,1340,340.0
0,4,1340,140.0
0,0,1341,480.0
0,1,1341,180.0
0,2,1341,400.0
0,3,1341,330.0
0,4,1341,290.0
0,0,1342,230.0
0,1,1342,170.0
0,2,1342,270.0
0,3,1342,180.0
0,4,1342,180.0
0,0,1343,280.0
0,1,1343,900.0
0,2,1343,730.0
0,3,1343,860.0
0,4,1343,210.0
0,0,1344,170.0
0,1,1344,260.0
0,2,1344,170.0
0,3,1344,280.0
0,4,1344,530.0
0,0,1345,230.0
0,1,1345,350.0
0,2,1345,420.0
0,3,1345,1640.0
0,4,1345,320.0
0,0,1346,210.0
0,1,1346,540.0
0,2,1346,260.0
0,3,1346,190.0
0,4,1346,70.0
0,0,1347,210.0
0,1,1347,1680.0
0,2,1347,3480.0
0,3,1347,160.0
0,4,1347,80.0
0,0,1348,860.0
0,1,1348,110.0
0,2,1348,510.0
0,3,1348,240.0
0,4,1348,490.0
0,0,1349,310.0
0,1,1349,140.0
0,2,1349,690.0
0,3,1349,900.0
0,4,1349,100.0
0,0,1350,260.0
0,1,1350,120.0
0,2,1350,430.0
0,3,1350,480.0
0,4,1350,190.0
0,0,1351,490.0
0,1,1351,930.0
0,2,1351,250.0
0,3,1351,870.0
0,4,1351,170.0
0,0,1352,530.0
0,1,1352,210.0
0,2,1352,420.0
0,3,1352,220.0
0,4,1352,370.0
0,0,1353,420.0
0,1,1353,360.0
0,2,1353,330.0
0,3,1353,150.0
0,4,1353,340.0
0,0,1354,290.0
0,1,1354,360.0
0,2,1354,260.0
0,3,1354,400.0
0,4,1354,240.0
0,0,1355,220.0
0,1,1355,470.0
0,2,1355,210.0
0,3,1355,1360.0
0,4,1355,550.0
0,0,1356,250.0
0,1,1356,100.0
0,2,1356,350.0
0,3,1356,440.0
0,4,1356,140.0
0,0,1357,240.0
0,1,1357,260.0
0,2,1357,440.0
0,3,1357,400.0
0,4,1357,190.0
0,0,1358,250.0
0,1,1358,430.0
0,2,1358,180.0
0,3,1358,2600.0
0,4,1358,290.0
0,0,1359,850.0
0,1,1359,110.0
0,2,1359,460.0
0,3,1359,1400.0
0,4,1359,450.0
0,0,1360,290.0
0,1,1360,90.0
0,2,1360,480.0
0,3,1360,370.0
0,4,1360,310.0
0,0,1361,230.0
0,1,1361,370.0
0,2,1361,310.0
0,3,1361,270.0
0,4,1361,260.0
0,0,1362,910.0
0,1,1362,90.0
0,2,1362,200.0
0,3,1362,510.0
0,4,1362,150.0
0,0,1363,300.0
0,1,1363,350.0
0,2,1363,620.0
0,3,1363,180.0
0,4,1363,340.0
0,0,1364,420.0
0,1,1364,100.0
0,2,1364,270.0
0,3,1364,190.0
0,4,1364,330.0
0,0,1365,240.0
0,1,1365,260.0
0,2,1365,520.0
0,3,1365,210.0
0,4,1365,290.0
0,0,1366,260.0
0,1,1366,200.0
0,2,1366,230.0
0,3,1366,550.0
0,4,1366,380.0
0,0,1367,210.0
0,1,1367,80.0
0,2,1367,430.0
0,3,1367,240.0
0,4,1367,200.0
0,0,1368,450.0
0,1,1368,70.0
0,2,1368,330.0
0,3,1368,420.0
0,4,1368,360.0
0,0,1369,220.0
0,1,1369,410.0
0,2,1369,110.0
0,3,1369,720.0
0,4,1369,240.0
0,0,1370,240.0
0,1,1370,910.0
0,2,1370,500.0
0,3,1370,510.0
0,4,1370,240.0
0,0,1371,320.0
0,1,1371,460.0
0,2,1371,440.0
0,3,1371,730.0
0,4,1371,280.0
0,0,1372,280.0
0,1,1372,240.0
0,2,1372,900.0
0,3,1372,1860.0
0,4,1372,350.0
0,0,1373,200.0
0,1,1373,70.0
0,2,1373,830.0
0,3,1373,110.0
0,4,1373,230.0
0,0,1374,320.0
0,1,1374,80.0
0,2,1374,340.0
0,3,1374,160.0
0,4,1374,170.0
0,0,1375,470.0
0,1,1375,160.0
0,2,1375,530.0
0,3,1375,760.0
0,4,1375,200.0
0,0,1376,450.0
0,1,1376,480.0
0,2,1376,430.0
0,3,1376,80.0
0,4,1376,220.0
0,0,1377,430.0
0,1,1377,110.0
0,2,1377,520.0
0,3,1377,160.0
0,4,1377,490.0
0,0,1378,250.0
0,1,1378,130.0
0,2,1378,670.0
0,3,1378,120.0
0,4,1378,490.0
0,0,1379,210.0
0,1,1379,230.0
0,2,1379,230.0
0,3,1379,300.0
0,4,1379,260.0
0,0,1380,240.0
0,1,1380,480.0
0,2,1380,220.0
0,3,1380,1140.0
0,4,1380,220.0
0,0,1381,840.0
0,1,1381,80.0
0,2,1381,640.0
0,3,1381,1120.0
0,4,1381,220.0
0,0,1382,230.0
0,1,1382,220.0
0,2,1382,210.0
0,3,1382,250.0
0,4,1382,240.0
0,0,1383,440.0
0,1,1383,190.0
0,2,1383,480.0
0,3,1383,360.0
0,4,1383,330.0
0,0,1384,410.0
0,1,1384,160.0
0,2,1384,490.0
0,3,1384,610.0
0,4,1384,170.0
0,0,1385,220.0
0,1,1385,330.0
0,2,1385,1050.0
0,3,1385,380.0
0,4,1385,220.0
0,0,1386,480.0
0,1,1386,200.0
0,2,1386,540.0
0,3,1386,590.0
0,4,1386,180.0
0,0,1387,240.0
0,1,1387,930.0
0,2,1387,160.0
0,3,1387,1070.0
0,4,1387,180.0
0,0,1388,430.0
0,1,1388,80.0
0,2,1388,450.0
0,3,1388,160.0
0,4,1388,200.0
0,0,1389,240.0
0,1,1389,270.0
0,2,1389,120.0
0,3,1389,330.0
0,4,1389,300.0
0,0,1390,300.0
0,1,1390,80.0
0,2,1390,950.0
0,3,1390,540.0
0,4,1390,190.0
0,0,1391,560.0
0,1,1391,640.0
0,2,1391,180.0
0,3,1391,1010.0
0,4,1391,80.0
0,0,1392,330.0
0,1,1392,310.0
0,2,1392,370.0
0,3,1392,860.0
0,4,1392,210.0
0,0,1393,830.0
0,1,1393,80.0
0,2,1393,710.0
0,3,1393,560.0
0,4,1393,100.0
0,0,1394,600.0
0,1,1394,100.0
0,2,1394,380.0
0,3,1394,670.0
0,4,1394,290.0
0,0,1395,190.0
0,1,1395,220.0
0,2,1395,200.0
0,3,1395,380.0
0,4,1395,120.0
0,0,1396,210.0
0,1,1396,180.0
0,2,1396,460.0
0,3,1396,720.0
0,4,1396,130.0
0,0,1397,300.0
0,1,1397,880.0
0,2,1397,530.0
0,3,1397,340.0
0,4,1397,490.0
0,0,1398,390.0
0,1,1398,320.0
0,2,1398,470.0
0,3,1398,170.0
0,4,1398,230.0
0,0,1399,230.0
0,1,1399,480.0
0,2,1399,320.0
0,3,1399,360.0
0,4,1399,80.0
0,0,1400,460.0
0,1,1400,100.0
0,2,1400,380.0
0,3,1400,290.0
0,4,1400,480.0
0,0,1401,310.0
0,1,1401,100.0
0,2,1401,460.0
0,3,1401,160.0
0,4,1401,200.0
0,0,1402,310.0
0,1,1402,210.0
0,2,1402,310.0
0,3,1402,240.0
0,4,1402,900.0
0,0,1403,430.0
0,1,1403,190.0
0,2,1403,110.0
0,3,1403,320.0
0,4,1403,60.0
0,0,1404,130.0
0,1,1404,100.0
0,2,1404,640.0
0,3,1404,300.0
0,4,1404,630.0
0,0,1405,250.0
0,1,1405,460.0
0,2,1405,250.0
0,3,1405,270.0
0,4,1405,230.0
0,0,1406,1660.0
0,1,1406,130.0
0,2,1406,320.0
0,3,1406,670.0
0,4,1406,590.0
0,0,1407,240.0
0,1,1407,80.0
0,2,1407,310.0
0,3,1407,200.0
0,4,1407,150.0
0,0,1408,270.0
0,1,1408,80.0
0,2,1408,450.0
0,3,1408,430.0
0,4,1408,190.0
0,0,1409,250.0
0,1,1409,80.0
0,2,1409,170.0
0,3,1409,260.0
0,4,1409,630.0
0,0,1410,210.0
0,1,1410,100.0
0,2,1410,880.0
0,3,1410,600.0
0,4,1410,270.0
0,0,1411,230.0
0,1,1411,860.0
0,2,1411,470.0
0,3,1411,380.0
0,4,1411,90.0
0,0,1412,240.0
0,1,1412,110.0
0,2,1412,430.0
0,3,1412,230.0
0,4,1412,280.0
0,0,1413,220.0
0,1,1413,480.0
0,2,1413,330.0
0,3,1413,400.0
0,4,1413,620.0
0,0,1414,300.0
0,1,1414,190.0
0,2,1414,250.0
0,3,1414,350.0
0,4,1414,180.0
0,0,1415,260.0
0,1,1415,530.0
0,2,1415,450.0
0,3,1415,220.0
0,4,1415,360.0
0,0,1416,200.0
0,1,1416,820.0
0,2,1416,550.0
0,3,1416,890.0
0,4,1416,520.0
0,0,1417,470.0
0,1,1417,60.0
0,2,1417,500.0
0,3,1417,350.0
0,4,1417,940.0
0,0,1418,290.0
0,1,1418,140.0
0,2,1418,470.0
0,3,1418,230.0
0,4,1418,110.0
0,0,1419,210.0
0,1,1419,60.0
0,2,1419,420.0
0,3,1419,670.0
0,4,1419,500.0
0,0,1420,210.0
0,1,1420,270.0
0,2,1420,480.0
0,3,1420,390.0
0,4,1420,170.0
0,0,1421,540.0
0,1,1421,80.0
0,2,1421,570.0
0,3,1421,120.0
0,4,1421,160.0
0,0,1422,220.0
0,1,1422,160.0
0,2,1422,450.0
0,3,1422,210.0
0,4,1422,270.0
0,0,1423,230.0
0,1,1423,170.0
0,2,1423,370.0
0,3,1423,300.0
0,4,1423,190.0
0,0,1424,220.0
0,1,1424,90.0
0,2,1424,460.0
0,3,1424,360.0
0,4,1424,180.0
0,0,1425,490.0
0,1,1425,90.0
0,2,1425,260.0
0,3,1425,240.0
0,4,1425,260.0
0,0,1426,210.0
0,1,1426,90.0
0,2,1426,380.0
0,3,1426,670.0
0,4,1426,200.0
0,0,1427,250.0
0,1,1427,350.0
0,2,1427,370.0
0,3,1427,170.0
0,4,1427,340.0
0,0,1428,310.0
0,1,1428,110.0
0,2,1428,500.0
0,3,1428,340.0
0,4,1428,510.0
0,0,1429,170.0
0,1,1429,200.0
0,2,1429,1900.0
0,3,1429,420.0
0,4,1429,160.0
0,0,1430,280.0
0,1,1430,150.0
0,2,1430,470.0
0,3,1430,240.0
0,4,1430,210.0
0,0,1431,100.0
0,1,1431,250.0
0,2,1431,200.0
0,3,1431,630.0
0,4,1431,180.0
0,0,1432,510.0
0,1,1432,80.0
0,2,1432,540.0
0,3,1432,440.0
0,4,1432,280.0
0,0,1433,450.0
0,1,1433,80.0
0,2,1433,600.0
0,3,1433,350.0
0,4,1433,180.0
0,0,1434,260.0
0,1,1434,130.0
0,2,1434,230.0
0,3,1434,910.0
0,4,1434,280.0
0,0,1435,210.0
0,1,1435,880.0
0,2,1435,520.0
0,3,1435,360.0
0,4,1435,210.0
0,0,1436,290.0
0,1,1436,310.0
0,2,1436,400.0
0,3,1436,170.0
0,4,1436,200.0
0,0,1437,820.0
0,1,1437,230.0
0,2,1437,350.0
0,3,1437,370.0
0,4,1437,60.0
0,0,1438,490.0
0,1,1438,140.0
0,2,1438,150.0
0,3,1438,240.0
0,4,1438,240.0
0,0,1439,330.0
0,1,1439,360.0
0,2,1439,430.0
0,3,1439,330.0
0,4,1439,210.0
0,0,1440,260.0
0,1,1440,2030.0
0,2,1440,490.0
0,3,1440,950.0
0,4,1440,200.0
0,0,1441,210.0
0,1,1441,210.0
0,2,1441,380.0
0,3,1441,340.0
0,4,1441,310.0
0,0,1442,230.0
0,1,1442,250.0
0,2,1442,370.0
0,3,1442,1760.0
0,4,1442,210.0
0,0,1443,430.0
0,1,1443,170.0
0,2,1443,610.0
0,3,1443,380.0
0,4,1443,350.0
0,0,1444,210.0
0,1,1444,90.0
0,2,1444,220.0
0,3,1444,320.0
0,4,1444,300.0
0,0,1445,210.0
0,1,1445,110.0
0,2,1445,220.0
0,3,1445,490.0
0,4,1445,80.0
0,0,1446,510.0
0,1,1446,510.0
0,2,1446,160.0
0,3,1446,810.0
0,4,1446,70.0
0,0,1447,120.0
0,1,1447,90.0
0,2,1447,220.0
0,3,1447,1690.0
0,4,1447,170.0
0,0,1448,200.0
0,1,1448,140.0
0,2,1448,300.0
0,3,1448,460.0
0,4,1448,70.0
0,0,1449,850.0
0,1,1449,320.0
0,2,1449,290.0
0,3,1449,520.0
0,4,1449,260.0
0,0,1450,430.0
0,1,1450,160.0
0,2,1450,170.0
0,3,1450,890.0
0,4,1450,530.0
0,0,1451,300.0
0,1,1451,150.0
0,2,1451,390.0
0,3,1451,150.0
0,4,1451,90.0
0,0,1452,300.0
0,1,1452,90.0
0,2,1452,160.0
0,3,1452,230.0
0,4,1452,120.0
0,0,1453,240.0
0,1,1453,350.0
0,2,1453,260.0
0,3,1453,190.0
0,4,1453,100.0
0,0,1454,240.0
0,1,1454,200.0
0,2,1454,270.0
0,3,1454,560.0
0,4,1454,180.0
0,0,1455,260.0
0,1,1455,450.0
0,2,1455,460.0
0,3,1455,380.0
0,4,1455,910.0
0,0,1456,470.0
0,1,1456,100.0
0,2,1456,240.0
0,3,1456,420.0
0,4,1456,240.0
0,0,1457,430.0
0,1,1457,70.0
0,2,1457,130.0
0,3,1457,720.0
0,4,1457,430.0
0,0,1458,260.0
0,1,1458,170.0
0,2,1458,290.0
0,3,1458,1020.0
0,4,1458,330.0
0,0,1459,310.0
0,1,1459,290.0
0,2,1459,360.0
0,3,1459,540.0
0,4,1459,300.0
0,0,1460,110.0
0,1,1460,180.0
0,2,1460,240.0
0,3,1460,240.0
0,4,1460,230.0
0,0,1461,540.0
0,1,1461,80.0
0,2,1461,400.0
0,3,1461,240.0
0,4,1461,170.0
0,0,1462,290.0
0,1,1462,110.0
0,2,1462,320.0
0,3,1462,180.0
0,4,1462,300.0
0,0,1463,590.0
0,1,1463,70.0
0,2,1463,300.0
0,3,1463,280.0
0,4,1463,1040.0
0,0,1464,300.0
0,1,1464,60.0
0,2,1464,780.0
0,3,1464,260.0
0,4,1464,360.0
0,0,1465,280.0
0,1,1465,80.0
0,2,1465,180.0
0,3,1465,330.0
0,4,1465,60.0
0,0,1466,440.0
0,1,1466,80.0
0,2,1466,240.0
0,3,1466,210.0
0,4,1466,110.0
0,0,1467,400.0
0,1,1467,270.0
0,2,1467,210.0
0,3,1467,240.0
0,4,1467,320.0
0,0,1468,420.0
0,1,1468,190.0
0,2,1468,180.0
0,3,1468,320.0
0,4,1468,190.0
0,0,1469,250.0
0,1,1469,380.0
0,2,1469,380.0
0,3,1469,340.0
0,4,1469,110.0
0,0,1470,260.0
0,1,1470,290.0
0,2,1470,1580.0
0,3,1470,580.0
0,4,1470,250.0
0,0,1471,530.0
0,1,1471,290.0
0,2,1471,740.0
0,3,1471,750.0
0,4,1471,270.0
0,0,1472,260.0
0,1,1472,70.0
0,2,1472,180.0
0,3,1472,250.0
0,4,1472,220.0
0,0,1473,300.0
0,1,1473,470.0
0,2,1473,310.0
0,3,1473,210.0
0,4,1473,270.0
0,0,1474,520.0
0,1,1474,530.0
0,2,1474,200.0
0,3,1474,150.0
0,4,1474,270.0
0,0,1475,520.0
0,1,1475,470.0
0,2,1475,440.0
0,3,1475,130.0
0,4,1475,130.0
0,0,1476,250.0
0,1,1476,350.0
0,2,1476,270.0
0,3,1476,560.0
0,4,1476,130.0
0,0,1477,460.0
0,1,1477,380.0
0,2,1477,830.0
0,3,1477,610.0
0,4,1477,300.0
0,0,1478,280.0
0,1,1478,120.0
0,2,1478,240.0
0,3,1478,940.0
0,4,1478,270.0
0,0,1479,210.0
0,1,1479,210.0
0,2,1479,300.0
0,3,1479,360.0
0,4,1479,240.0
0,0,1480,260.0
0,1,1480,110.0
0,2,1480,1190.0
0,3,1480,160.0
0,4,1480,280.0
0,0,1481,200.0
0,1,1481,480.0
0,2,1481,560.0
0,3,1481,650.0
0,4,1481,80.0
0,0,1482,460.0
0,1,1482,470.0
0,2,1482,490.0
0,3,1482,400.0
0,4,1482,910.0
0,0,1483,230.0
0,1,1483,550.0
0,2,1483,500.0
0,3,1483,490.0
0,4,1483,180.0
0,0,1484,240.0
0,1,1484,110.0
0,2,1484,410.0
0,3,1484,910.0
0,4,1484,210.0
0,0,1485,320.0
0,1,1485,90.0
0,2,1485,300.0
0,3,1485,400.0
0,4,1485,230.0
0,0,1486,270.0
0,1,1486,260.0
0,2,1486,520.0
0,3,1486,510.0
0,4,1486,180.0
0,0,1487,850.0
0,1,1487,110.0
0,2,1487,670.0
0,3,1487,440.0
0,4,1487,70.0
0,0,1488,260.0
0,1,1488,360.0
0,2,1488,470.0
0,3,1488,270.0
0,4,1488,260.0
0,0,1489,300.0
0,1,1489,460.0
0,2,1489,320.0
0,3,1489,100.0
0,4,1489,280.0
0,0,1490,480.0
0,1,1490,250.0
0,2,1490,620.0
0,3,1490,140.0
0,4,1490,110.0
0,0,1491,460.0
0,1,1491,80.0
0,2,1491,180.0
0,3,1491,610.0
0,4,1491,230.0
0,0,1492,640.0
0,1,1492,330.0
0,2,1492,250.0
0,3,1492,560.0
0,4,1492,190.0
0,0,1493,530.0
0,1,1493,860.0
0,2,1493,280.0
0,3,1493,430.0
0,4,1493,110.0
0,0,1494,380.0
0,1,1494,80.0
0,2,1494,400.0
0,3,1494,310.0
0,4,1494,130.0
0,0,1495,410.0
0,1,1495,270.0
0,2,1495,970.0
0,3,1495,240.0
0,4,1495,120.0
0,0,1496,280.0
0,1,1496,80.0
0,2,1496,160.0
0,3,1496,240.0
0,4,1496,220.0
0,0,1497,240.0
0,1,1497,140.0
0,2,1497,540.0
0,3,1497,270.0
0,4,1497,200.0
0,0,1498,460.0
0,1,1498,200.0
0,2,1498,380.0
0,3,1498,280.0
0,4,1498,210.0
0,0,1499,250.0
0,1,1499,70.0
0,2,1499,420.0
0,3,1499,230.0
0,4,1499,70.0
0,0,1500,460.0
0,1,1500,460.0
0,2,1500,200.0
0,3,1500,270.0
0,4,1500,220.0
0,0,1501,460.0
0,1,1501,90.0
0,2,1501,320.0
0,3,1501,440.0
0,4,1501,180.0
0,0,1502,430.0
0,1,1502,70.0
0,2,1502,270.0
0,3,1502,250.0
0,4,1502,270.0
0,0,1503,230.0
0,1,1503,240.0
0,2,1503,250.0
0,3,1503,470.0
0,4,1503,400.0
0,0,1504,330.0
0,1,1504,150.0
0,2,1504,780.0
0,3,1504,330.0
0,4,1504,240.0
0,0,1505,170.0
0,1,1505,130.0
0,2,1505,380.0
0,3,1505,240.0
0,4,1505,230.0
0,0,1506,470.0
0,1,1506,80.0
0,2,1506,1110.0
0,3,1506,490.0
0,4,1506,250.0
0,0,1507,290.0
0,1,1507,130.0
0,2,1507,370.0
0,3,1507,230.0
0,4,1507,400.0
0,0,1508,230.0
0,1,1508,100.0
0,2,1508,200.0
0,3,1508,300.0
0,4,1508,110.0
0,0,1509,460.0
0,1,1509,190.0
0,2,1509,1040.0
0,3,1509,340.0
0,4,1509,190.0
0,0,1510,260.0
0,1,1510,70.0
0,2,1510,400.0
0,3,1510,350.0
0,4,1510,110.0
0,0,1511,270.0
0,1,1511,180.0
0,2,1511,510.0
0,3,1511,330.0
0,4,1511,180.0
0,0,1512,240.0
0,1,1512,860.0
0,2,1512,1880.0
0,3,1512,280.0
0,4,1512,330.0
0,0,1513,240.0
0,1,1513,90.0
0,2,1513,600.0
0,3,1513,350.0
0,4,1513,100.0
0,0,1514,870.0
0,1,1514,70.0
0,2,1514,120.0
0,3,1514,610.0
0,4,1514,260.0
0,0,1515,320.0
0,1,1515,80.0
0,2,1515,200.0
0,3,1515,980.0
0,4,1515,160.0
0,0,1516,210.0
0,1,1516,100.0
0,2,1516,440.0
0,3,1516,460.0
0,4,1516,300.0
0,0,1517,410.0
0,1,1517,860.0
0,2,1517,230.0
0,3,1517,660.0
0,4,1517,340.0
0,0,1518,180.0
0,1,1518,190.0
0,2,1518,400.0
0,3,1518,390.0
0,4,1518,310.0
0,0,1519,520.0
0,1,1519,190.0
0,2,1519,450.0
0,3,1519,280.0
0,4,1519,560.0
0,0,1520,260.0
0,1,1520,90.0
0,2,1520,770.0
0,3,1520,340.0
0,4,1520,170.0
0,0,1521,310.0
0,1,1521,280.0
0,2,1521,620.0
0,3,1521,680.0
0,4,1521,1740.0
0,0,1522,270.0
0,1,1522,470.0
0,2,1522,150.0
0,3,1522,430.0
0,4,1522,70.0
0,0,1523,850.0
0,1,1523,450.0
0,2,1523,150.0
0,3,1523,220.0
0,4,1523,100.0
0,0,1524,310.0
0,1,1524,480.0
0,2,1524,140.0
0,3,1524,200.0
0,4,1524,560.0
0,0,1525,220.0
0,1,1525,240.0
0,2,1525,280.0
0,3,1525,620.0
0,4,1525,160.0
0,0,1526,450.0
0,1,1526,90.0
0,2,1526,220.0
0,3,1526,170.0
0,4,1526,290.0
0,0,1527,230.0
0,1,1527,520.0
0,2,1527,530.0
0,3,1527,190.0
0,4,1527,340.0
0,0,1528,270.0
0,1,1528,240.0
0,2,1528,380.0
0,3,1528,280.0
0,4,1528,80.0
0,0,1529,830.0
0,1,1529,450.0
0,2,1529,1210.0
0,3,1529,320.0
0,4,1529,350.0
0,0,1530,430.0
0,1,1530,890.0
0,2,1530,310.0
0,3,1530,550.0
0,4,1530,290.0
0,0,1531,220.0
0,1,1531,490.0
0,2,1531,220.0
0,3,1531,240.0
0,4,1531,270.0
0,0,1532,1720.0
0,1,1532,210.0
0,2,1532,340.0
0,3,1532,630.0
0,4,1532,200.0
0,0,1533,260.0
0,1,1533,290.0
0,2,1533,290.0
0,3,1533,280.0
0,4,1533,230.0
0,0,1534,260.0
0,1,1534,260.0
0,2,1534,540.0
0,3,1534,330.0
0,4,1534,290.0
0,0,1535,200.0
0,1,1535,350.0
0,2,1535,520.0
0,3,1535,540.0
0,4,1535,60.0
0,0,1536,250.0
0,1,1536,290.0
0,2,1536,230.0
0,3,1536,200.0
0,4,1536,370.0
0,0,1537,230.0
0,1,1537,80.0
0,2,1537,190.0
0,3,1537,360.0
0,4,1537,250.0
0,0,1538,510.0
0,1,1538,500.0
0,2,1538,710.0
0,3,1538,550.0
0,4,1538,70.0
0,0,1539,230.0
0,1,1539,450.0
0,2,1539,430.0
0,3,1539,200.0
0,4,1539,80.0
0,0,1540,270.0
0,1,1540,310.0
0,2,1540,470.0
0,3,1540,560.0
0,4,1540,70.0
0,0,1541,210.0
0,1,1541,80.0
0,2,1541,280.0
0,3,1541,400.0
0,4,1541,60.0
0,0,1542,490.0
0,1,1542,60.0
0,2,1542,330.0
0,3,1542,280.0
0,4,1542,70.0
0,0,1543,240.0
0,1,1543,330.0
0,2,1543,400.0
0,3,1543,390.0
0,4,1543,60.0
0,0,1544,430.0
0,1,1544,280.0
0,2,1544,860.0
0,3,1544,190.0
0,4,1544,250.0
0,0,1545,260.0
0,1,1545,170.0
0,2,1545,560.0
0,3,1545,420.0
0,4,1545,340.0
0,0,1546,470.0
0,1,1546,300.0
0,2,1546,420.0
0,3,1546,570.0
0,4,1546,260.0
0,0,1547,250.0
0,1,1547,180.0
0,2,1547,600.0
0,3,1547,520.0
0,4,1547,180.0
0,0,1548,210.0
0,1,1548,210.0
0,2,1548,310.0
0,3,1548,180.0
0,4,1548,210.0
0,0,1549,700.0
0,1,1549,230.0
0,2,1549,420.0
0,3,1549,220.0
0,4,1549,120.0
0,0,1550,430.0
0,1,1550,480.0
0,2,1550,290.0
0,3,1550,280.0
0,4,1550,530.0
0,0,1551,510.0
0,1,1551,920.0
0,2,1551,140.0
0,3,1551,390.0
0,4,1551,280.0
0,0,1552,310.0
0,1,1552,200.0
0,2,1552,330.0
0,3,1552,1660.0
0,4,1552,80.0
0,0,1553,450.0
0,1,1553,180.0
0,2,1553,420.0
0,3,1553,320.0
0,4,1553,350.0
0,0,1554,490.0
0,1,1554,170.0
0,2,1554,390.0
0,3,1554,230.0
0,4,1554,260.0
0,0,1555,450.0
0,1,1555,490.0
0,2,1555,310.0
0,3,1555,210.0
0,4,1555,520.0
0,0,1556,230.0
0,1,1556,170.0
0,2,1556,330.0
0,3,1556,550.0
0,4,1556,260.0
0,0,1557,460.0
0,1,1557,70.0
0,2,1557,190.0
0,3,1557,180.0
0,4,1557,180.0
0,0,1558,250.0
0,1,1558,170.0
0,2,1558,250.0
0,3,1558,200.0
0,4,1558,140.0
0,0,1559,210.0
0,1,1559,320.0
0,2,1559,550.0
0,3,1559,370.0
0,4,1559,70.0
0,0,1560,260.0
0,1,1560,270.0
0,2,1560,680.0
0,3,1560,210.0
0,4,1560,150.0
0,0,1561,210.0
0,1,1561,450.0
0,2,1561,480.0
0,3,1561,280.0
0,4,1561,240.0
0,0,1562,230.0
0,1,1562,160.0
0,2,1562,540.0
0,3,1562,250.0
0,4,1562,240.0
0,0,1563,480.0
0,1,1563,190.0
0,2,1563,290.0
0,3,1563,290.0
0,4,1563,270.0
0,0,1564,480.0
0,1,1564,250.0
0,2,1564,230.0
0,3,1564,910.0
0,4,1564,130.0
0,0,1565,440.0
0,1,1565,400.0
0,2,1565,470.0
0,3,1565,240.0
0,4,1565,510.0
0,0,1566,250.0
0,1,1566,850.0
0,2,1566,290.0
0,3,1566,180.0
0,4,1566,300.0
0,0,1567,450.0
0,1,1567,950.0
0,2,1567,470.0
0,3,1567,370.0
0,4,1567,200.0
0,0,1568,250.0
0,1,1568,270.0
0,2,1568,540.0
0,3,1568,220.0
0,4,1568,190.0
0,0,1569,820.0
0,1,1569,60.0
0,2,1569,310.0
0,3,1569,200.0
0,4,1569,220.0
0,0,1570,320.0
0,1,1570,460.0
0,2,1570,230.0
0,3,1570,220.0
0,4,1570,230.0
0,0,1571,300.0
0,1,1571,180.0
0,2,1571,320.0
0,3,1571,350.0
0,4,1571,200.0
0,0,1572,520.0
0,1,1572,160.0
0,2,1572,260.0
0,3,1572,280.0
0,4,1572,270.0
0,0,1573,500.0
0,1,1573,440.0
0,2,1573,470.0
0,3,1573,190.0
0,4,1573,490.0
0,0,1574,200.0
0,1,1574,250.0
0,2,1574,230.0
0,3,1574,570.0
0,4,1574,180.0
0,0,1575,210.0
0,1,1575,540.0
0,2,1575,590.0
0,3,1575,260.0
0,4,1575,190.0
0,0,1576,300.0
0,1,1576,180.0
0,2,1576,620.0
0,3,1576,180.0
0,4,1576,80.0
0,0,1577,310.0
0,1,1577,900.0
0,2,1577,380.0
0,3,1577,600.0
0,4,1577,80.0
0,0,1578,250.0
0,1,1578,520.0
0,2,1578,1040.0
0,3,1578,230.0
0,4,1578,270.0
0,0,1579,440.0
0,1,1579,240.0
0,2,1579,200.0
0,3,1579,230.0
0,4,1579,570.0
0,0,1580,230.0
0,1,1580,270.0
0,2,1580,510.0
0,3,1580,870.0
0,4,1580,80.0
0,0,1581,390.0
0,1,1581,180.0
0,2,1581,530.0
0,3,1581,350.0
0,4,1581,230.0
0,0,1582,300.0
0,1,1582,1880.0
0,2,1582,320.0
0,3,1582,360.0
0,4,1582,190.0
0,0,1583,500.0
0,1,1583,500.0
0,2,1583,730.0
0,3,1583,290.0
0,4,1583,130.0
0,0,1584,410.0
0,1,1584,190.0
0,2,1584,1040.0
0,3,1584,950.0
0,4,1584,490.0
0,0,1585,110.0
0,1,1585,70.0
0,2,1585,520.0
0,3,1585,210.0
0,4,1585,290.0
0,0,1586,450.0
0,1,1586,190.0
0,2,1586,430.0
0,3,1586,340.0
0,4,1586,230.0
0,0,1587,830.0
0,1,1587,930.0
0,2,1587,450.0
0,3,1587,160.0
0,4,1587,150.0
0,0,1588,230.0
0,1,1588,70.0
0,2,1588,280.0
0,3,1588,230.0
0,4,1588,290.0
0,0,1589,330.0
0,1,1589,70.0
0,2,1589,160.0
0,3,1589,320.0
0,4,1589,670.0
0,0,1590,500.0
0,1,1590,310.0
0,2,1590,300.0
0,3,1590,640.0
0,4,1590,200.0
0,0,1591,480.0
0,1,1591,910.0
0,2,1591,540.0
0,3,1591,510.0
0,4,1591,80.0
0,0,1592,520.0
0,1,1592,150.0
0,2,1592,130.0
0,3,1592,270.0
0,4,1592,160.0
0,0,1593,500.0
0,1,1593,120.0
0,2,1593,440.0
0,3,1593,910.0
0,4,1593,370.0
0,0,1594,510.0
0,1,1594,170.0
0,2,1594,190.0
0,3,1594,890.0
0,4,1594,110.0
0,0,1595,260.0
0,1,1595,790.0
0,2,1595,520.0
0,3,1595,230.0
0,4,1595,70.0
0,0,1596,480.0
0,1,1596,980.0
0,2,1596,200.0
0,3,1596,170.0
0,4,1596,70.0
0,0,1597,110.0
0,1,1597,290.0
0,2,1597,280.0
0,3,1597,330.0
0,4,1597,380.0
0,0,1598,210.0
0,1,1598,90.0
0,2,1598,440.0
0,3,1598,310.0
0,4,1598,200.0
0,0,1599,320.0
0,1,1599,100.0
0,2,1599,90.0
0,3,1599,540.0
0,4,1599,190.0
0,0,1600,240.0
0,1,1600,940.0
0,2,1600,150.0
0,3,1600,250.0
0,4,1600,90.0
0,0,1601,310.0
0,1,1601,260.0
0,2,1601,160.0
0,3,1601,670.0
0,4,1601,270.0
0,0,1602,430.0
0,1,1602,90.0
0,2,1602,170.0
0,3,1602,1060.0
0,4,1602,580.0
0,0,1603,320.0
0,1,1603,190.0
0,2,1603,610.0
0,3,1603,280.0
0,4,1603,190.0
0,0,1604,250.0
0,1,1604,160.0
0,2,1604,340.0
0,3,1604,350.0
0,4,1604,90.0
0,0,1605,230.0
0,1,1605,790.0
0,2,1605,220.0
0,3,1605,350.0
0,4,1605,120.0
0,0,1606,220.0
0,1,1606,160.0
0,2,1606,400.0
0,3,1606,540.0
0,4,1606,80.0
0,0,1607,250.0
0,1,1607,110.0
0,2,1607,490.0
0,3,1607,540.0
0,4,1607,190.0
0,0,1608,390.0
0,1,1608,530.0
0,2,1608,150.0
0,3,1608,190.0
0,4,1608,250.0
0,0,1609,380.0
0,1,1609,100.0
0,2,1609,170.0
0,3,1609,150.0
0,4,1609,240.0
0,0,1610,360.0
0,1,1610,110.0
0,2,1610,500.0
0,3,1610,590.0
0,4,1610,270.0
0,0,1611,240.0
0,1,1611,100.0
0,2,1611,560.0
0,3,1611,260.0
0,4,1611,190.0
0,0,1612,260.0
0,1,1612,1250.0
0,2,1612,470.0
0,3,1612,200.0
0,4,1612,420.0
0,0,1613,240.0
0,1,1613,90.0
0,2,1613,550.0
0,3,1613,290.0
0,4,1613,220.0
0,0,1614,540.0
0,1,1614,390.0
0,2,1614,560.0
0,3,1614,230.0
0,4,1614,280.0
0,0,1615,320.0
0,1,1615,70.0
0,2,1615,470.0
0,3,1615,190.0
0,4,1615,200.0
0,0,1616,180.0
0,1,1616,500.0
0,2,1616,510.0
0,3,1616,530.0
0,4,1616,340.0
0,0,1617,260.0
0,1,1617,320.0
0,2,1617,320.0
0,3,1617,330.0
0,4,1617,180.0
0,0,1618,220.0
0,1,1618,110.0
0,2,1618,440.0
0,3,1618,230.0
0,4,1618,270.0
0,0,1619,230.0
0,1,1619,300.0
0,2,1619,640.0
0,3,1619,270.0
0,4,1619,190.0
0,0,1620,220.0
0,1,1620,70.0
0,2,1620,480.0
0,3,1620,230.0
0,4,1620,250.0
0,0,1621,520.0
0,1,1621,460.0
0,2,1621,830.0
0,3,1621,330.0
0,4,1621,110.0
0,0,1622,500.0
0,1,1622,150.0
0,2,1622,560.0
0,3,1622,200.0
0,4,1622,170.0
0,0,1623,510.0
0,1,1623,200.0
0,2,1623,320.0
0,3,1623,240.0
0,4,1623,170.0
0,0,1624,330.0
0,1,1624,150.0
0,2,1624,570.0
0,3,1624,490.0
0,4,1624,140.0
0,0,1625,190.0
0,1,1625,440.0
0,2,1625,480.0
0,3,1625,170.0
0,4,1625,340.0
0,0,1626,260.0
0,1,1626,100.0
0,2,1626,180.0
0,3,1626,310.0
0,4,1626,240.0
0,0,1627,310.0
0,1,1627,100.0
0,2,1627,500.0
0,3,1627,480.0
0,4,1627,250.0
0,0,1628,380.0
0,1,1628,470.0
0,2,1628,190.0
0,3,1628,860.0
0,4,1628,150.0
0,0,1629,230.0
0,1,1629,140.0
0,2,1629,310.0
0,3,1629,880.0
0,4,1629,330.0
0,0,1630,110.0
0,1,1630,460.0
0,2,1630,470.0
0,3,1630,190.0
0,4,1630,200.0
0,0,1631,320.0
0,1,1631,220.0
0,2,1631,560.0
0,3,1631,830.0
0,4,1631,120.0
0,0,1632,310.0
0,1,1632,110.0
0,2,1632,560.0
0,3,1632,370.0
0,4,1632,320.0
0,0,1633,170.0
0,1,1633,80.0
0,2,1633,1170.0
0,3,1633,740.0
0,4,1633,80.0
0,0,1634,450.0
0,1,1634,130.0
0,2,1634,810.0
0,3,1634,390.0
0,4,1634,190.0
0,0,1635,450.0
0,1,1635,200.0
0,2,1635,400.0
0,3,1635,140.0
0,4,1635,420.0
0,0,1636,240.0
0,1,1636,330.0
0,2,1636,370.0
0,3,1636,300.0
0,4,1636,200.0
0,0,1637,460.0
0,1,1637,180.0
0,2,1637,490.0
0,3,1637,540.0
0,4,1637,210.0
0,0,1638,210.0
0,1,1638,80.0
0,2,1638,290.0
0,3,1638,280.0
0,4,1638,100.0
0,0,1639,290.0
0,1,1639,450.0
0,2,1639,420.0
0,3,1639,160.0
0,4,1639,320.0
0,0,1640,260.0
0,1,1640,360.0
0,2,1640,960.0
0,3,1640,910.0
0,4,1640,190.0
0,0,1641,210.0
0,1,1641,180.0
0,2,1641,410.0
0,3,1641,160.0
0,4,1641,440.0
0,0,1642,270.0
0,1,1642,90.0
0,2,1642,400.0
0,3,1642,200.0
0,4,1642,480.0
0,0,1643,440.0
0,1,1643,90.0
0,2,1643,610.0
0,3,1643,900.0
0,4,1643,90.0
0,0,1644,310.0
0,1,1644,500.0
0,2,1644,440.0
0,3,1644,200.0
0,4,1644,100.0
0,0,1645,290.0
0,1,1645,310.0
0,2,1645,550.0
0,3,1645,150.0
0,4,1645,60.0
0,0,1646,630.0
0,1,1646,1170.0
0,2,1646,310.0
0,3,1646,170.0
0,4,1646,200.0
0,0,1647,450.0
0,1,1647,380.0
0,2,1647,130.0
0,3,1647,260.0
0,4,1647,290.0
0,0,1648,170.0
0,1,1648,460.0
0,2,1648,650.0
0,3,1648,230.0
0,4,1648,210.0
0,0,1649,520.0
0,1,1649,90.0
0,2,1649,340.0
0,3,1649,170.0
0,4,1649,120.0
0,0,1650,350.0
0,1,1650,80.0
0,2,1650,1030.0
0,3,1650,570.0
0,4,1650,190.0
0,0,1651,230.0
0,1,1651,130.0
0,2,1651,160.0
0,3,1651,270.0
0,4,1651,480.0
0,0,1652,280.0
0,1,1652,80.0
0,2,1652,90.0
0,3,1652,220.0
0,4,1652,190.0
0,0,1653,240.0
0,1,1653,220.0
0,2,1653,100.0
0,3,1653,570.0
0,4,1653,70.0
0,0,1654,310.0
0,1,1654,130.0
0,2,1654,330.0
0,3,1654,1050.0
0,4,1654,70.0
0,0,1655,210.0
0,1,1655,540.0
0,2,1655,130.0
0,3,1655,200.0
0,4,1655,150.0
0,0,1656,220.0
0,1,1656,270.0
0,2,1656,1050.0
0,3,1656,320.0
0,4,1656,270.0
0,0,1657,120.0
0,1,1657,310.0
0,2,1657,750.0
0,3,1657,180.0
0,4,1657,170.0
0,0,1658,310.0
0,1,1658,460.0
0,2,1658,180.0
0,3,1658,330.0
0,4,1658,220.0
0,0,1659,250.0
0,1,1659,180.0
0,2,1659,190.0
0,3,1659,290.0
0,4,1659,190.0
0,0,1660,440.0
0,1,1660,80.0
0,2,1660,240.0
0,3,1660,320.0
0,4,1660,50.0
0,0,1661,520.0
0,1,1661,500.0
0,2,1661,790.0
0,3,1661,480.0
0,4,1661,320.0
0,0,1662,470.0
0,1,1662,470.0
0,2,1662,410.0
0,3,1662,1040.0
0,4,1662,250.0
0,0,1663,490.0
0,1,1663,260.0
0,2,1663,70.0
0,3,1663,160.0
0,4,1663,290.0
0,0,1664,510.0
0,1,1664,470.0
0,2,1664,480.0
0,3,1664,190.0
0,4,1664,110.0
0,0,1665,300.0
0,1,1665,480.0
0,2,1665,400.0
0,3,1665,500.0
0,4,1665,80.0
0,0,1666,210.0
0,1,1666,270.0
0,2,1666,100.0
0,3,1666,280.0
0,4,1666,220.0
0,0,1667,250.0
0,1,1667,120.0
0,2,1667,2020.0
0,3,1667,720.0
0,4,1667,280.0
0,0,1668,110.0
0,1,1668,90.0
0,2,1668,510.0
0,3,1668,160.0
0,4,1668,970.0
0,0,1669,930.0
0,1,1669,70.0
0,2,1669,430.0
0,3,1669,180.0
0,4,1669,290.0
0,0,1670,210.0
0,1,1670,260.0
0,2,1670,270.0
0,3,1670,350.0
0,4,1670,260.0
0,0,1671,450.0
0,1,1671,140.0
0,2,1671,600.0
0,3,1671,220.0
0,4,1671,320.0
0,0,1672,450.0
0,1,1672,120.0
0,2,1672,440.0
0,3,1672,180.0
0,4,1672,280.0
0,0,1673,210.0
0,1,1673,440.0
0,2,1673,630.0
0,3,1673,210.0
0,4,1673,250.0
0,0,1674,510.0
0,1,1674,500.0
0,2,1674,620.0
0,3,1674,390.0
0,4,1674,110.0
0,0,1675,210.0
0,1,1675,860.0
0,2,1675,800.0
0,3,1675,320.0
0,4,1675,230.0
0,0,1676,300.0
0,1,1676,620.0
0,2,1676,600.0
0,3,1676,350.0
0,4,1676,380.0
0,0,1677,320.0
0,1,1677,190.0
0,2,1677,340.0
0,3,1677,850.0
0,4,1677,210.0
0,0,1678,240.0
0,1,1678,80.0
0,2,1678,280.0
0,3,1678,200.0
0,4,1678,290.0
0,0,1679,430.0
0,1,1679,100.0
0,2,1679,670.0
0,3,1679,210.0
0,4,1679,340.0
0,0,1680,430.0
0,1,1680,240.0
0,2,1680,510.0
0,3,1680,270.0
0,4,1680,130.0
0,0,1681,350.0
0,1,1681,70.0
0,2,1681,370.0
0,3,1681,1300.0
0,4,1681,220.0
0,0,1682,290.0
0,1,1682,120.0
0,2,1682,140.0
0,3,1682,190.0
0,4,1682,180.0
0,0,1683,210.0
0,1,1683,140.0
0,2,1683,400.0
0,3,1683,200.0
0,4,1683,300.0
0,0,1684,270.0
0,1,1684,210.0
0,2,1684,770.0
0,3,1684,610.0
0,4,1684,220.0
0,0,1685,320.0
0,1,1685,120.0
0,2,1685,200.0
0,3,1685,580.0
0,4,1685,160.0
0,0,1686,260.0
0,1,1686,130.0
0,2,1686,560.0
0,3,1686,510.0
0,4,1686,380.0
0,0,1687,260.0
0,1,1687,220.0
0,2,1687,350.0
0,3,1687,550.0
0,4,1687,220.0
0,0,1688,500.0
0,1,1688,80.0
0,2,1688,290.0
0,3,1688,280.0
0,4,1688,220.0
0,0,1689,330.0
0,1,1689,480.0
0,2,1689,480.0
0,3,1689,540.0
0,4,1689,240.0
0,0,1690,230.0
0,1,1690,870.0
0,2,1690,240.0
0,3,1690,670.0
0,4,1690,240.0
0,0,1691,350.0
0,1,1691,180.0
0,2,1691,870.0
0,3,1691,370.0
0,4,1691,230.0
0,0,1692,520.0
0,1,1692,190.0
0,2,1692,290.0
0,3,1692,340.0
0,4,1692,370.0
0,0,1693,120.0
0,1,1693,220.0
0,2,1693,460.0
0,3,1693,240.0
0,4,1693,300.0
0,0,1694,600.0
0,1,1694,280.0
0,2,1694,270.0
0,3,1694,220.0
0,4,1694,290.0
0,0,1695,320.0
0,1,1695,70.0
0,2,1695,250.0
0,3,1695,300.0
0,4,1695,100.0
0,0,1696,300.0
0,1,1696,190.0
0,2,1696,230.0
0,3,1696,560.0
0,4,1696,180.0
0,0,1697,210.0
0,1,1697,180.0
0,2,1697,1000.0
0,3,1697,650.0
0,4,1697,500.0
0,0,1698,290.0
0,1,1698,170.0
0,2,1698,310.0
0,3,1698,250.0
0,4,1698,310.0
0,0,1699,240.0
0,1,1699,100.0
0,2,1699,490.0
0,3,1699,620.0
0,4,1699,250.0
0,0,1700,230.0
0,1,1700,220.0
0,2,1700,510.0
0,3,1700,340.0
0,4,1700,1720.0
0,0,1701,1050.0
0,1,1701,140.0
0,2,1701,80.0
0,3,1701,390.0
0,4,1701,280.0
0,0,1702,320.0
0,1,1702,180.0
0,2,1702,620.0
0,3,1702,310.0
0,4,1702,140.0
0,0,1703,510.0
0,1,1703,80.0
0,2,1703,1720.0
0,3,1703,650.0
0,4,1703,110.0
0,0,1704,300.0
0,1,1704,100.0
0,2,1704,250.0
0,3,1704,330.0
0,4,1704,300.0
0,0,1705,260.0
0,1,1705,840.0
0,2,1705,630.0
0,3,1705,660.0
0,4,1705,190.0
0,0,1706,240.0
0,1,1706,80.0
0,2,1706,1070.0
0,3,1706,530.0
0,4,1706,460.0
0,0,1707,210.0
0,1,1707,180.0
0,2,1707,110.0
0,3,1707,290.0
0,4,1707,310.0
0,0,1708,290.0
0,1,1708,170.0
0,2,1708,190.0
0,3,1708,230.0
0,4,1708,150.0
0,0,1709,350.0
0,1,1709,170.0
0,2,1709,280.0
0,3,1709,140.0
0,4,1709,120.0
0,0,1710,400.0
0,1,1710,390.0
0,2,1710,200.0
0,3,1710,200.0
0,4,1710,190.0
0,0,1711,240.0
0,1,1711,1690.0
0,2,1711,160.0
0,3,1711,540.0
0,4,1711,260.0
0,0,1712,210.0
0,1,1712,180.0
0,2,1712,240.0
0,3,1712,170.0
0,4,1712,500.0
0,0,1713,450.0
0,1,1713,240.0
0,2,1713,360.0
0,3,1713,190.0
0,4,1713,410.0
0,0,1714,310.0
0,1,1714,520.0
0,2,1714,490.0
0,3,1714,180.0
0,4,1714,380.0
0,0,1715,260.0
0,1,1715,310.0
0,2,1715,390.0
0,3,1715,230.0
0,4,1715,270.0
0,0,1716,230.0
0,1,1716,180.0
0,2,1716,260.0
0,3,1716,260.0
0,4,1716,170.0
0,0,1717,280.0
0,1,1717,310.0
0,2,1717,370.0
0,3,1717,260.0
0,4,1717,220.0
0,0,1718,230.0
0,1,1718,130.0
0,2,1718,210.0
0,3,1718,1180.0
0,4,1718,280.0
0,0,1719,500.0
0,1,1719,80.0
0,2,1719,750.0
0,3,1719,680.0
0,4,1719,290.0
0,0,1720,310.0
0,1,1720,80.0
0,2,1720,460.0
0,3,1720,240.0
0,4,1720,230.0
0,0,1721,460.0
0,1,1721,550.0
0,2,1721,540.0
0,3,1721,360.0
0,4,1721,240.0
0,0,1722,490.0
0,1,1722,410.0
0,2,1722,570.0
0,3,1722,210.0
0,4,1722,210.0
0,0,1723,500.0
0,1,1723,190.0
0,2,1723,290.0
0,3,1723,240.0
0,4,1723,220.0
0,0,1724,140.0
0,1,1724,270.0
0,2,1724,350.0
0,3,1724,200.0
0,4,1724,310.0
0,0,1725,430.0
0,1,1725,80.0
0,2,1725,380.0
0,3,1725,180.0
0,4,1725,690.0
0,0,1726,260.0
0,1,1726,100.0
0,2,1726,400.0
0,3,1726,270.0
0,4,1726,630.0
0,0,1727,260.0
0,1,1727,160.0
0,2,1727,300.0
0,3,1727,180.0
0,4,1727,950.0
0,0,1728,280.0
0,1,1728,270.0
0,2,1728,320.0
0,3,1728,140.0
0,4,1728,390.0
0,0,1729,330.0
0,1,1729,510.0
0,2,1729,210.0
0,3,1729,250.0
0,4,1729,250.0
0,0,1730,310.0
0,1,1730,470.0
0,2,1730,220.0
0,3,1730,240.0
0,4,1730,270.0
0,0,1731,110.0
0,1,1731,880.0
0,2,1731,560.0
0,3,1731,170.0
0,4,1731,490.0
0,0,1732,310.0
0,1,1732,290.0
0,2,1732,300.0
0,3,1732,150.0
0,4,1732,320.0
0,0,1733,210.0
0,1,1733,190.0
0,2,1733,360.0
0,3,1733,250.0
0,4,1733,230.0
0,0,1734,190.0
0,1,1734,80.0
0,2,1734,400.0
0,3,1734,190.0
0,4,1734,250.0
0,0,1735,260.0
0,1,1735,100.0
0,2,1735,460.0
0,3,1735,180.0
0,4,1735,260.0
0,0,1736,260.0
0,1,1736,240.0
0,2,1736,700.0
0,3,1736,290.0
0,4,1736,290.0
0,0,1737,230.0
0,1,1737,240.0
0,2,1737,620.0
0,3,1737,210.0
0,4,1737,180.0
0,0,1738,490.0
0,1,1738,110.0
0,2,1738,1220.0
0,3,1738,420.0
0,4,1738,530.0
0,0,1739,320.0
0,1,1739,450.0
0,2,1739,330.0
0,3,1739,270.0
0,4,1739,490.0
0,0,1740,390.0
0,1,1740,530.0
0,2,1740,70.0
0,3,1740,150.0
0,4,1740,510.0
0,0,1741,260.0
0,1,1741,180.0
0,2,1741,120.0
0,3,1741,530.0
0,4,1741,220.0
0,0,1742,420.0
0,1,1742,190.0
0,2,1742,280.0
0,3,1742,550.0
0,4,1742,230.0
0,0,1743,220.0
0,1,1743,310.0
0,2,1743,340.0
0,3,1743,730.0
0,4,1743,290.0
0,0,1744,250.0
0,1,1744,250.0
0,2,1744,260.0
0,3,1744,210.0
0,4,1744,250.0
0,0,1745,510.0
0,1,1745,190.0
0,2,1745,270.0
0,3,1745,520.0
0,4,1745,200.0
0,0,1746,230.0
0,1,1746,870.0
0,2,1746,310.0
0,3,1746,530.0
0,4,1746,70.0
0,0,1747,460.0
0,1,1747,190.0
0,2,1747,90.0
0,3,1747,340.0
0,4,1747,460.0
0,0,1748,70.0
0,1,1748,110.0
0,2,1748,820.0
0,3,1748,860.0
0,4,1748,90.0
0,0,1749,310.0
0,1,1749,260.0
0,2,1749,240.0
0,3,1749,460.0
0,4,1749,290.0
0,0,1750,350.0
0,1,1750,500.0
0,2,1750,1820.0
0,3,1750,290.0
0,4,1750,210.0
0,0,1751,500.0
0,1,1751,200.0
0,2,1751,490.0
0,3,1751,200.0
0,4,1751,190.0
0,0,1752,210.0
0,1,1752,510.0
0,2,1752,510.0
0,3,1752,500.0
0,4,1752,290.0
0,0,1753,280.0
0,1,1753,370.0
0,2,1753,240.0
0,3,1753,510.0
0,4,1753,320.0
0,0,1754,890.0
0,1,1754,150.0
0,2,1754,520.0
0,3,1754,1720.0
0,4,1754,240.0
0,0,1755,440.0
0,1,1755,70.0
0,2,1755,300.0
0,3,1755,310.0
0,4,1755,120.0
0,0,1756,230.0
0,1,1756,170.0
0,2,1756,600.0
0,3,1756,230.0
0,4,1756,210.0
0,0,1757,410.0
0,1,1757,210.0
0,2,1757,360.0
0,3,1757,460.0
0,4,1757,230.0
0,0,1758,260.0
0,1,1758,60.0
0,2,1758,910.0
0,3,1758,310.0
0,4,1758,280.0
0,0,1759,410.0
0,1,1759,600.0
0,2,1759,200.0
0,3,1759,170.0
0,4,1759,210.0
0,0,1760,220.0
0,1,1760,340.0
0,2,1760,90.0
0,3,1760,740.0
0,4,1760,260.0
0,0,1761,460.0
0,1,1761,120.0
0,2,1761,470.0
0,3,1761,250.0
0,4,1761,320.0
0,0,1762,920.0
0,1,1762,110.0
0,2,1762,280.0
0,3,1762,320.0
0,4,1762,290.0
0,0,1763,500.0
0,1,1763,70.0
0,2,1763,400.0
0,3,1763,230.0
0,4,1763,240.0
0,0,1764,300.0
0,1,1764,190.0
0,2,1764,550.0
0,3,1764,180.0
0,4,1764,350.0
0,0,1765,580.0
0,1,1765,470.0
0,2,1765,330.0
0,3,1765,160.0
0,4,1765,430.0
0,0,1766,290.0
0,1,1766,180.0
0,2,1766,220.0
0,3,1766,310.0
0,4,1766,300.0
0,0,1767,460.0
0,1,1767,850.0
0,2,1767,350.0
0,3,1767,130.0
0,4,1767,290.0
0,0,1768,300.0
0,1,1768,80.0
0,2,1768,90.0
0,3,1768,380.0
0,4,1768,200.0
0,0,1769,250.0
0,1,1769,70.0
0,2,1769,190.0
0,3,1769,270.0
0,4,1769,230.0
0,0,1770,320.0
0,1,1770,100.0
0,2,1770,850.0
0,3,1770,900.0
0,4,1770,250.0
0,0,1771,290.0
0,1,1771,570.0
0,2,1771,270.0
0,3,1771,320.0
0,4,1771,180.0
0,0,1772,240.0
0,1,1772,60.0
0,2,1772,940.0
0,3,1772,450.0
0,4,1772,290.0
0,0,1773,430.0
0,1,1773,250.0
0,2,1773,190.0
0,3,1773,180.0
0,4,1773,880.0
0,0,1774,310.0
0,1,1774,490.0
0,2,1774,270.0
0,3,1774,590.0
0,4,1774,250.0
0,0,1775,480.0
0,1,1775,170.0
0,2,1775,100.0
0,3,1775,580.0
0,4,1775,270.0
0,0,1776,240.0
0,1,1776,160.0
0,2,1776,380.0
0,3,1776,540.0
0,4,1776,140.0
0,0,1777,210.0
0,1,1777,270.0
0,2,1777,210.0
0,3,1777,520.0
0,4,1777,430.0
0,0,1778,250.0
0,1,1778,390.0
0,2,1778,560.0
0,3,1778,460.0
0,4,1778,150.0
0,0,1779,230.0
0,1,1779,520.0
0,2,1779,710.0
0,3,1779,260.0
0,4,1779,140.0
0,0,1780,440.0
0,1,1780,110.0
0,2,1780,450.0
0,3,1780,230.0
0,4,1780,290.0
0,0,1781,230.0
0,1,1781,100.0
0,2,1781,330.0
0,3,1781,250.0
0,4,1781,340.0
0,0,1782,350.0
0,1,1782,500.0
0,2,1782,260.0
0,3,1782,280.0
0,4,1782,130.0
0,0,1783,240.0
0,1,1783,180.0
0,2,1783,870.0
0,3,1783,240.0
0,4,1783,280.0
0,0,1784,270.0
0,1,1784,180.0
0,2,1784,240.0
0,3,1784,240.0
0,4,1784,100.0
0,0,1785,410.0
0,1,1785,470.0
0,2,1785,230.0
0,3,1785,630.0
0,4,1785,490.0
0,0,1786,280.0
0,1,1786,190.0
0,2,1786,480.0
0,3,1786,260.0
0,4,1786,160.0
0,0,1787,400.0
0,1,1787,550.0
0,2,1787,530.0
0,3,1787,280.0
0,4,1787,170.0
0,0,1788,270.0
0,1,1788,470.0
0,2,1788,280.0
0,3,1788,290.0
0,4,1788,350.0
0,0,1789,220.0
0,1,1789,260.0
0,2,1789,220.0
0,3,1789,180.0
0,4,1789,150.0
0,0,1790,480.0
0,1,1790,180.0
0,2,1790,270.0
0,3,1790,350.0
0,4,1790,130.0
0,0,1791,290.0
0,1,1791,270.0
0,2,1791,230.0
0,3,1791,390.0
0,4,1791,190.0
0,0,1792,250.0
0,1,1792,600.0
0,2,1792,270.0
0,3,1792,460.0
0,4,1792,260.0
0,0,1793,240.0
0,1,1793,70.0
0,2,1793,90.0
0,3,1793,140.0
0,4,1793,250.0
0,0,1794,510.0
0,1,1794,520.0
0,2,1794,460.0
0,3,1794,540.0
0,4,1794,280.0
0,0,1795,280.0
0,1,1795,150.0
0,2,1795,130.0
0,3,1795,500.0
0,4,1795,320.0
0,0,1796,330.0
0,1,1796,80.0
0,2,1796,90.0
0,3,1796,220.0
0,4,1796,180.0
0,0,1797,330.0
0,1,1797,270.0
0,2,1797,130.0
0,3,1797,1030.0
0,4,1797,380.0
0,0,1798,430.0
0,1,1798,540.0
0,2,1798,110.0
0,3,1798,690.0
0,4,1798,290.0
0,0,1799,310.0
0,1,1799,200.0
0,2,1799,110.0
0,3,1799,90.0
0,4,1799,370.0
