Simulation,Agent,Episode,Reward
0,0,0,16.0
0,1,0,25.0
0,2,0,17.0
0,3,0,16.0
0,4,0,15.0
0,0,1,22.0
0,1,1,18.0
0,2,1,17.0
0,3,1,23.0
0,4,1,29.0
0,0,2,23.0
0,1,2,9.0
0,2,2,57.0
0,3,2,14.0
0,4,2,10.0
0,0,3,23.0
0,1,3,15.0
0,2,3,17.0
0,3,3,13.0
0,4,3,23.0
0,0,4,15.0
0,1,4,13.0
0,2,4,11.0
0,3,4,13.0
0,4,4,15.0
0,0,5,18.0
0,1,5,26.0
0,2,5,18.0
0,3,5,18.0
0,4,5,30.0
0,0,6,14.0
0,1,6,31.0
0,2,6,15.0
0,3,6,11.0
0,4,6,24.0
0,0,7,34.0
0,1,7,43.0
0,2,7,13.0
0,3,7,27.0
0,4,7,14.0
0,0,8,26.0
0,1,8,36.0
0,2,8,58.0
0,3,8,13.0
0,4,8,26.0
0,0,9,16.0
0,1,9,13.0
0,2,9,20.0
0,3,9,15.0
0,4,9,14.0
0,0,10,27.0
0,1,10,46.0
0,2,10,32.0
0,3,10,28.0
0,4,10,39.0
0,0,11,57.0
0,1,11,23.0
0,2,11,59.0
0,3,11,49.0
0,4,11,41.0
0,0,12,16.0
0,1,12,18.0
0,2,12,22.0
0,3,12,36.0
0,4,12,32.0
0,0,13,12.0
0,1,13,16.0
0,2,13,28.0
0,3,13,25.0
0,4,13,20.0
0,0,14,11.0
0,1,14,46.0
0,2,14,15.0
0,3,14,17.0
0,4,14,28.0
0,0,15,28.0
0,1,15,16.0
0,2,15,27.0
0,3,15,12.0
0,4,15,57.0
0,0,16,17.0
0,1,16,16.0
0,2,16,20.0
0,3,16,40.0
0,4,16,18.0
0,0,17,15.0
0,1,17,29.0
0,2,17,11.0
0,3,17,14.0
0,4,17,17.0
0,0,18,22.0
0,1,18,10.0
0,2,18,17.0
0,3,18,19.0
0,4,18,12.0
0,0,19,16.0
0,1,19,24.0
0,2,19,15.0
0,3,19,22.0
0,4,19,13.0
0,0,20,18.0
0,1,20,18.0
0,2,20,12.0
0,3,20,16.0
0,4,20,33.0
0,0,21,10.0
0,1,21,12.0
0,2,21,15.0
0,3,21,9.0
0,4,21,27.0
0,0,22,28.0
0,1,22,16.0
0,2,22,36.0
0,3,22,26.0
0,4,22,16.0
0,0,23,68.0
0,1,23,15.0
0,2,23,23.0
0,3,23,14.0
0,4,23,22.0
0,0,24,20.0
0,1,24,14.0
0,2,24,13.0
0,3,24,11.0
0,4,24,18.0
0,0,25,12.0
0,1,25,13.0
0,2,25,15.0
0,3,25,13.0
0,4,25,36.0
0,0,26,26.0
0,1,26,17.0
0,2,26,14.0
0,3,26,23.0
0,4,26,14.0
0,0,27,18.0
0,1,27,22.0
0,2,27,14.0
0,3,27,22.0
0,4,27,16.0
0,0,28,27.0
0,1,28,49.0
0,2,28,17.0
0,3,28,11.0
0,4,28,30.0
0,0,29,42.0
0,1,29,14.0
0,2,29,34.0
0,3,29,16.0
0,4,29,10.0
0,0,30,13.0
0,1,30,19.0
0,2,30,26.0
0,3,30,14.0
0,4,30,33.0
0,0,31,17.0
0,1,31,60.0
0,2,31,28.0
0,3,31,36.0
0,4,31,38.0
0,0,32,22.0
0,1,32,25.0
0,2,32,36.0
0,3,32,12.0
0,4,32,42.0
0,0,33,23.0
0,1,33,17.0
0,2,33,17.0
0,3,33,12.0
0,4,33,23.0
0,0,34,17.0
0,1,34,18.0
0,2,34,14.0
0,3,34,20.0
0,4,34,25.0
0,0,35,12.0
0,1,35,13.0
0,2,35,12.0
0,3,35,13.0
0,4,35,42.0
0,0,36,26.0
0,1,36,15.0
0,2,36,17.0
0,3,36,9.0
0,4,36,15.0
0,0,37,16.0
0,1,37,24.0
0,2,37,13.0
0,3,37,19.0
0,4,37,9.0
0,0,38,13.0
0,1,38,19.0
0,2,38,21.0
0,3,38,11.0
0,4,38,22.0
0,0,39,21.0
0,1,39,24.0
0,2,39,30.0
0,3,39,34.0
0,4,39,10.0
0,0,40,39.0
0,1,40,16.0
0,2,40,15.0
0,3,40,29.0
0,4,40,21.0
0,0,41,10.0
0,1,41,12.0
0,2,41,13.0
0,3,41,29.0
0,4,41,19.0
0,0,42,16.0
0,1,42,41.0
0,2,42,24.0
0,3,42,47.0
0,4,42,33.0
0,0,43,13.0
0,1,43,30.0
0,2,43,12.0
0,3,43,18.0
0,4,43,14.0
0,0,44,10.0
0,1,44,26.0
0,2,44,14.0
0,3,44,30.0
0,4,44,12.0
0,0,45,42.0
0,1,45,15.0
0,2,45,12.0
0,3,45,9.0
0,4,45,18.0
0,0,46,18.0
0,1,46,29.0
0,2,46,53.0
0,3,46,41.0
0,4,46,22.0
0,0,47,18.0
0,1,47,13.0
0,2,47,12.0
0,3,47,21.0
0,4,47,15.0
0,0,48,13.0
0,1,48,10.0
0,2,48,12.0
0,3,48,11.0
0,4,48,15.0
0,0,49,17.0
0,1,49,27.0
0,2,49,17.0
0,3,49,19.0
0,4,49,19.0
0,0,50,45.0
0,1,50,13.0
0,2,50,16.0
0,3,50,12.0
0,4,50,24.0
0,0,51,9.0
0,1,51,16.0
0,2,51,12.0
0,3,51,18.0
0,4,51,9.0
0,0,52,20.0
0,1,52,38.0
0,2,52,18.0
0,3,52,24.0
0,4,52,19.0
0,0,53,27.0
0,1,53,18.0
0,2,53,21.0
0,3,53,29.0
0,4,53,15.0
0,0,54,19.0
0,1,54,22.0
0,2,54,22.0
0,3,54,12.0
0,4,54,18.0
0,0,55,35.0
0,1,55,20.0
0,2,55,9.0
0,3,55,10.0
0,4,55,22.0
0,0,56,12.0
0,1,56,18.0
0,2,56,14.0
0,3,56,25.0
0,4,56,22.0
0,0,57,21.0
0,1,57,16.0
0,2,57,27.0
0,3,57,17.0
0,4,57,33.0
0,0,58,18.0
0,1,58,13.0
0,2,58,13.0
0,3,58,11.0
0,4,58,11.0
0,0,59,22.0
0,1,59,21.0
0,2,59,29.0
0,3,59,18.0
0,4,59,28.0
0,0,60,15.0
0,1,60,14.0
0,2,60,17.0
0,3,60,65.0
0,4,60,48.0
0,0,61,37.0
0,1,61,16.0
0,2,61,15.0
0,3,61,12.0
0,4,61,12.0
0,0,62,15.0
0,1,62,28.0
0,2,62,14.0
0,3,62,12.0
0,4,62,14.0
0,0,63,38.0
0,1,63,14.0
0,2,63,11.0
0,3,63,13.0
0,4,63,38.0
0,0,64,31.0
0,1,64,25.0
0,2,64,41.0
0,3,64,12.0
0,4,64,18.0
0,0,65,13.0
0,1,65,15.0
0,2,65,37.0
0,3,65,12.0
0,4,65,17.0
0,0,66,21.0
0,1,66,25.0
0,2,66,21.0
0,3,66,13.0
0,4,66,18.0
0,0,67,9.0
0,1,67,11.0
0,2,67,18.0
0,3,67,12.0
0,4,67,44.0
0,0,68,46.0
0,1,68,30.0
0,2,68,15.0
0,3,68,26.0
0,4,68,24.0
0,0,69,31.0
0,1,69,30.0
0,2,69,23.0
0,3,69,10.0
0,4,69,14.0
0,0,70,13.0
0,1,70,19.0
0,2,70,13.0
0,3,70,30.0
0,4,70,35.0
0,0,71,14.0
0,1,71,18.0
0,2,71,45.0
0,3,71,15.0
0,4,71,31.0
0,0,72,32.0
0,1,72,22.0
0,2,72,12.0
0,3,72,41.0
0,4,72,17.0
0,0,73,13.0
0,1,73,15.0
0,2,73,14.0
0,3,73,39.0
0,4,73,20.0
0,0,74,42.0
0,1,74,17.0
0,2,74,16.0
0,3,74,19.0
0,4,74,11.0
0,0,75,15.0
0,1,75,10.0
0,2,75,34.0
0,3,75,15.0
0,4,75,22.0
0,0,76,22.0
0,1,76,14.0
0,2,76,17.0
0,3,76,38.0
0,4,76,33.0
0,0,77,13.0
0,1,77,13.0
0,2,77,44.0
0,3,77,11.0
0,4,77,12.0
0,0,78,13.0
0,1,78,25.0
0,2,78,14.0
0,3,78,24.0
0,4,78,42.0
0,0,79,27.0
0,1,79,20.0
0,2,79,22.0
0,3,79,23.0
0,4,79,14.0
0,0,80,65.0
0,1,80,18.0
0,2,80,18.0
0,3,80,9.0
0,4,80,33.0
0,0,81,15.0
0,1,81,14.0
0,2,81,9.0
0,3,81,18.0
0,4,81,9.0
0,0,82,17.0
0,1,82,11.0
0,2,82,32.0
0,3,82,14.0
0,4,82,21.0
0,0,83,56.0
0,1,83,21.0
0,2,83,13.0
0,3,83,22.0
0,4,83,20.0
0,0,84,23.0
0,1,84,35.0
0,2,84,34.0
0,3,84,15.0
0,4,84,12.0
0,0,85,19.0
0,1,85,14.0
0,2,85,14.0
0,3,85,12.0
0,4,85,12.0
0,0,86,40.0
0,1,86,20.0
0,2,86,14.0
0,3,86,21.0
0,4,86,14.0
0,0,87,26.0
0,1,87,18.0
0,2,87,21.0
0,3,87,14.0
0,4,87,14.0
0,0,88,14.0
0,1,88,12.0
0,2,88,68.0
0,3,88,16.0
0,4,88,16.0
0,0,89,14.0
0,1,89,11.0
0,2,89,16.0
0,3,89,35.0
0,4,89,22.0
0,0,90,17.0
0,1,90,18.0
0,2,90,15.0
0,3,90,21.0
0,4,90,13.0
0,0,91,24.0
0,1,91,13.0
0,2,91,38.0
0,3,91,28.0
0,4,91,32.0
0,0,92,11.0
0,1,92,24.0
0,2,92,23.0
0,3,92,18.0
0,4,92,28.0
0,0,93,22.0
0,1,93,21.0
0,2,93,10.0
0,3,93,22.0
0,4,93,20.0
0,0,94,42.0
0,1,94,12.0
0,2,94,30.0
0,3,94,18.0
0,4,94,59.0
0,0,95,18.0
0,1,95,88.0
0,2,95,13.0
0,3,95,15.0
0,4,95,36.0
0,0,96,22.0
0,1,96,19.0
0,2,96,40.0
0,3,96,20.0
0,4,96,37.0
0,0,97,18.0
0,1,97,44.0
0,2,97,19.0
0,3,97,50.0
0,4,97,10.0
0,0,98,12.0
0,1,98,14.0
0,2,98,11.0
0,3,98,13.0
0,4,98,22.0
0,0,99,20.0
0,1,99,22.0
0,2,99,19.0
0,3,99,14.0
0,4,99,47.0
0,0,100,10.0
0,1,100,33.0
0,2,100,19.0
0,3,100,20.0
0,4,100,11.0
0,0,101,17.0
0,1,101,25.0
0,2,101,15.0
0,3,101,14.0
0,4,101,14.0
0,0,102,19.0
0,1,102,22.0
0,2,102,28.0
0,3,102,23.0
0,4,102,24.0
0,0,103,13.0
0,1,103,33.0
0,2,103,18.0
0,3,103,29.0
0,4,103,29.0
0,0,104,18.0
0,1,104,32.0
0,2,104,20.0
0,3,104,11.0
0,4,104,46.0
0,0,105,12.0
0,1,105,17.0
0,2,105,15.0
0,3,105,32.0
0,4,105,41.0
0,0,106,12.0
0,1,106,34.0
0,2,106,18.0
0,3,106,21.0
0,4,106,25.0
0,0,107,21.0
0,1,107,31.0
0,2,107,49.0
0,3,107,14.0
0,4,107,14.0
0,0,108,18.0
0,1,108,16.0
0,2,108,28.0
0,3,108,20.0
0,4,108,27.0
0,0,109,17.0
0,1,109,24.0
0,2,109,29.0
0,3,109,16.0
0,4,109,49.0
0,0,110,21.0
0,1,110,16.0
0,2,110,15.0
0,3,110,10.0
0,4,110,24.0
0,0,111,20.0
0,1,111,16.0
0,2,111,11.0
0,3,111,15.0
0,4,111,12.0
0,0,112,21.0
0,1,112,18.0
0,2,112,9.0
0,3,112,17.0
0,4,112,13.0
0,0,113,11.0
0,1,113,19.0
0,2,113,23.0
0,3,113,12.0
0,4,113,18.0
0,0,114,13.0
0,1,114,14.0
0,2,114,10.0
0,3,114,16.0
0,4,114,51.0
0,0,115,23.0
0,1,115,16.0
0,2,115,15.0
0,3,115,13.0
0,4,115,11.0
0,0,116,19.0
0,1,116,33.0
0,2,116,14.0
0,3,116,18.0
0,4,116,16.0
0,0,117,14.0
0,1,117,28.0
0,2,117,24.0
0,3,117,13.0
0,4,117,20.0
0,0,118,13.0
0,1,118,20.0
0,2,118,13.0
0,3,118,16.0
0,4,118,56.0
0,0,119,23.0
0,1,119,12.0
0,2,119,20.0
0,3,119,12.0
0,4,119,26.0
0,0,120,10.0
0,1,120,14.0
0,2,120,11.0
0,3,120,12.0
0,4,120,13.0
0,0,121,33.0
0,1,121,14.0
0,2,121,28.0
0,3,121,16.0
0,4,121,54.0
0,0,122,22.0
0,1,122,15.0
0,2,122,17.0
0,3,122,25.0
0,4,122,26.0
0,0,123,22.0
0,1,123,18.0
0,2,123,28.0
0,3,123,13.0
0,4,123,14.0
0,0,124,16.0
0,1,124,15.0
0,2,124,21.0
0,3,124,10.0
0,4,124,30.0
0,0,125,10.0
0,1,125,15.0
0,2,125,16.0
0,3,125,11.0
0,4,125,17.0
0,0,126,11.0
0,1,126,47.0
0,2,126,65.0
0,3,126,19.0
0,4,126,11.0
0,0,127,35.0
0,1,127,34.0
0,2,127,20.0
0,3,127,20.0
0,4,127,14.0
0,0,128,21.0
0,1,128,15.0
0,2,128,14.0
0,3,128,18.0
0,4,128,10.0
0,0,129,16.0
0,1,129,23.0
0,2,129,11.0
0,3,129,24.0
0,4,129,24.0
0,0,130,34.0
0,1,130,12.0
0,2,130,21.0
0,3,130,17.0
0,4,130,33.0
0,0,131,41.0
0,1,131,20.0
0,2,131,24.0
0,3,131,20.0
0,4,131,24.0
0,0,132,23.0
0,1,132,19.0
0,2,132,11.0
0,3,132,9.0
0,4,132,40.0
0,0,133,32.0
0,1,133,26.0
0,2,133,12.0
0,3,133,9.0
0,4,133,29.0
0,0,134,28.0
0,1,134,17.0
0,2,134,9.0
0,3,134,75.0
0,4,134,16.0
0,0,135,14.0
0,1,135,18.0
0,2,135,11.0
0,3,135,27.0
0,4,135,11.0
0,0,136,31.0
0,1,136,26.0
0,2,136,35.0
0,3,136,27.0
0,4,136,19.0
0,0,137,10.0
0,1,137,54.0
0,2,137,11.0
0,3,137,28.0
0,4,137,20.0
0,0,138,22.0
0,1,138,15.0
0,2,138,11.0
0,3,138,16.0
0,4,138,12.0
0,0,139,14.0
0,1,139,13.0
0,2,139,33.0
0,3,139,16.0
0,4,139,20.0
0,0,140,46.0
0,1,140,21.0
0,2,140,31.0
0,3,140,14.0
0,4,140,18.0
0,0,141,16.0
0,1,141,28.0
0,2,141,8.0
0,3,141,14.0
0,4,141,22.0
0,0,142,25.0
0,1,142,13.0
0,2,142,11.0
0,3,142,15.0
0,4,142,33.0
0,0,143,23.0
0,1,143,13.0
0,2,143,48.0
0,3,143,15.0
0,4,143,34.0
0,0,144,19.0
0,1,144,13.0
0,2,144,12.0
0,3,144,10.0
0,4,144,17.0
0,0,145,12.0
0,1,145,13.0
0,2,145,31.0
0,3,145,32.0
0,4,145,22.0
0,0,146,19.0
0,1,146,24.0
0,2,146,12.0
0,3,146,11.0
0,4,146,23.0
0,0,147,18.0
0,1,147,10.0
0,2,147,28.0
0,3,147,16.0
0,4,147,21.0
0,0,148,17.0
0,1,148,26.0
0,2,148,17.0
0,3,148,30.0
0,4,148,11.0
0,0,149,10.0
0,1,149,25.0
0,2,149,9.0
0,3,149,15.0
0,4,149,11.0
0,0,150,43.0
0,1,150,18.0
0,2,150,16.0
0,3,150,30.0
0,4,150,37.0
0,0,151,37.0
0,1,151,16.0
0,2,151,15.0
0,3,151,15.0
0,4,151,21.0
0,0,152,9.0
0,1,152,51.0
0,2,152,11.0
0,3,152,17.0
0,4,152,65.0
0,0,153,13.0
0,1,153,21.0
0,2,153,16.0
0,3,153,23.0
0,4,153,16.0
0,0,154,51.0
0,1,154,15.0
0,2,154,15.0
0,3,154,17.0
0,4,154,22.0
0,0,155,17.0
0,1,155,17.0
0,2,155,12.0
0,3,155,18.0
0,4,155,20.0
0,0,156,11.0
0,1,156,49.0
0,2,156,16.0
0,3,156,12.0
0,4,156,65.0
0,0,157,11.0
0,1,157,9.0
0,2,157,12.0
0,3,157,20.0
0,4,157,14.0
0,0,158,19.0
0,1,158,19.0
0,2,158,11.0
0,3,158,15.0
0,4,158,23.0
0,0,159,26.0
0,1,159,46.0
0,2,159,21.0
0,3,159,17.0
0,4,159,16.0
0,0,160,16.0
0,1,160,16.0
0,2,160,25.0
0,3,160,10.0
0,4,160,15.0
0,0,161,28.0
0,1,161,25.0
0,2,161,42.0
0,3,161,17.0
0,4,161,25.0
0,0,162,24.0
0,1,162,18.0
0,2,162,13.0
0,3,162,10.0
0,4,162,13.0
0,0,163,17.0
0,1,163,29.0
0,2,163,12.0
0,3,163,48.0
0,4,163,24.0
0,0,164,14.0
0,1,164,19.0
0,2,164,46.0
0,3,164,17.0
0,4,164,18.0
0,0,165,17.0
0,1,165,24.0
0,2,165,19.0
0,3,165,16.0
0,4,165,17.0
0,0,166,38.0
0,1,166,39.0
0,2,166,15.0
0,3,166,15.0
0,4,166,39.0
0,0,167,18.0
0,1,167,15.0
0,2,167,16.0
0,3,167,9.0
0,4,167,12.0
0,0,168,13.0
0,1,168,22.0
0,2,168,12.0
0,3,168,32.0
0,4,168,25.0
0,0,169,17.0
0,1,169,40.0
0,2,169,17.0
0,3,169,13.0
0,4,169,22.0
0,0,170,20.0
0,1,170,12.0
0,2,170,12.0
0,3,170,28.0
0,4,170,56.0
0,0,171,11.0
0,1,171,34.0
0,2,171,13.0
0,3,171,16.0
0,4,171,20.0
0,0,172,34.0
0,1,172,12.0
0,2,172,13.0
0,3,172,35.0
0,4,172,14.0
0,0,173,28.0
0,1,173,24.0
0,2,173,20.0
0,3,173,15.0
0,4,173,13.0
0,0,174,12.0
0,1,174,23.0
0,2,174,25.0
0,3,174,16.0
0,4,174,23.0
0,0,175,9.0
0,1,175,14.0
0,2,175,13.0
0,3,175,27.0
0,4,175,11.0
0,0,176,15.0
0,1,176,25.0
0,2,176,9.0
0,3,176,31.0
0,4,176,13.0
0,0,177,22.0
0,1,177,12.0
0,2,177,12.0
0,3,177,29.0
0,4,177,25.0
0,0,178,14.0
0,1,178,11.0
0,2,178,17.0
0,3,178,58.0
0,4,178,46.0
0,0,179,32.0
0,1,179,42.0
0,2,179,53.0
0,3,179,26.0
0,4,179,36.0
0,0,180,18.0
0,1,180,14.0
0,2,180,13.0
0,3,180,14.0
0,4,180,16.0
0,0,181,15.0
0,1,181,11.0
0,2,181,34.0
0,3,181,22.0
0,4,181,28.0
0,0,182,15.0
0,1,182,12.0
0,2,182,33.0
0,3,182,14.0
0,4,182,19.0
0,0,183,43.0
0,1,183,24.0
0,2,183,22.0
0,3,183,12.0
0,4,183,16.0
0,0,184,37.0
0,1,184,22.0
0,2,184,8.0
0,3,184,12.0
0,4,184,17.0
0,0,185,41.0
0,1,185,16.0
0,2,185,16.0
0,3,185,21.0
0,4,185,11.0
0,0,186,11.0
0,1,186,20.0
0,2,186,14.0
0,3,186,21.0
0,4,186,12.0
0,0,187,14.0
0,1,187,12.0
0,2,187,11.0
0,3,187,11.0
0,4,187,13.0
0,0,188,55.0
0,1,188,36.0
0,2,188,43.0
0,3,188,16.0
0,4,188,14.0
0,0,189,24.0
0,1,189,20.0
0,2,189,20.0
0,3,189,20.0
0,4,189,19.0
0,0,190,18.0
0,1,190,14.0
0,2,190,12.0
0,3,190,18.0
0,4,190,23.0
0,0,191,30.0
0,1,191,22.0
0,2,191,18.0
0,3,191,12.0
0,4,191,26.0
0,0,192,21.0
0,1,192,26.0
0,2,192,39.0
0,3,192,13.0
0,4,192,79.0
0,0,193,30.0
0,1,193,13.0
0,2,193,12.0
0,3,193,13.0
0,4,193,14.0
0,0,194,62.0
0,1,194,25.0
0,2,194,47.0
0,3,194,34.0
0,4,194,18.0
0,0,195,19.0
0,1,195,15.0
0,2,195,11.0
0,3,195,11.0
0,4,195,11.0
0,0,196,18.0
0,1,196,19.0
0,2,196,14.0
0,3,196,45.0
0,4,196,15.0
0,0,197,20.0
0,1,197,13.0
0,2,197,15.0
0,3,197,27.0
0,4,197,28.0
0,0,198,19.0
0,1,198,20.0
0,2,198,14.0
0,3,198,18.0
0,4,198,32.0
0,0,199,31.0
0,1,199,41.0
0,2,199,40.0
0,3,199,21.0
0,4,199,11.0
0,0,200,43.0
0,1,200,17.0
0,2,200,18.0
0,3,200,22.0
0,4,200,36.0
0,0,201,49.0
0,1,201,43.0
0,2,201,21.0
0,3,201,12.0
0,4,201,53.0
0,0,202,20.0
0,1,202,13.0
0,2,202,12.0
0,3,202,19.0
0,4,202,13.0
0,0,203,16.0
0,1,203,11.0
0,2,203,25.0
0,3,203,25.0
0,4,203,11.0
0,0,204,20.0
0,1,204,16.0
0,2,204,18.0
0,3,204,21.0
0,4,204,26.0
0,0,205,16.0
0,1,205,10.0
0,2,205,20.0
0,3,205,29.0
0,4,205,22.0
0,0,206,24.0
0,1,206,11.0
0,2,206,17.0
0,3,206,24.0
0,4,206,21.0
0,0,207,23.0
0,1,207,25.0
0,2,207,17.0
0,3,207,10.0
0,4,207,26.0
0,0,208,25.0
0,1,208,35.0
0,2,208,13.0
0,3,208,17.0
0,4,208,14.0
0,0,209,13.0
0,1,209,20.0
0,2,209,46.0
0,3,209,36.0
0,4,209,23.0
0,0,210,31.0
0,1,210,19.0
0,2,210,21.0
0,3,210,21.0
0,4,210,16.0
0,0,211,9.0
0,1,211,12.0
0,2,211,13.0
0,3,211,33.0
0,4,211,31.0
0,0,212,24.0
0,1,212,28.0
0,2,212,26.0
0,3,212,12.0
0,4,212,35.0
0,0,213,13.0
0,1,213,13.0
0,2,213,16.0
0,3,213,27.0
0,4,213,9.0
0,0,214,15.0
0,1,214,14.0
0,2,214,31.0
0,3,214,24.0
0,4,214,13.0
0,0,215,16.0
0,1,215,15.0
0,2,215,20.0
0,3,215,14.0
0,4,215,10.0
0,0,216,10.0
0,1,216,16.0
0,2,216,18.0
0,3,216,14.0
0,4,216,45.0
0,0,217,18.0
0,1,217,30.0
0,2,217,16.0
0,3,217,24.0
0,4,217,17.0
0,0,218,14.0
0,1,218,14.0
0,2,218,12.0
0,3,218,17.0
0,4,218,12.0
0,0,219,23.0
0,1,219,34.0
0,2,219,10.0
0,3,219,22.0
0,4,219,13.0
0,0,220,21.0
0,1,220,9.0
0,2,220,26.0
0,3,220,45.0
0,4,220,20.0
0,0,221,18.0
0,1,221,21.0
0,2,221,17.0
0,3,221,15.0
0,4,221,10.0
0,0,222,12.0
0,1,222,10.0
0,2,222,22.0
0,3,222,30.0
0,4,222,21.0
0,0,223,20.0
0,1,223,32.0
0,2,223,26.0
0,3,223,11.0
0,4,223,19.0
0,0,224,15.0
0,1,224,15.0
0,2,224,12.0
0,3,224,13.0
0,4,224,29.0
0,0,225,23.0
0,1,225,19.0
0,2,225,16.0
0,3,225,12.0
0,4,225,22.0
0,0,226,13.0
0,1,226,16.0
0,2,226,31.0
0,3,226,17.0
0,4,226,16.0
0,0,227,29.0
0,1,227,16.0
0,2,227,11.0
0,3,227,38.0
0,4,227,22.0
0,0,228,15.0
0,1,228,22.0
0,2,228,10.0
0,3,228,27.0
0,4,228,12.0
0,0,229,21.0
0,1,229,11.0
0,2,229,23.0
0,3,229,13.0
0,4,229,27.0
0,0,230,14.0
0,1,230,13.0
0,2,230,16.0
0,3,230,27.0
0,4,230,29.0
0,0,231,13.0
0,1,231,13.0
0,2,231,24.0
0,3,231,26.0
0,4,231,15.0
0,0,232,13.0
0,1,232,13.0
0,2,232,17.0
0,3,232,14.0
0,4,232,12.0
0,0,233,16.0
0,1,233,11.0
0,2,233,14.0
0,3,233,15.0
0,4,233,14.0
0,0,234,17.0
0,1,234,13.0
0,2,234,18.0
0,3,234,21.0
0,4,234,19.0
0,0,235,18.0
0,1,235,16.0
0,2,235,42.0
0,3,235,14.0
0,4,235,14.0
0,0,236,21.0
0,1,236,10.0
0,2,236,9.0
0,3,236,32.0
0,4,236,11.0
0,0,237,21.0
0,1,237,23.0
0,2,237,22.0
0,3,237,37.0
0,4,237,15.0
0,0,238,11.0
0,1,238,15.0
0,2,238,33.0
0,3,238,43.0
0,4,238,10.0
0,0,239,18.0
0,1,239,32.0
0,2,239,35.0
0,3,239,16.0
0,4,239,20.0
0,0,240,13.0
0,1,240,14.0
0,2,240,41.0
0,3,240,12.0
0,4,240,17.0
0,0,241,54.0
0,1,241,16.0
0,2,241,10.0
0,3,241,30.0
0,4,241,23.0
0,0,242,21.0
0,1,242,29.0
0,2,242,9.0
0,3,242,24.0
0,4,242,9.0
0,0,243,53.0
0,1,243,11.0
0,2,243,21.0
0,3,243,23.0
0,4,243,14.0
0,0,244,35.0
0,1,244,25.0
0,2,244,11.0
0,3,244,13.0
0,4,244,55.0
0,0,245,16.0
0,1,245,15.0
0,2,245,38.0
0,3,245,12.0
0,4,245,16.0
0,0,246,9.0
0,1,246,10.0
0,2,246,13.0
0,3,246,19.0
0,4,246,24.0
0,0,247,19.0
0,1,247,13.0
0,2,247,18.0
0,3,247,15.0
0,4,247,17.0
0,0,248,45.0
0,1,248,31.0
0,2,248,10.0
0,3,248,16.0
0,4,248,28.0
0,0,249,9.0
0,1,249,15.0
0,2,249,51.0
0,3,249,32.0
0,4,249,13.0
0,0,250,31.0
0,1,250,20.0
0,2,250,18.0
0,3,250,13.0
0,4,250,21.0
0,0,251,9.0
0,1,251,11.0
0,2,251,14.0
0,3,251,34.0
0,4,251,29.0
0,0,252,53.0
0,1,252,11.0
0,2,252,21.0
0,3,252,15.0
0,4,252,27.0
0,0,253,13.0
0,1,253,52.0
0,2,253,14.0
0,3,253,19.0
0,4,253,20.0
0,0,254,26.0
0,1,254,15.0
0,2,254,31.0
0,3,254,19.0
0,4,254,13.0
0,0,255,29.0
0,1,255,17.0
0,2,255,39.0
0,3,255,29.0
0,4,255,35.0
0,0,256,19.0
0,1,256,13.0
0,2,256,12.0
0,3,256,34.0
0,4,256,11.0
0,0,257,46.0
0,1,257,24.0
0,2,257,19.0
0,3,257,22.0
0,4,257,20.0
0,0,258,24.0
0,1,258,27.0
0,2,258,12.0
0,3,258,20.0
0,4,258,10.0
0,0,259,19.0
0,1,259,10.0
0,2,259,29.0
0,3,259,31.0
0,4,259,16.0
0,0,260,13.0
0,1,260,21.0
0,2,260,65.0
0,3,260,18.0
0,4,260,36.0
0,0,261,17.0
0,1,261,15.0
0,2,261,31.0
0,3,261,25.0
0,4,261,15.0
0,0,262,9.0
0,1,262,23.0
0,2,262,32.0
0,3,262,21.0
0,4,262,30.0
0,0,263,17.0
0,1,263,17.0
0,2,263,22.0
0,3,263,38.0
0,4,263,15.0
0,0,264,15.0
0,1,264,15.0
0,2,264,26.0
0,3,264,24.0
0,4,264,10.0
0,0,265,24.0
0,1,265,17.0
0,2,265,28.0
0,3,265,10.0
0,4,265,20.0
0,0,266,19.0
0,1,266,19.0
0,2,266,16.0
0,3,266,23.0
0,4,266,19.0
0,0,267,13.0
0,1,267,11.0
0,2,267,49.0
0,3,267,28.0
0,4,267,12.0
0,0,268,26.0
0,1,268,15.0
0,2,268,15.0
0,3,268,27.0
0,4,268,14.0
0,0,269,16.0
0,1,269,12.0
0,2,269,17.0
0,3,269,35.0
0,4,269,22.0
0,0,270,16.0
0,1,270,19.0
0,2,270,25.0
0,3,270,29.0
0,4,270,14.0
0,0,271,27.0
0,1,271,14.0
0,2,271,31.0
0,3,271,15.0
0,4,271,18.0
0,0,272,21.0
0,1,272,10.0
0,2,272,12.0
0,3,272,13.0
0,4,272,17.0
0,0,273,12.0
0,1,273,21.0
0,2,273,20.0
0,3,273,36.0
0,4,273,23.0
0,0,274,12.0
0,1,274,20.0
0,2,274,9.0
0,3,274,48.0
0,4,274,10.0
0,0,275,16.0
0,1,275,28.0
0,2,275,11.0
0,3,275,9.0
0,4,275,14.0
0,0,276,11.0
0,1,276,16.0
0,2,276,28.0
0,3,276,26.0
0,4,276,22.0
0,0,277,18.0
0,1,277,15.0
0,2,277,12.0
0,3,277,12.0
0,4,277,28.0
0,0,278,33.0
0,1,278,15.0
0,2,278,19.0
0,3,278,30.0
0,4,278,9.0
0,0,279,16.0
0,1,279,20.0
0,2,279,25.0
0,3,279,12.0
0,4,279,29.0
0,0,280,29.0
0,1,280,14.0
0,2,280,9.0
0,3,280,13.0
0,4,280,19.0
0,0,281,21.0
0,1,281,15.0
0,2,281,12.0
0,3,281,36.0
0,4,281,24.0
0,0,282,18.0
0,1,282,19.0
0,2,282,16.0
0,3,282,19.0
0,4,282,14.0
0,0,283,13.0
0,1,283,45.0
0,2,283,17.0
0,3,283,18.0
0,4,283,11.0
0,0,284,12.0
0,1,284,14.0
0,2,284,12.0
0,3,284,16.0
0,4,284,21.0
0,0,285,15.0
0,1,285,21.0
0,2,285,32.0
0,3,285,22.0
0,4,285,22.0
0,0,286,13.0
0,1,286,33.0
0,2,286,28.0
0,3,286,21.0
0,4,286,14.0
0,0,287,30.0
0,1,287,10.0
0,2,287,36.0
0,3,287,13.0
0,4,287,11.0
0,0,288,17.0
0,1,288,10.0
0,2,288,13.0
0,3,288,14.0
0,4,288,13.0
0,0,289,12.0
0,1,289,41.0
0,2,289,76.0
0,3,289,12.0
0,4,289,11.0
0,0,290,19.0
0,1,290,48.0
0,2,290,11.0
0,3,290,10.0
0,4,290,21.0
0,0,291,14.0
0,1,291,73.0
0,2,291,37.0
0,3,291,17.0
0,4,291,29.0
0,0,292,23.0
0,1,292,15.0
0,2,292,19.0
0,3,292,18.0
0,4,292,32.0
0,0,293,17.0
0,1,293,19.0
0,2,293,19.0
0,3,293,14.0
0,4,293,23.0
0,0,294,18.0
0,1,294,21.0
0,2,294,19.0
0,3,294,11.0
0,4,294,27.0
0,0,295,35.0
0,1,295,13.0
0,2,295,25.0
0,3,295,19.0
0,4,295,14.0
0,0,296,13.0
0,1,296,16.0
0,2,296,22.0
0,3,296,14.0
0,4,296,13.0
0,0,297,33.0
0,1,297,10.0
0,2,297,33.0
0,3,297,14.0
0,4,297,31.0
0,0,298,19.0
0,1,298,15.0
0,2,298,23.0
0,3,298,23.0
0,4,298,21.0
0,0,299,24.0
0,1,299,13.0
0,2,299,15.0
0,3,299,17.0
0,4,299,15.0
0,0,300,16.0
0,1,300,15.0
0,2,300,12.0
0,3,300,31.0
0,4,300,43.0
0,0,301,17.0
0,1,301,21.0
0,2,301,38.0
0,3,301,35.0
0,4,301,15.0
0,0,302,17.0
0,1,302,14.0
0,2,302,11.0
0,3,302,16.0
0,4,302,43.0
0,0,303,14.0
0,1,303,11.0
0,2,303,11.0
0,3,303,21.0
0,4,303,23.0
0,0,304,13.0
0,1,304,14.0
0,2,304,26.0
0,3,304,17.0
0,4,304,67.0
0,0,305,28.0
0,1,305,24.0
0,2,305,23.0
0,3,305,21.0
0,4,305,9.0
0,0,306,11.0
0,1,306,31.0
0,2,306,20.0
0,3,306,21.0
0,4,306,15.0
0,0,307,12.0
0,1,307,16.0
0,2,307,11.0
0,3,307,40.0
0,4,307,20.0
0,0,308,19.0
0,1,308,28.0
0,2,308,11.0
0,3,308,12.0
0,4,308,22.0
0,0,309,14.0
0,1,309,21.0
0,2,309,20.0
0,3,309,11.0
0,4,309,19.0
0,0,310,30.0
0,1,310,19.0
0,2,310,25.0
0,3,310,25.0
0,4,310,15.0
0,0,311,11.0
0,1,311,30.0
0,2,311,16.0
0,3,311,22.0
0,4,311,25.0
0,0,312,15.0
0,1,312,13.0
0,2,312,19.0
0,3,312,15.0
0,4,312,15.0
0,0,313,17.0
0,1,313,14.0
0,2,313,12.0
0,3,313,19.0
0,4,313,10.0
0,0,314,9.0
0,1,314,20.0
0,2,314,30.0
0,3,314,11.0
0,4,314,26.0
0,0,315,21.0
0,1,315,12.0
0,2,315,20.0
0,3,315,38.0
0,4,315,27.0
0,0,316,18.0
0,1,316,38.0
0,2,316,38.0
0,3,316,44.0
0,4,316,28.0
0,0,317,32.0
0,1,317,34.0
0,2,317,10.0
0,3,317,37.0
0,4,317,11.0
0,0,318,10.0
0,1,318,17.0
0,2,318,39.0
0,3,318,25.0
0,4,318,13.0
0,0,319,18.0
0,1,319,19.0
0,2,319,10.0
0,3,319,26.0
0,4,319,16.0
0,0,320,28.0
0,1,320,11.0
0,2,320,17.0
0,3,320,13.0
0,4,320,36.0
0,0,321,43.0
0,1,321,10.0
0,2,321,13.0
0,3,321,12.0
0,4,321,29.0
0,0,322,12.0
0,1,322,14.0
0,2,322,18.0
0,3,322,26.0
0,4,322,22.0
0,0,323,22.0
0,1,323,53.0
0,2,323,26.0
0,3,323,33.0
0,4,323,25.0
0,0,324,15.0
0,1,324,12.0
0,2,324,14.0
0,3,324,11.0
0,4,324,13.0
0,0,325,16.0
0,1,325,52.0
0,2,325,18.0
0,3,325,10.0
0,4,325,13.0
0,0,326,25.0
0,1,326,13.0
0,2,326,24.0
0,3,326,10.0
0,4,326,18.0
0,0,327,11.0
0,1,327,10.0
0,2,327,10.0
0,3,327,19.0
0,4,327,20.0
0,0,328,27.0
0,1,328,21.0
0,2,328,35.0
0,3,328,25.0
0,4,328,13.0
0,0,329,45.0
0,1,329,24.0
0,2,329,15.0
0,3,329,23.0
0,4,329,13.0
0,0,330,14.0
0,1,330,14.0
0,2,330,15.0
0,3,330,16.0
0,4,330,17.0
0,0,331,11.0
0,1,331,16.0
0,2,331,35.0
0,3,331,45.0
0,4,331,17.0
0,0,332,31.0
0,1,332,26.0
0,2,332,32.0
0,3,332,11.0
0,4,332,17.0
0,0,333,12.0
0,1,333,13.0
0,2,333,12.0
0,3,333,27.0
0,4,333,10.0
0,0,334,9.0
0,1,334,33.0
0,2,334,9.0
0,3,334,14.0
0,4,334,18.0
0,0,335,27.0
0,1,335,18.0
0,2,335,29.0
0,3,335,14.0
0,4,335,26.0
0,0,336,14.0
0,1,336,18.0
0,2,336,12.0
0,3,336,29.0
0,4,336,13.0
0,0,337,11.0
0,1,337,29.0
0,2,337,9.0
0,3,337,12.0
0,4,337,75.0
0,0,338,19.0
0,1,338,42.0
0,2,338,9.0
0,3,338,12.0
0,4,338,17.0
0,0,339,19.0
0,1,339,18.0
0,2,339,15.0
0,3,339,23.0
0,4,339,17.0
0,0,340,15.0
0,1,340,17.0
0,2,340,11.0
0,3,340,10.0
0,4,340,10.0
0,0,341,25.0
0,1,341,10.0
0,2,341,14.0
0,3,341,41.0
0,4,341,41.0
0,0,342,13.0
0,1,342,23.0
0,2,342,24.0
0,3,342,9.0
0,4,342,16.0
0,0,343,33.0
0,1,343,17.0
0,2,343,20.0
0,3,343,32.0
0,4,343,21.0
0,0,344,14.0
0,1,344,21.0
0,2,344,29.0
0,3,344,21.0
0,4,344,24.0
0,0,345,14.0
0,1,345,29.0
0,2,345,25.0
0,3,345,11.0
0,4,345,15.0
0,0,346,15.0
0,1,346,55.0
0,2,346,10.0
0,3,346,15.0
0,4,346,24.0
0,0,347,10.0
0,1,347,25.0
0,2,347,12.0
0,3,347,19.0
0,4,347,10.0
0,0,348,13.0
0,1,348,23.0
0,2,348,24.0
0,3,348,22.0
0,4,348,25.0
0,0,349,12.0
0,1,349,25.0
0,2,349,12.0
0,3,349,11.0
0,4,349,13.0
0,0,350,21.0
0,1,350,24.0
0,2,350,12.0
0,3,350,15.0
0,4,350,16.0
0,0,351,13.0
0,1,351,13.0
0,2,351,11.0
0,3,351,16.0
0,4,351,13.0
0,0,352,21.0
0,1,352,13.0
0,2,352,16.0
0,3,352,14.0
0,4,352,9.0
0,0,353,28.0
0,1,353,12.0
0,2,353,20.0
0,3,353,24.0
0,4,353,16.0
0,0,354,17.0
0,1,354,29.0
0,2,354,21.0
0,3,354,13.0
0,4,354,14.0
0,0,355,19.0
0,1,355,12.0
0,2,355,14.0
0,3,355,18.0
0,4,355,47.0
0,0,356,11.0
0,1,356,54.0
0,2,356,19.0
0,3,356,9.0
0,4,356,13.0
0,0,357,28.0
0,1,357,41.0
0,2,357,16.0
0,3,357,10.0
0,4,357,26.0
0,0,358,18.0
0,1,358,32.0
0,2,358,14.0
0,3,358,13.0
0,4,358,18.0
0,0,359,18.0
0,1,359,15.0
0,2,359,19.0
0,3,359,12.0
0,4,359,26.0
0,0,360,12.0
0,1,360,32.0
0,2,360,32.0
0,3,360,9.0
0,4,360,10.0
0,0,361,12.0
0,1,361,20.0
0,2,361,33.0
0,3,361,22.0
0,4,361,19.0
0,0,362,35.0
0,1,362,13.0
0,2,362,13.0
0,3,362,12.0
0,4,362,20.0
0,0,363,13.0
0,1,363,11.0
0,2,363,17.0
0,3,363,21.0
0,4,363,17.0
0,0,364,17.0
0,1,364,51.0
0,2,364,23.0
0,3,364,11.0
0,4,364,9.0
0,0,365,32.0
0,1,365,13.0
0,2,365,13.0
0,3,365,16.0
0,4,365,39.0
0,0,366,23.0
0,1,366,24.0
0,2,366,12.0
0,3,366,28.0
0,4,366,38.0
0,0,367,11.0
0,1,367,45.0
0,2,367,26.0
0,3,367,54.0
0,4,367,15.0
0,0,368,13.0
0,1,368,16.0
0,2,368,22.0
0,3,368,37.0
0,4,368,14.0
0,0,369,14.0
0,1,369,20.0
0,2,369,49.0
0,3,369,57.0
0,4,369,17.0
0,0,370,26.0
0,1,370,13.0
0,2,370,25.0
0,3,370,23.0
0,4,370,16.0
0,0,371,22.0
0,1,371,12.0
0,2,371,22.0
0,3,371,13.0
0,4,371,12.0
0,0,372,19.0
0,1,372,14.0
0,2,372,10.0
0,3,372,16.0
0,4,372,15.0
0,0,373,17.0
0,1,373,19.0
0,2,373,21.0
0,3,373,18.0
0,4,373,27.0
0,0,374,20.0
0,1,374,20.0
0,2,374,11.0
0,3,374,12.0
0,4,374,33.0
0,0,375,16.0
0,1,375,20.0
0,2,375,16.0
0,3,375,10.0
0,4,375,27.0
0,0,376,43.0
0,1,376,13.0
0,2,376,72.0
0,3,376,19.0
0,4,376,12.0
0,0,377,13.0
0,1,377,24.0
0,2,377,43.0
0,3,377,11.0
0,4,377,18.0
0,0,378,12.0
0,1,378,11.0
0,2,378,15.0
0,3,378,45.0
0,4,378,25.0
0,0,379,32.0
0,1,379,29.0
0,2,379,22.0
0,3,379,16.0
0,4,379,12.0
0,0,380,15.0
0,1,380,13.0
0,2,380,21.0
0,3,380,11.0
0,4,380,16.0
0,0,381,16.0
0,1,381,14.0
0,2,381,22.0
0,3,381,13.0
0,4,381,16.0
0,0,382,22.0
0,1,382,17.0
0,2,382,13.0
0,3,382,24.0
0,4,382,17.0
0,0,383,14.0
0,1,383,38.0
0,2,383,18.0
0,3,383,17.0
0,4,383,13.0
0,0,384,12.0
0,1,384,11.0
0,2,384,13.0
0,3,384,51.0
0,4,384,23.0
0,0,385,16.0
0,1,385,18.0
0,2,385,10.0
0,3,385,19.0
0,4,385,17.0
0,0,386,19.0
0,1,386,17.0
0,2,386,18.0
0,3,386,22.0
0,4,386,37.0
0,0,387,21.0
0,1,387,13.0
0,2,387,13.0
0,3,387,14.0
0,4,387,10.0
0,0,388,12.0
0,1,388,14.0
0,2,388,23.0
0,3,388,11.0
0,4,388,17.0
0,0,389,39.0
0,1,389,10.0
0,2,389,12.0
0,3,389,24.0
0,4,389,14.0
0,0,390,15.0
0,1,390,11.0
0,2,390,38.0
0,3,390,20.0
0,4,390,40.0
0,0,391,12.0
0,1,391,11.0
0,2,391,16.0
0,3,391,15.0
0,4,391,15.0
0,0,392,10.0
0,1,392,13.0
0,2,392,12.0
0,3,392,13.0
0,4,392,13.0
0,0,393,19.0
0,1,393,12.0
0,2,393,18.0
0,3,393,15.0
0,4,393,20.0
0,0,394,20.0
0,1,394,14.0
0,2,394,12.0
0,3,394,24.0
0,4,394,36.0
0,0,395,13.0
0,1,395,13.0
0,2,395,18.0
0,3,395,15.0
0,4,395,29.0
0,0,396,13.0
0,1,396,18.0
0,2,396,24.0
0,3,396,23.0
0,4,396,9.0
0,0,397,14.0
0,1,397,11.0
0,2,397,15.0
0,3,397,14.0
0,4,397,15.0
0,0,398,15.0
0,1,398,11.0
0,2,398,16.0
0,3,398,15.0
0,4,398,20.0
0,0,399,19.0
0,1,399,21.0
0,2,399,32.0
0,3,399,29.0
0,4,399,77.0
0,0,400,22.0
0,1,400,18.0
0,2,400,11.0
0,3,400,11.0
0,4,400,17.0
0,0,401,10.0
0,1,401,12.0
0,2,401,18.0
0,3,401,44.0
0,4,401,19.0
0,0,402,8.0
0,1,402,10.0
0,2,402,9.0
0,3,402,22.0
0,4,402,40.0
0,0,403,20.0
0,1,403,9.0
0,2,403,33.0
0,3,403,20.0
0,4,403,18.0
0,0,404,10.0
0,1,404,24.0
0,2,404,9.0
0,3,404,24.0
0,4,404,22.0
0,0,405,16.0
0,1,405,10.0
0,2,405,17.0
0,3,405,24.0
0,4,405,22.0
0,0,406,17.0
0,1,406,12.0
0,2,406,16.0
0,3,406,13.0
0,4,406,17.0
0,0,407,25.0
0,1,407,19.0
0,2,407,11.0
0,3,407,20.0
0,4,407,15.0
0,0,408,24.0
0,1,408,22.0
0,2,408,22.0
0,3,408,19.0
0,4,408,15.0
0,0,409,10.0
0,1,409,12.0
0,2,409,27.0
0,3,409,18.0
0,4,409,26.0
0,0,410,10.0
0,1,410,16.0
0,2,410,17.0
0,3,410,15.0
0,4,410,32.0
0,0,411,19.0
0,1,411,24.0
0,2,411,13.0
0,3,411,22.0
0,4,411,10.0
0,0,412,18.0
0,1,412,15.0
0,2,412,12.0
0,3,412,9.0
0,4,412,14.0
0,0,413,26.0
0,1,413,17.0
0,2,413,13.0
0,3,413,32.0
0,4,413,17.0
0,0,414,11.0
0,1,414,9.0
0,2,414,10.0
0,3,414,17.0
0,4,414,16.0
0,0,415,49.0
0,1,415,29.0
0,2,415,15.0
0,3,415,17.0
0,4,415,13.0
0,0,416,16.0
0,1,416,9.0
0,2,416,35.0
0,3,416,10.0
0,4,416,31.0
0,0,417,12.0
0,1,417,19.0
0,2,417,15.0
0,3,417,13.0
0,4,417,30.0
0,0,418,12.0
0,1,418,18.0
0,2,418,17.0
0,3,418,11.0
0,4,418,12.0
0,0,419,20.0
0,1,419,38.0
0,2,419,13.0
0,3,419,33.0
0,4,419,28.0
0,0,420,18.0
0,1,420,11.0
0,2,420,16.0
0,3,420,27.0
0,4,420,13.0
0,0,421,25.0
0,1,421,11.0
0,2,421,21.0
0,3,421,22.0
0,4,421,24.0
0,0,422,19.0
0,1,422,11.0
0,2,422,11.0
0,3,422,18.0
0,4,422,24.0
0,0,423,27.0
0,1,423,10.0
0,2,423,10.0
0,3,423,15.0
0,4,423,15.0
0,0,424,12.0
0,1,424,14.0
0,2,424,23.0
0,3,424,16.0
0,4,424,31.0
0,0,425,15.0
0,1,425,33.0
0,2,425,15.0
0,3,425,17.0
0,4,425,45.0
0,0,426,14.0
0,1,426,17.0
0,2,426,17.0
0,3,426,25.0
0,4,426,11.0
0,0,427,9.0
0,1,427,10.0
0,2,427,34.0
0,3,427,21.0
0,4,427,12.0
0,0,428,11.0
0,1,428,12.0
0,2,428,18.0
0,3,428,19.0
0,4,428,15.0
0,0,429,22.0
0,1,429,14.0
0,2,429,17.0
0,3,429,12.0
0,4,429,29.0
0,0,430,21.0
0,1,430,25.0
0,2,430,22.0
0,3,430,28.0
0,4,430,20.0
0,0,431,14.0
0,1,431,29.0
0,2,431,9.0
0,3,431,19.0
0,4,431,14.0
0,0,432,23.0
0,1,432,15.0
0,2,432,11.0
0,3,432,18.0
0,4,432,28.0
0,0,433,22.0
0,1,433,24.0
0,2,433,22.0
0,3,433,26.0
0,4,433,32.0
0,0,434,11.0
0,1,434,23.0
0,2,434,12.0
0,3,434,14.0
0,4,434,15.0
0,0,435,38.0
0,1,435,10.0
0,2,435,17.0
0,3,435,20.0
0,4,435,27.0
0,0,436,14.0
0,1,436,12.0
0,2,436,28.0
0,3,436,15.0
0,4,436,28.0
0,0,437,19.0
0,1,437,11.0
0,2,437,11.0
0,3,437,16.0
0,4,437,20.0
0,0,438,12.0
0,1,438,60.0
0,2,438,14.0
0,3,438,19.0
0,4,438,25.0
0,0,439,8.0
0,1,439,22.0
0,2,439,27.0
0,3,439,21.0
0,4,439,14.0
0,0,440,20.0
0,1,440,30.0
0,2,440,13.0
0,3,440,10.0
0,4,440,21.0
0,0,441,14.0
0,1,441,13.0
0,2,441,20.0
0,3,441,8.0
0,4,441,64.0
0,0,442,30.0
0,1,442,14.0
0,2,442,14.0
0,3,442,18.0
0,4,442,14.0
0,0,443,13.0
0,1,443,15.0
0,2,443,13.0
0,3,443,14.0
0,4,443,14.0
0,0,444,16.0
0,1,444,14.0
0,2,444,18.0
0,3,444,8.0
0,4,444,26.0
0,0,445,16.0
0,1,445,21.0
0,2,445,12.0
0,3,445,22.0
0,4,445,23.0
0,0,446,14.0
0,1,446,24.0
0,2,446,40.0
0,3,446,10.0
0,4,446,15.0
0,0,447,29.0
0,1,447,19.0
0,2,447,24.0
0,3,447,28.0
0,4,447,13.0
0,0,448,18.0
0,1,448,15.0
0,2,448,20.0
0,3,448,29.0
0,4,448,20.0
0,0,449,16.0
0,1,449,21.0
0,2,449,14.0
0,3,449,29.0
0,4,449,18.0
0,0,450,13.0
0,1,450,29.0
0,2,450,10.0
0,3,450,26.0
0,4,450,10.0
0,0,451,18.0
0,1,451,20.0
0,2,451,18.0
0,3,451,47.0
0,4,451,26.0
0,0,452,24.0
0,1,452,36.0
0,2,452,24.0
0,3,452,12.0
0,4,452,21.0
0,0,453,16.0
0,1,453,23.0
0,2,453,12.0
0,3,453,9.0
0,4,453,28.0
0,0,454,37.0
0,1,454,18.0
0,2,454,12.0
0,3,454,25.0
0,4,454,13.0
0,0,455,32.0
0,1,455,20.0
0,2,455,22.0
0,3,455,17.0
0,4,455,12.0
0,0,456,16.0
0,1,456,17.0
0,2,456,45.0
0,3,456,15.0
0,4,456,35.0
0,0,457,17.0
0,1,457,16.0
0,2,457,41.0
0,3,457,34.0
0,4,457,14.0
0,0,458,25.0
0,1,458,19.0
0,2,458,48.0
0,3,458,20.0
0,4,458,37.0
0,0,459,21.0
0,1,459,16.0
0,2,459,15.0
0,3,459,19.0
0,4,459,17.0
0,0,460,29.0
0,1,460,18.0
0,2,460,13.0
0,3,460,9.0
0,4,460,12.0
0,0,461,9.0
0,1,461,37.0
0,2,461,11.0
0,3,461,10.0
0,4,461,17.0
0,0,462,47.0
0,1,462,13.0
0,2,462,19.0
0,3,462,37.0
0,4,462,25.0
0,0,463,25.0
0,1,463,12.0
0,2,463,16.0
0,3,463,12.0
0,4,463,17.0
0,0,464,13.0
0,1,464,16.0
0,2,464,16.0
0,3,464,36.0
0,4,464,11.0
0,0,465,12.0
0,1,465,13.0
0,2,465,18.0
0,3,465,19.0
0,4,465,10.0
0,0,466,12.0
0,1,466,23.0
0,2,466,16.0
0,3,466,25.0
0,4,466,23.0
0,0,467,12.0
0,1,467,12.0
0,2,467,23.0
0,3,467,16.0
0,4,467,11.0
0,0,468,9.0
0,1,468,16.0
0,2,468,11.0
0,3,468,72.0
0,4,468,15.0
0,0,469,13.0
0,1,469,25.0
0,2,469,11.0
0,3,469,49.0
0,4,469,13.0
0,0,470,12.0
0,1,470,13.0
0,2,470,22.0
0,3,470,15.0
0,4,470,15.0
0,0,471,16.0
0,1,471,18.0
0,2,471,24.0
0,3,471,36.0
0,4,471,16.0
0,0,472,11.0
0,1,472,14.0
0,2,472,10.0
0,3,472,14.0
0,4,472,14.0
0,0,473,12.0
0,1,473,14.0
0,2,473,15.0
0,3,473,12.0
0,4,473,18.0
0,0,474,33.0
0,1,474,19.0
0,2,474,16.0
0,3,474,14.0
0,4,474,60.0
0,0,475,8.0
0,1,475,16.0
0,2,475,29.0
0,3,475,21.0
0,4,475,15.0
0,0,476,17.0
0,1,476,10.0
0,2,476,32.0
0,3,476,10.0
0,4,476,16.0
0,0,477,25.0
0,1,477,9.0
0,2,477,10.0
0,3,477,24.0
0,4,477,29.0
0,0,478,37.0
0,1,478,12.0
0,2,478,11.0
0,3,478,18.0
0,4,478,15.0
0,0,479,17.0
0,1,479,23.0
0,2,479,14.0
0,3,479,20.0
0,4,479,18.0
0,0,480,13.0
0,1,480,18.0
0,2,480,12.0
0,3,480,37.0
0,4,480,14.0
0,0,481,28.0
0,1,481,9.0
0,2,481,22.0
0,3,481,11.0
0,4,481,13.0
0,0,482,17.0
0,1,482,12.0
0,2,482,19.0
0,3,482,25.0
0,4,482,34.0
0,0,483,12.0
0,1,483,14.0
0,2,483,13.0
0,3,483,12.0
0,4,483,23.0
0,0,484,28.0
0,1,484,13.0
0,2,484,11.0
0,3,484,9.0
0,4,484,15.0
0,0,485,12.0
0,1,485,20.0
0,2,485,15.0
0,3,485,17.0
0,4,485,12.0
0,0,486,21.0
0,1,486,13.0
0,2,486,20.0
0,3,486,20.0
0,4,486,22.0
0,0,487,28.0
0,1,487,31.0
0,2,487,25.0
0,3,487,9.0
0,4,487,17.0
0,0,488,18.0
0,1,488,18.0
0,2,488,12.0
0,3,488,10.0
0,4,488,20.0
0,0,489,19.0
0,1,489,39.0
0,2,489,25.0
0,3,489,41.0
0,4,489,15.0
0,0,490,42.0
0,1,490,17.0
0,2,490,30.0
0,3,490,12.0
0,4,490,16.0
0,0,491,9.0
0,1,491,25.0
0,2,491,19.0
0,3,491,26.0
0,4,491,16.0
0,0,492,9.0
0,1,492,12.0
0,2,492,11.0
0,3,492,22.0
0,4,492,14.0
0,0,493,12.0
0,1,493,11.0
0,2,493,13.0
0,3,493,13.0
0,4,493,11.0
0,0,494,19.0
0,1,494,11.0
0,2,494,14.0
0,3,494,49.0
0,4,494,20.0
0,0,495,18.0
0,1,495,16.0
0,2,495,24.0
0,3,495,14.0
0,4,495,18.0
0,0,496,16.0
0,1,496,12.0
0,2,496,31.0
0,3,496,14.0
0,4,496,21.0
0,0,497,15.0
0,1,497,18.0
0,2,497,17.0
0,3,497,38.0
0,4,497,9.0
0,0,498,57.0
0,1,498,10.0
0,2,498,15.0
0,3,498,12.0
0,4,498,18.0
0,0,499,12.0
0,1,499,41.0
0,2,499,28.0
0,3,499,12.0
0,4,499,10.0
0,0,500,15.0
0,1,500,11.0
0,2,500,13.0
0,3,500,12.0
0,4,500,22.0
0,0,501,21.0
0,1,501,13.0
0,2,501,11.0
0,3,501,36.0
0,4,501,31.0
0,0,502,18.0
0,1,502,16.0
0,2,502,34.0
0,3,502,24.0
0,4,502,10.0
0,0,503,38.0
0,1,503,23.0
0,2,503,9.0
0,3,503,9.0
0,4,503,13.0
0,0,504,31.0
0,1,504,18.0
0,2,504,13.0
0,3,504,22.0
0,4,504,19.0
0,0,505,30.0
0,1,505,24.0
0,2,505,14.0
0,3,505,12.0
0,4,505,17.0
0,0,506,42.0
0,1,506,27.0
0,2,506,19.0
0,3,506,12.0
0,4,506,25.0
0,0,507,16.0
0,1,507,15.0
0,2,507,14.0
0,3,507,16.0
0,4,507,14.0
0,0,508,16.0
0,1,508,15.0
0,2,508,36.0
0,3,508,19.0
0,4,508,20.0
0,0,509,20.0
0,1,509,22.0
0,2,509,33.0
0,3,509,19.0
0,4,509,16.0
0,0,510,13.0
0,1,510,45.0
0,2,510,15.0
0,3,510,21.0
0,4,510,10.0
0,0,511,17.0
0,1,511,53.0
0,2,511,43.0
0,3,511,25.0
0,4,511,12.0
0,0,512,35.0
0,1,512,14.0
0,2,512,36.0
0,3,512,25.0
0,4,512,13.0
0,0,513,17.0
0,1,513,11.0
0,2,513,18.0
0,3,513,14.0
0,4,513,24.0
0,0,514,18.0
0,1,514,10.0
0,2,514,14.0
0,3,514,19.0
0,4,514,26.0
0,0,515,27.0
0,1,515,13.0
0,2,515,57.0
0,3,515,39.0
0,4,515,22.0
0,0,516,19.0
0,1,516,14.0
0,2,516,12.0
0,3,516,17.0
0,4,516,12.0
0,0,517,10.0
0,1,517,14.0
0,2,517,35.0
0,3,517,16.0
0,4,517,26.0
0,0,518,16.0
0,1,518,17.0
0,2,518,14.0
0,3,518,25.0
0,4,518,11.0
0,0,519,15.0
0,1,519,18.0
0,2,519,18.0
0,3,519,15.0
0,4,519,9.0
0,0,520,14.0
0,1,520,15.0
0,2,520,11.0
0,3,520,14.0
0,4,520,30.0
0,0,521,20.0
0,1,521,15.0
0,2,521,11.0
0,3,521,15.0
0,4,521,19.0
0,0,522,9.0
0,1,522,18.0
0,2,522,30.0
0,3,522,20.0
0,4,522,14.0
0,0,523,14.0
0,1,523,17.0
0,2,523,22.0
0,3,523,18.0
0,4,523,15.0
0,0,524,14.0
0,1,524,14.0
0,2,524,13.0
0,3,524,43.0
0,4,524,22.0
0,0,525,14.0
0,1,525,33.0
0,2,525,16.0
0,3,525,18.0
0,4,525,21.0
0,0,526,29.0
0,1,526,11.0
0,2,526,11.0
0,3,526,13.0
0,4,526,23.0
0,0,527,9.0
0,1,527,36.0
0,2,527,18.0
0,3,527,16.0
0,4,527,18.0
0,0,528,10.0
0,1,528,10.0
0,2,528,15.0
0,3,528,11.0
0,4,528,16.0
0,0,529,35.0
0,1,529,22.0
0,2,529,10.0
0,3,529,24.0
0,4,529,17.0
0,0,530,14.0
0,1,530,18.0
0,2,530,8.0
0,3,530,12.0
0,4,530,10.0
0,0,531,17.0
0,1,531,11.0
0,2,531,43.0
0,3,531,15.0
0,4,531,15.0
0,0,532,27.0
0,1,532,20.0
0,2,532,9.0
0,3,532,31.0
0,4,532,17.0
0,0,533,26.0
0,1,533,24.0
0,2,533,13.0
0,3,533,13.0
0,4,533,24.0
0,0,534,13.0
0,1,534,10.0
0,2,534,22.0
0,3,534,24.0
0,4,534,12.0
0,0,535,14.0
0,1,535,35.0
0,2,535,12.0
0,3,535,36.0
0,4,535,29.0
0,0,536,28.0
0,1,536,12.0
0,2,536,13.0
0,3,536,14.0
0,4,536,10.0
0,0,537,16.0
0,1,537,19.0
0,2,537,31.0
0,3,537,14.0
0,4,537,16.0
0,0,538,10.0
0,1,538,13.0
0,2,538,18.0
0,3,538,9.0
0,4,538,38.0
0,0,539,21.0
0,1,539,19.0
0,2,539,10.0
0,3,539,14.0
0,4,539,17.0
0,0,540,22.0
0,1,540,35.0
0,2,540,36.0
0,3,540,28.0
0,4,540,19.0
0,0,541,15.0
0,1,541,14.0
0,2,541,13.0
0,3,541,12.0
0,4,541,10.0
0,0,542,14.0
0,1,542,18.0
0,2,542,10.0
0,3,542,43.0
0,4,542,23.0
0,0,543,22.0
0,1,543,13.0
0,2,543,12.0
0,3,543,15.0
0,4,543,20.0
0,0,544,12.0
0,1,544,20.0
0,2,544,26.0
0,3,544,17.0
0,4,544,13.0
0,0,545,11.0
0,1,545,11.0
0,2,545,29.0
0,3,545,19.0
0,4,545,25.0
0,0,546,23.0
0,1,546,33.0
0,2,546,21.0
0,3,546,18.0
0,4,546,33.0
0,0,547,16.0
0,1,547,12.0
0,2,547,15.0
0,3,547,17.0
0,4,547,34.0
0,0,548,9.0
0,1,548,14.0
0,2,548,21.0
0,3,548,22.0
0,4,548,15.0
0,0,549,17.0
0,1,549,18.0
0,2,549,36.0
0,3,549,18.0
0,4,549,37.0
0,0,550,24.0
0,1,550,26.0
0,2,550,20.0
0,3,550,11.0
0,4,550,21.0
0,0,551,19.0
0,1,551,13.0
0,2,551,13.0
0,3,551,15.0
0,4,551,14.0
0,0,552,12.0
0,1,552,15.0
0,2,552,14.0
0,3,552,32.0
0,4,552,10.0
0,0,553,8.0
0,1,553,13.0
0,2,553,13.0
0,3,553,15.0
0,4,553,19.0
0,0,554,14.0
0,1,554,26.0
0,2,554,12.0
0,3,554,16.0
0,4,554,32.0
0,0,555,11.0
0,1,555,17.0
0,2,555,12.0
0,3,555,10.0
0,4,555,17.0
0,0,556,29.0
0,1,556,18.0
0,2,556,30.0
0,3,556,18.0
0,4,556,14.0
0,0,557,10.0
0,1,557,29.0
0,2,557,12.0
0,3,557,26.0
0,4,557,15.0
0,0,558,17.0
0,1,558,32.0
0,2,558,10.0
0,3,558,15.0
0,4,558,20.0
0,0,559,13.0
0,1,559,21.0
0,2,559,27.0
0,3,559,17.0
0,4,559,19.0
0,0,560,18.0
0,1,560,13.0
0,2,560,13.0
0,3,560,9.0
0,4,560,16.0
0,0,561,23.0
0,1,561,18.0
0,2,561,16.0
0,3,561,17.0
0,4,561,22.0
0,0,562,19.0
0,1,562,12.0
0,2,562,19.0
0,3,562,17.0
0,4,562,18.0
0,0,563,13.0
0,1,563,31.0
0,2,563,16.0
0,3,563,24.0
0,4,563,28.0
0,0,564,23.0
0,1,564,15.0
0,2,564,34.0
0,3,564,19.0
0,4,564,14.0
0,0,565,19.0
0,1,565,24.0
0,2,565,14.0
0,3,565,19.0
0,4,565,13.0
0,0,566,9.0
0,1,566,11.0
0,2,566,26.0
0,3,566,12.0
0,4,566,16.0
0,0,567,57.0
0,1,567,9.0
0,2,567,26.0
0,3,567,24.0
0,4,567,16.0
0,0,568,37.0
0,1,568,24.0
0,2,568,12.0
0,3,568,19.0
0,4,568,10.0
0,0,569,12.0
0,1,569,25.0
0,2,569,15.0
0,3,569,14.0
0,4,569,17.0
0,0,570,33.0
0,1,570,17.0
0,2,570,53.0
0,3,570,28.0
0,4,570,11.0
0,0,571,33.0
0,1,571,19.0
0,2,571,13.0
0,3,571,13.0
0,4,571,15.0
0,0,572,16.0
0,1,572,9.0
0,2,572,9.0
0,3,572,14.0
0,4,572,31.0
0,0,573,19.0
0,1,573,32.0
0,2,573,18.0
0,3,573,13.0
0,4,573,16.0
0,0,574,19.0
0,1,574,29.0
0,2,574,17.0
0,3,574,28.0
0,4,574,13.0
0,0,575,27.0
0,1,575,16.0
0,2,575,22.0
0,3,575,12.0
0,4,575,12.0
0,0,576,14.0
0,1,576,63.0
0,2,576,12.0
0,3,576,30.0
0,4,576,19.0
0,0,577,12.0
0,1,577,19.0
0,2,577,12.0
0,3,577,13.0
0,4,577,27.0
0,0,578,83.0
0,1,578,14.0
0,2,578,10.0
0,3,578,9.0
0,4,578,33.0
0,0,579,17.0
0,1,579,41.0
0,2,579,14.0
0,3,579,10.0
0,4,579,37.0
0,0,580,65.0
0,1,580,15.0
0,2,580,12.0
0,3,580,11.0
0,4,580,23.0
0,0,581,15.0
0,1,581,17.0
0,2,581,12.0
0,3,581,26.0
0,4,581,11.0
0,0,582,13.0
0,1,582,18.0
0,2,582,24.0
0,3,582,25.0
0,4,582,33.0
0,0,583,42.0
0,1,583,11.0
0,2,583,16.0
0,3,583,20.0
0,4,583,23.0
0,0,584,31.0
0,1,584,15.0
0,2,584,20.0
0,3,584,10.0
0,4,584,15.0
0,0,585,32.0
0,1,585,19.0
0,2,585,21.0
0,3,585,12.0
0,4,585,34.0
0,0,586,35.0
0,1,586,10.0
0,2,586,25.0
0,3,586,14.0
0,4,586,11.0
0,0,587,16.0
0,1,587,12.0
0,2,587,45.0
0,3,587,31.0
0,4,587,10.0
0,0,588,11.0
0,1,588,33.0
0,2,588,40.0
0,3,588,14.0
0,4,588,23.0
0,0,589,54.0
0,1,589,15.0
0,2,589,10.0
0,3,589,28.0
0,4,589,23.0
0,0,590,18.0
0,1,590,11.0
0,2,590,17.0
0,3,590,21.0
0,4,590,34.0
0,0,591,13.0
0,1,591,14.0
0,2,591,14.0
0,3,591,14.0
0,4,591,11.0
0,0,592,25.0
0,1,592,18.0
0,2,592,37.0
0,3,592,19.0
0,4,592,28.0
0,0,593,16.0
0,1,593,12.0
0,2,593,31.0
0,3,593,26.0
0,4,593,23.0
0,0,594,19.0
0,1,594,27.0
0,2,594,13.0
0,3,594,10.0
0,4,594,13.0
0,0,595,15.0
0,1,595,18.0
0,2,595,16.0
0,3,595,17.0
0,4,595,21.0
0,0,596,22.0
0,1,596,14.0
0,2,596,42.0
0,3,596,20.0
0,4,596,16.0
0,0,597,21.0
0,1,597,25.0
0,2,597,11.0
0,3,597,39.0
0,4,597,12.0
0,0,598,11.0
0,1,598,18.0
0,2,598,19.0
0,3,598,23.0
0,4,598,13.0
0,0,599,19.0
0,1,599,19.0
0,2,599,11.0
0,3,599,19.0
0,4,599,14.0
0,0,600,21.0
0,1,600,25.0
0,2,600,9.0
0,3,600,23.0
0,4,600,14.0
0,0,601,32.0
0,1,601,16.0
0,2,601,17.0
0,3,601,13.0
0,4,601,21.0
0,0,602,18.0
0,1,602,22.0
0,2,602,18.0
0,3,602,15.0
0,4,602,9.0
0,0,603,24.0
0,1,603,14.0
0,2,603,19.0
0,3,603,11.0
0,4,603,16.0
0,0,604,16.0
0,1,604,51.0
0,2,604,11.0
0,3,604,13.0
0,4,604,12.0
0,0,605,27.0
0,1,605,20.0
0,2,605,21.0
0,3,605,16.0
0,4,605,11.0
0,0,606,19.0
0,1,606,22.0
0,2,606,11.0
0,3,606,23.0
0,4,606,12.0
0,0,607,14.0
0,1,607,25.0
0,2,607,16.0
0,3,607,74.0
0,4,607,10.0
0,0,608,24.0
0,1,608,29.0
0,2,608,21.0
0,3,608,14.0
0,4,608,36.0
0,0,609,17.0
0,1,609,12.0
0,2,609,10.0
0,3,609,14.0
0,4,609,14.0
0,0,610,13.0
0,1,610,21.0
0,2,610,15.0
0,3,610,18.0
0,4,610,18.0
0,0,611,22.0
0,1,611,21.0
0,2,611,9.0
0,3,611,16.0
0,4,611,22.0
0,0,612,35.0
0,1,612,19.0
0,2,612,16.0
0,3,612,25.0
0,4,612,11.0
0,0,613,15.0
0,1,613,15.0
0,2,613,29.0
0,3,613,32.0
0,4,613,25.0
0,0,614,9.0
0,1,614,29.0
0,2,614,13.0
0,3,614,18.0
0,4,614,10.0
0,0,615,29.0
0,1,615,13.0
0,2,615,12.0
0,3,615,15.0
0,4,615,9.0
0,0,616,27.0
0,1,616,19.0
0,2,616,22.0
0,3,616,20.0
0,4,616,21.0
0,0,617,12.0
0,1,617,14.0
0,2,617,13.0
0,3,617,23.0
0,4,617,63.0
0,0,618,14.0
0,1,618,16.0
0,2,618,12.0
0,3,618,18.0
0,4,618,11.0
0,0,619,12.0
0,1,619,13.0
0,2,619,14.0
0,3,619,12.0
0,4,619,19.0
0,0,620,25.0
0,1,620,10.0
0,2,620,16.0
0,3,620,18.0
0,4,620,13.0
0,0,621,11.0
0,1,621,9.0
0,2,621,42.0
0,3,621,22.0
0,4,621,12.0
0,0,622,17.0
0,1,622,13.0
0,2,622,18.0
0,3,622,28.0
0,4,622,11.0
0,0,623,11.0
0,1,623,17.0
0,2,623,15.0
0,3,623,20.0
0,4,623,20.0
0,0,624,26.0
0,1,624,12.0
0,2,624,10.0
0,3,624,30.0
0,4,624,13.0
0,0,625,15.0
0,1,625,28.0
0,2,625,12.0
0,3,625,24.0
0,4,625,27.0
0,0,626,13.0
0,1,626,23.0
0,2,626,15.0
0,3,626,19.0
0,4,626,28.0
0,0,627,26.0
0,1,627,18.0
0,2,627,11.0
0,3,627,53.0
0,4,627,13.0
0,0,628,21.0
0,1,628,19.0
0,2,628,21.0
0,3,628,22.0
0,4,628,22.0
0,0,629,18.0
0,1,629,38.0
0,2,629,17.0
0,3,629,24.0
0,4,629,52.0
0,0,630,22.0
0,1,630,12.0
0,2,630,26.0
0,3,630,14.0
0,4,630,10.0
0,0,631,39.0
0,1,631,12.0
0,2,631,11.0
0,3,631,18.0
0,4,631,33.0
0,0,632,33.0
0,1,632,17.0
0,2,632,23.0
0,3,632,26.0
0,4,632,25.0
0,0,633,19.0
0,1,633,22.0
0,2,633,22.0
0,3,633,15.0
0,4,633,15.0
0,0,634,17.0
0,1,634,21.0
0,2,634,22.0
0,3,634,21.0
0,4,634,20.0
0,0,635,15.0
0,1,635,17.0
0,2,635,14.0
0,3,635,29.0
0,4,635,15.0
0,0,636,18.0
0,1,636,16.0
0,2,636,16.0
0,3,636,15.0
0,4,636,28.0
0,0,637,30.0
0,1,637,10.0
0,2,637,10.0
0,3,637,29.0
0,4,637,20.0
0,0,638,43.0
0,1,638,57.0
0,2,638,48.0
0,3,638,17.0
0,4,638,17.0
0,0,639,9.0
0,1,639,20.0
0,2,639,22.0
0,3,639,17.0
0,4,639,16.0
0,0,640,33.0
0,1,640,18.0
0,2,640,10.0
0,3,640,47.0
0,4,640,12.0
0,0,641,26.0
0,1,641,28.0
0,2,641,11.0
0,3,641,17.0
0,4,641,25.0
0,0,642,17.0
0,1,642,62.0
0,2,642,11.0
0,3,642,16.0
0,4,642,16.0
0,0,643,17.0
0,1,643,13.0
0,2,643,26.0
0,3,643,32.0
0,4,643,24.0
0,0,644,21.0
0,1,644,22.0
0,2,644,11.0
0,3,644,34.0
0,4,644,39.0
0,0,645,12.0
0,1,645,18.0
0,2,645,33.0
0,3,645,25.0
0,4,645,11.0
0,0,646,9.0
0,1,646,18.0
0,2,646,20.0
0,3,646,19.0
0,4,646,12.0
0,0,647,12.0
0,1,647,11.0
0,2,647,9.0
0,3,647,17.0
0,4,647,16.0
0,0,648,42.0
0,1,648,24.0
0,2,648,10.0
0,3,648,31.0
0,4,648,13.0
0,0,649,61.0
0,1,649,14.0
0,2,649,17.0
0,3,649,15.0
0,4,649,36.0
0,0,650,19.0
0,1,650,19.0
0,2,650,16.0
0,3,650,19.0
0,4,650,22.0
0,0,651,15.0
0,1,651,22.0
0,2,651,14.0
0,3,651,33.0
0,4,651,10.0
0,0,652,17.0
0,1,652,9.0
0,2,652,24.0
0,3,652,12.0
0,4,652,39.0
0,0,653,20.0
0,1,653,24.0
0,2,653,17.0
0,3,653,30.0
0,4,653,11.0
0,0,654,38.0
0,1,654,14.0
0,2,654,24.0
0,3,654,22.0
0,4,654,22.0
0,0,655,15.0
0,1,655,17.0
0,2,655,15.0
0,3,655,53.0
0,4,655,11.0
0,0,656,14.0
0,1,656,22.0
0,2,656,25.0
0,3,656,16.0
0,4,656,17.0
0,0,657,14.0
0,1,657,22.0
0,2,657,10.0
0,3,657,16.0
0,4,657,24.0
0,0,658,45.0
0,1,658,17.0
0,2,658,13.0
0,3,658,39.0
0,4,658,17.0
0,0,659,36.0
0,1,659,15.0
0,2,659,21.0
0,3,659,14.0
0,4,659,15.0
0,0,660,11.0
0,1,660,22.0
0,2,660,21.0
0,3,660,10.0
0,4,660,22.0
0,0,661,37.0
0,1,661,17.0
0,2,661,28.0
0,3,661,39.0
0,4,661,13.0
0,0,662,23.0
0,1,662,13.0
0,2,662,13.0
0,3,662,24.0
0,4,662,28.0
0,0,663,35.0
0,1,663,22.0
0,2,663,14.0
0,3,663,14.0
0,4,663,15.0
0,0,664,18.0
0,1,664,9.0
0,2,664,15.0
0,3,664,18.0
0,4,664,28.0
0,0,665,97.0
0,1,665,25.0
0,2,665,27.0
0,3,665,16.0
0,4,665,33.0
0,0,666,16.0
0,1,666,52.0
0,2,666,14.0
0,3,666,23.0
0,4,666,9.0
0,0,667,13.0
0,1,667,23.0
0,2,667,17.0
0,3,667,20.0
0,4,667,15.0
0,0,668,23.0
0,1,668,16.0
0,2,668,15.0
0,3,668,14.0
0,4,668,36.0
0,0,669,10.0
0,1,669,29.0
0,2,669,22.0
0,3,669,10.0
0,4,669,18.0
0,0,670,26.0
0,1,670,31.0
0,2,670,28.0
0,3,670,56.0
0,4,670,12.0
0,0,671,34.0
0,1,671,13.0
0,2,671,34.0
0,3,671,19.0
0,4,671,14.0
0,0,672,15.0
0,1,672,29.0
0,2,672,16.0
0,3,672,11.0
0,4,672,36.0
0,0,673,25.0
0,1,673,16.0
0,2,673,17.0
0,3,673,59.0
0,4,673,27.0
0,0,674,12.0
0,1,674,19.0
0,2,674,13.0
0,3,674,14.0
0,4,674,31.0
0,0,675,14.0
0,1,675,9.0
0,2,675,17.0
0,3,675,29.0
0,4,675,18.0
0,0,676,9.0
0,1,676,34.0
0,2,676,22.0
0,3,676,16.0
0,4,676,13.0
0,0,677,19.0
0,1,677,9.0
0,2,677,23.0
0,3,677,14.0
0,4,677,22.0
0,0,678,22.0
0,1,678,12.0
0,2,678,26.0
0,3,678,17.0
0,4,678,14.0
0,0,679,18.0
0,1,679,9.0
0,2,679,11.0
0,3,679,13.0
0,4,679,21.0
0,0,680,13.0
0,1,680,20.0
0,2,680,14.0
0,3,680,19.0
0,4,680,29.0
0,0,681,32.0
0,1,681,42.0
0,2,681,12.0
0,3,681,25.0
0,4,681,12.0
0,0,682,24.0
0,1,682,23.0
0,2,682,47.0
0,3,682,13.0
0,4,682,35.0
0,0,683,53.0
0,1,683,21.0
0,2,683,44.0
0,3,683,29.0
0,4,683,15.0
0,0,684,20.0
0,1,684,52.0
0,2,684,45.0
0,3,684,16.0
0,4,684,19.0
0,0,685,16.0
0,1,685,11.0
0,2,685,24.0
0,3,685,12.0
0,4,685,85.0
0,0,686,11.0
0,1,686,13.0
0,2,686,13.0
0,3,686,66.0
0,4,686,18.0
0,0,687,14.0
0,1,687,14.0
0,2,687,11.0
0,3,687,22.0
0,4,687,38.0
0,0,688,18.0
0,1,688,28.0
0,2,688,18.0
0,3,688,26.0
0,4,688,25.0
0,0,689,15.0
0,1,689,31.0
0,2,689,15.0
0,3,689,18.0
0,4,689,15.0
0,0,690,21.0
0,1,690,20.0
0,2,690,13.0
0,3,690,16.0
0,4,690,31.0
0,0,691,30.0
0,1,691,49.0
0,2,691,36.0
0,3,691,21.0
0,4,691,10.0
0,0,692,12.0
0,1,692,11.0
0,2,692,19.0
0,3,692,35.0
0,4,692,21.0
0,0,693,26.0
0,1,693,27.0
0,2,693,15.0
0,3,693,10.0
0,4,693,17.0
0,0,694,12.0
0,1,694,15.0
0,2,694,26.0
0,3,694,20.0
0,4,694,27.0
0,0,695,15.0
0,1,695,16.0
0,2,695,27.0
0,3,695,16.0
0,4,695,34.0
0,0,696,11.0
0,1,696,13.0
0,2,696,22.0
0,3,696,24.0
0,4,696,41.0
0,0,697,22.0
0,1,697,23.0
0,2,697,42.0
0,3,697,26.0
0,4,697,10.0
0,0,698,15.0
0,1,698,47.0
0,2,698,30.0
0,3,698,48.0
0,4,698,35.0
0,0,699,13.0
0,1,699,14.0
0,2,699,12.0
0,3,699,30.0
0,4,699,37.0
0,0,700,16.0
0,1,700,42.0
0,2,700,15.0
0,3,700,16.0
0,4,700,50.0
0,0,701,18.0
0,1,701,26.0
0,2,701,16.0
0,3,701,21.0
0,4,701,37.0
0,0,702,16.0
0,1,702,14.0
0,2,702,15.0
0,3,702,36.0
0,4,702,17.0
0,0,703,14.0
0,1,703,33.0
0,2,703,23.0
0,3,703,17.0
0,4,703,21.0
0,0,704,43.0
0,1,704,19.0
0,2,704,14.0
0,3,704,76.0
0,4,704,16.0
0,0,705,19.0
0,1,705,21.0
0,2,705,24.0
0,3,705,17.0
0,4,705,10.0
0,0,706,24.0
0,1,706,15.0
0,2,706,27.0
0,3,706,16.0
0,4,706,13.0
0,0,707,11.0
0,1,707,16.0
0,2,707,26.0
0,3,707,49.0
0,4,707,25.0
0,0,708,28.0
0,1,708,15.0
0,2,708,64.0
0,3,708,23.0
0,4,708,35.0
0,0,709,13.0
0,1,709,17.0
0,2,709,13.0
0,3,709,34.0
0,4,709,10.0
0,0,710,16.0
0,1,710,31.0
0,2,710,18.0
0,3,710,20.0
0,4,710,21.0
0,0,711,26.0
0,1,711,60.0
0,2,711,16.0
0,3,711,41.0
0,4,711,24.0
0,0,712,32.0
0,1,712,19.0
0,2,712,19.0
0,3,712,25.0
0,4,712,25.0
0,0,713,39.0
0,1,713,16.0
0,2,713,18.0
0,3,713,26.0
0,4,713,15.0
0,0,714,13.0
0,1,714,24.0
0,2,714,14.0
0,3,714,14.0
0,4,714,16.0
0,0,715,10.0
0,1,715,13.0
0,2,715,31.0
0,3,715,16.0
0,4,715,15.0
0,0,716,19.0
0,1,716,29.0
0,2,716,14.0
0,3,716,20.0
0,4,716,23.0
0,0,717,11.0
0,1,717,38.0
0,2,717,11.0
0,3,717,13.0
0,4,717,27.0
0,0,718,23.0
0,1,718,23.0
0,2,718,18.0
0,3,718,39.0
0,4,718,15.0
0,0,719,22.0
0,1,719,37.0
0,2,719,12.0
0,3,719,17.0
0,4,719,16.0
0,0,720,16.0
0,1,720,9.0
0,2,720,39.0
0,3,720,30.0
0,4,720,20.0
0,0,721,30.0
0,1,721,27.0
0,2,721,16.0
0,3,721,18.0
0,4,721,24.0
0,0,722,35.0
0,1,722,22.0
0,2,722,14.0
0,3,722,31.0
0,4,722,13.0
0,0,723,27.0
0,1,723,19.0
0,2,723,13.0
0,3,723,11.0
0,4,723,23.0
0,0,724,19.0
0,1,724,12.0
0,2,724,17.0
0,3,724,19.0
0,4,724,19.0
0,0,725,18.0
0,1,725,32.0
0,2,725,19.0
0,3,725,101.0
0,4,725,23.0
0,0,726,57.0
0,1,726,24.0
0,2,726,22.0
0,3,726,32.0
0,4,726,24.0
0,0,727,11.0
0,1,727,75.0
0,2,727,11.0
0,3,727,19.0
0,4,727,14.0
0,0,728,11.0
0,1,728,61.0
0,2,728,21.0
0,3,728,30.0
0,4,728,17.0
0,0,729,37.0
0,1,729,61.0
0,2,729,25.0
0,3,729,21.0
0,4,729,13.0
0,0,730,33.0
0,1,730,39.0
0,2,730,21.0
0,3,730,61.0
0,4,730,35.0
0,0,731,21.0
0,1,731,16.0
0,2,731,32.0
0,3,731,36.0
0,4,731,17.0
0,0,732,16.0
0,1,732,34.0
0,2,732,12.0
0,3,732,15.0
0,4,732,13.0
0,0,733,28.0
0,1,733,22.0
0,2,733,18.0
0,3,733,18.0
0,4,733,14.0
0,0,734,16.0
0,1,734,49.0
0,2,734,28.0
0,3,734,19.0
0,4,734,44.0
0,0,735,19.0
0,1,735,22.0
0,2,735,23.0
0,3,735,39.0
0,4,735,47.0
0,0,736,33.0
0,1,736,13.0
0,2,736,28.0
0,3,736,20.0
0,4,736,24.0
0,0,737,72.0
0,1,737,12.0
0,2,737,12.0
0,3,737,22.0
0,4,737,26.0
0,0,738,28.0
0,1,738,56.0
0,2,738,28.0
0,3,738,11.0
0,4,738,17.0
0,0,739,25.0
0,1,739,26.0
0,2,739,25.0
0,3,739,13.0
0,4,739,17.0
0,0,740,30.0
0,1,740,10.0
0,2,740,9.0
0,3,740,17.0
0,4,740,12.0
0,0,741,12.0
0,1,741,41.0
0,2,741,12.0
0,3,741,14.0
0,4,741,33.0
0,0,742,15.0
0,1,742,14.0
0,2,742,12.0
0,3,742,23.0
0,4,742,38.0
0,0,743,17.0
0,1,743,44.0
0,2,743,15.0
0,3,743,38.0
0,4,743,23.0
0,0,744,46.0
0,1,744,32.0
0,2,744,24.0
0,3,744,12.0
0,4,744,33.0
0,0,745,14.0
0,1,745,34.0
0,2,745,24.0
0,3,745,16.0
0,4,745,26.0
0,0,746,13.0
0,1,746,34.0
0,2,746,29.0
0,3,746,25.0
0,4,746,13.0
0,0,747,13.0
0,1,747,47.0
0,2,747,20.0
0,3,747,29.0
0,4,747,85.0
0,0,748,24.0
0,1,748,41.0
0,2,748,12.0
0,3,748,20.0
0,4,748,19.0
0,0,749,15.0
0,1,749,10.0
0,2,749,17.0
0,3,749,19.0
0,4,749,12.0
0,0,750,22.0
0,1,750,34.0
0,2,750,30.0
0,3,750,14.0
0,4,750,54.0
0,0,751,11.0
0,1,751,21.0
0,2,751,22.0
0,3,751,17.0
0,4,751,15.0
0,0,752,17.0
0,1,752,46.0
0,2,752,26.0
0,3,752,33.0
0,4,752,29.0
0,0,753,20.0
0,1,753,18.0
0,2,753,51.0
0,3,753,17.0
0,4,753,103.0
0,0,754,20.0
0,1,754,13.0
0,2,754,22.0
0,3,754,24.0
0,4,754,30.0
0,0,755,25.0
0,1,755,19.0
0,2,755,23.0
0,3,755,15.0
0,4,755,15.0
0,0,756,32.0
0,1,756,33.0
0,2,756,17.0
0,3,756,20.0
0,4,756,27.0
0,0,757,40.0
0,1,757,84.0
0,2,757,17.0
0,3,757,32.0
0,4,757,10.0
0,0,758,28.0
0,1,758,9.0
0,2,758,19.0
0,3,758,24.0
0,4,758,14.0
0,0,759,10.0
0,1,759,35.0
0,2,759,20.0
0,3,759,36.0
0,4,759,26.0
0,0,760,16.0
0,1,760,11.0
0,2,760,41.0
0,3,760,22.0
0,4,760,34.0
0,0,761,39.0
0,1,761,56.0
0,2,761,33.0
0,3,761,12.0
0,4,761,22.0
0,0,762,55.0
0,1,762,18.0
0,2,762,11.0
0,3,762,45.0
0,4,762,15.0
0,0,763,10.0
0,1,763,11.0
0,2,763,13.0
0,3,763,17.0
0,4,763,20.0
0,0,764,34.0
0,1,764,15.0
0,2,764,22.0
0,3,764,29.0
0,4,764,29.0
0,0,765,43.0
0,1,765,14.0
0,2,765,21.0
0,3,765,20.0
0,4,765,25.0
0,0,766,13.0
0,1,766,16.0
0,2,766,32.0
0,3,766,29.0
0,4,766,17.0
0,0,767,24.0
0,1,767,30.0
0,2,767,43.0
0,3,767,22.0
0,4,767,66.0
0,0,768,32.0
0,1,768,15.0
0,2,768,30.0
0,3,768,27.0
0,4,768,31.0
0,0,769,17.0
0,1,769,43.0
0,2,769,27.0
0,3,769,22.0
0,4,769,27.0
0,0,770,52.0
0,1,770,32.0
0,2,770,15.0
0,3,770,40.0
0,4,770,17.0
0,0,771,12.0
0,1,771,24.0
0,2,771,42.0
0,3,771,16.0
0,4,771,24.0
0,0,772,14.0
0,1,772,26.0
0,2,772,26.0
0,3,772,20.0
0,4,772,27.0
0,0,773,30.0
0,1,773,12.0
0,2,773,20.0
0,3,773,39.0
0,4,773,31.0
0,0,774,35.0
0,1,774,54.0
0,2,774,21.0
0,3,774,42.0
0,4,774,19.0
0,0,775,31.0
0,1,775,49.0
0,2,775,19.0
0,3,775,13.0
0,4,775,41.0
0,0,776,54.0
0,1,776,24.0
0,2,776,14.0
0,3,776,17.0
0,4,776,25.0
0,0,777,14.0
0,1,777,30.0
0,2,777,10.0
0,3,777,22.0
0,4,777,80.0
0,0,778,33.0
0,1,778,45.0
0,2,778,17.0
0,3,778,33.0
0,4,778,20.0
0,0,779,11.0
0,1,779,10.0
0,2,779,37.0
0,3,779,21.0
0,4,779,49.0
0,0,780,33.0
0,1,780,21.0
0,2,780,31.0
0,3,780,57.0
0,4,780,20.0
0,0,781,45.0
0,1,781,15.0
0,2,781,13.0
0,3,781,33.0
0,4,781,15.0
0,0,782,37.0
0,1,782,16.0
0,2,782,17.0
0,3,782,24.0
0,4,782,12.0
0,0,783,26.0
0,1,783,25.0
0,2,783,23.0
0,3,783,58.0
0,4,783,14.0
0,0,784,15.0
0,1,784,17.0
0,2,784,14.0
0,3,784,36.0
0,4,784,10.0
0,0,785,16.0
0,1,785,11.0
0,2,785,18.0
0,3,785,45.0
0,4,785,51.0
0,0,786,14.0
0,1,786,28.0
0,2,786,40.0
0,3,786,15.0
0,4,786,36.0
0,0,787,47.0
0,1,787,56.0
0,2,787,24.0
0,3,787,32.0
0,4,787,20.0
0,0,788,19.0
0,1,788,45.0
0,2,788,103.0
0,3,788,45.0
0,4,788,30.0
0,0,789,23.0
0,1,789,34.0
0,2,789,64.0
0,3,789,15.0
0,4,789,17.0
0,0,790,22.0
0,1,790,100.0
0,2,790,25.0
0,3,790,29.0
0,4,790,16.0
0,0,791,12.0
0,1,791,32.0
0,2,791,19.0
0,3,791,11.0
0,4,791,26.0
0,0,792,24.0
0,1,792,16.0
0,2,792,16.0
0,3,792,35.0
0,4,792,35.0
0,0,793,12.0
0,1,793,16.0
0,2,793,41.0
0,3,793,29.0
0,4,793,48.0
0,0,794,38.0
0,1,794,12.0
0,2,794,25.0
0,3,794,15.0
0,4,794,36.0
0,0,795,64.0
0,1,795,37.0
0,2,795,46.0
0,3,795,152.0
0,4,795,32.0
0,0,796,12.0
0,1,796,23.0
0,2,796,23.0
0,3,796,21.0
0,4,796,44.0
0,0,797,21.0
0,1,797,47.0
0,2,797,14.0
0,3,797,22.0
0,4,797,15.0
0,0,798,25.0
0,1,798,12.0
0,2,798,20.0
0,3,798,30.0
0,4,798,15.0
0,0,799,17.0
0,1,799,23.0
0,2,799,14.0
0,3,799,17.0
0,4,799,23.0
0,0,800,32.0
0,1,800,37.0
0,2,800,31.0
0,3,800,25.0
0,4,800,16.0
0,0,801,16.0
0,1,801,18.0
0,2,801,39.0
0,3,801,14.0
0,4,801,19.0
0,0,802,40.0
0,1,802,22.0
0,2,802,50.0
0,3,802,18.0
0,4,802,17.0
0,0,803,44.0
0,1,803,13.0
0,2,803,21.0
0,3,803,45.0
0,4,803,19.0
0,0,804,21.0
0,1,804,25.0
0,2,804,26.0
0,3,804,100.0
0,4,804,15.0
0,0,805,15.0
0,1,805,15.0
0,2,805,21.0
0,3,805,71.0
0,4,805,25.0
0,0,806,14.0
0,1,806,69.0
0,2,806,29.0
0,3,806,26.0
0,4,806,19.0
0,0,807,41.0
0,1,807,17.0
0,2,807,26.0
0,3,807,24.0
0,4,807,36.0
0,0,808,13.0
0,1,808,52.0
0,2,808,40.0
0,3,808,21.0
0,4,808,12.0
0,0,809,14.0
0,1,809,26.0
0,2,809,42.0
0,3,809,31.0
0,4,809,39.0
0,0,810,37.0
0,1,810,51.0
0,2,810,19.0
0,3,810,66.0
0,4,810,36.0
0,0,811,22.0
0,1,811,32.0
0,2,811,12.0
0,3,811,43.0
0,4,811,31.0
0,0,812,14.0
0,1,812,33.0
0,2,812,11.0
0,3,812,47.0
0,4,812,24.0
0,0,813,24.0
0,1,813,18.0
0,2,813,33.0
0,3,813,29.0
0,4,813,58.0
0,0,814,32.0
0,1,814,30.0
0,2,814,18.0
0,3,814,16.0
0,4,814,84.0
0,0,815,23.0
0,1,815,39.0
0,2,815,31.0
0,3,815,22.0
0,4,815,32.0
0,0,816,20.0
0,1,816,41.0
0,2,816,19.0
0,3,816,23.0
0,4,816,27.0
0,0,817,14.0
0,1,817,27.0
0,2,817,19.0
0,3,817,62.0
0,4,817,14.0
0,0,818,27.0
0,1,818,28.0
0,2,818,22.0
0,3,818,29.0
0,4,818,38.0
0,0,819,27.0
0,1,819,69.0
0,2,819,13.0
0,3,819,38.0
0,4,819,38.0
0,0,820,32.0
0,1,820,19.0
0,2,820,34.0
0,3,820,13.0
0,4,820,76.0
0,0,821,16.0
0,1,821,20.0
0,2,821,36.0
0,3,821,36.0
0,4,821,15.0
0,0,822,20.0
0,1,822,22.0
0,2,822,20.0
0,3,822,41.0
0,4,822,24.0
0,0,823,18.0
0,1,823,31.0
0,2,823,19.0
0,3,823,31.0
0,4,823,33.0
0,0,824,45.0
0,1,824,16.0
0,2,824,46.0
0,3,824,30.0
0,4,824,21.0
0,0,825,24.0
0,1,825,27.0
0,2,825,36.0
0,3,825,19.0
0,4,825,24.0
0,0,826,15.0
0,1,826,56.0
0,2,826,24.0
0,3,826,33.0
0,4,826,15.0
0,0,827,25.0
0,1,827,27.0
0,2,827,14.0
0,3,827,45.0
0,4,827,60.0
0,0,828,19.0
0,1,828,42.0
0,2,828,16.0
0,3,828,32.0
0,4,828,22.0
0,0,829,41.0
0,1,829,157.0
0,2,829,14.0
0,3,829,38.0
0,4,829,22.0
0,0,830,41.0
0,1,830,24.0
0,2,830,24.0
0,3,830,30.0
0,4,830,28.0
0,0,831,27.0
0,1,831,14.0
0,2,831,19.0
0,3,831,42.0
0,4,831,18.0
0,0,832,29.0
0,1,832,21.0
0,2,832,57.0
0,3,832,29.0
0,4,832,19.0
0,0,833,37.0
0,1,833,17.0
0,2,833,13.0
0,3,833,12.0
0,4,833,30.0
0,0,834,21.0
0,1,834,48.0
0,2,834,17.0
0,3,834,42.0
0,4,834,32.0
0,0,835,16.0
0,1,835,64.0
0,2,835,46.0
0,3,835,34.0
0,4,835,23.0
0,0,836,27.0
0,1,836,13.0
0,2,836,16.0
0,3,836,20.0
0,4,836,15.0
0,0,837,25.0
0,1,837,75.0
0,2,837,18.0
0,3,837,23.0
0,4,837,20.0
0,0,838,35.0
0,1,838,18.0
0,2,838,47.0
0,3,838,52.0
0,4,838,16.0
0,0,839,28.0
0,1,839,21.0
0,2,839,35.0
0,3,839,29.0
0,4,839,55.0
0,0,840,13.0
0,1,840,60.0
0,2,840,12.0
0,3,840,17.0
0,4,840,43.0
0,0,841,48.0
0,1,841,45.0
0,2,841,12.0
0,3,841,53.0
0,4,841,29.0
0,0,842,12.0
0,1,842,36.0
0,2,842,18.0
0,3,842,24.0
0,4,842,140.0
0,0,843,14.0
0,1,843,21.0
0,2,843,11.0
0,3,843,25.0
0,4,843,19.0
0,0,844,38.0
0,1,844,101.0
0,2,844,49.0
0,3,844,25.0
0,4,844,11.0
0,0,845,17.0
0,1,845,20.0
0,2,845,41.0
0,3,845,20.0
0,4,845,12.0
0,0,846,57.0
0,1,846,34.0
0,2,846,12.0
0,3,846,21.0
0,4,846,97.0
0,0,847,25.0
0,1,847,14.0
0,2,847,43.0
0,3,847,28.0
0,4,847,21.0
0,0,848,19.0
0,1,848,22.0
0,2,848,15.0
0,3,848,47.0
0,4,848,53.0
0,0,849,13.0
0,1,849,17.0
0,2,849,22.0
0,3,849,22.0
0,4,849,39.0
0,0,850,59.0
0,1,850,16.0
0,2,850,27.0
0,3,850,54.0
0,4,850,27.0
0,0,851,11.0
0,1,851,27.0
0,2,851,26.0
0,3,851,53.0
0,4,851,15.0
0,0,852,42.0
0,1,852,39.0
0,2,852,34.0
0,3,852,87.0
0,4,852,39.0
0,0,853,10.0
0,1,853,13.0
0,2,853,19.0
0,3,853,30.0
0,4,853,14.0
0,0,854,11.0
0,1,854,11.0
0,2,854,23.0
0,3,854,27.0
0,4,854,35.0
0,0,855,22.0
0,1,855,26.0
0,2,855,65.0
0,3,855,42.0
0,4,855,15.0
0,0,856,27.0
0,1,856,40.0
0,2,856,26.0
0,3,856,67.0
0,4,856,12.0
0,0,857,39.0
0,1,857,46.0
0,2,857,20.0
0,3,857,30.0
0,4,857,12.0
0,0,858,11.0
0,1,858,103.0
0,2,858,24.0
0,3,858,30.0
0,4,858,18.0
0,0,859,28.0
0,1,859,64.0
0,2,859,28.0
0,3,859,49.0
0,4,859,31.0
0,0,860,50.0
0,1,860,71.0
0,2,860,29.0
0,3,860,19.0
0,4,860,29.0
0,0,861,13.0
0,1,861,51.0
0,2,861,34.0
0,3,861,65.0
0,4,861,41.0
0,0,862,20.0
0,1,862,23.0
0,2,862,37.0
0,3,862,69.0
0,4,862,44.0
0,0,863,15.0
0,1,863,28.0
0,2,863,19.0
0,3,863,34.0
0,4,863,67.0
0,0,864,21.0
0,1,864,40.0
0,2,864,42.0
0,3,864,34.0
0,4,864,24.0
0,0,865,35.0
0,1,865,16.0
0,2,865,9.0
0,3,865,46.0
0,4,865,39.0
0,0,866,12.0
0,1,866,17.0
0,2,866,14.0
0,3,866,67.0
0,4,866,30.0
0,0,867,32.0
0,1,867,19.0
0,2,867,28.0
0,3,867,41.0
0,4,867,25.0
0,0,868,54.0
0,1,868,16.0
0,2,868,40.0
0,3,868,109.0
0,4,868,10.0
0,0,869,21.0
0,1,869,22.0
0,2,869,15.0
0,3,869,11.0
0,4,869,22.0
0,0,870,27.0
0,1,870,35.0
0,2,870,41.0
0,3,870,132.0
0,4,870,66.0
0,0,871,14.0
0,1,871,34.0
0,2,871,13.0
0,3,871,31.0
0,4,871,50.0
0,0,872,26.0
0,1,872,47.0
0,2,872,25.0
0,3,872,75.0
0,4,872,26.0
0,0,873,41.0
0,1,873,31.0
0,2,873,23.0
0,3,873,34.0
0,4,873,21.0
0,0,874,17.0
0,1,874,43.0
0,2,874,71.0
0,3,874,49.0
0,4,874,21.0
0,0,875,26.0
0,1,875,12.0
0,2,875,22.0
0,3,875,16.0
0,4,875,19.0
0,0,876,13.0
0,1,876,67.0
0,2,876,15.0
0,3,876,14.0
0,4,876,25.0
0,0,877,20.0
0,1,877,33.0
0,2,877,11.0
0,3,877,94.0
0,4,877,14.0
0,0,878,36.0
0,1,878,18.0
0,2,878,34.0
0,3,878,53.0
0,4,878,23.0
0,0,879,17.0
0,1,879,37.0
0,2,879,17.0
0,3,879,35.0
0,4,879,22.0
0,0,880,63.0
0,1,880,27.0
0,2,880,16.0
0,3,880,30.0
0,4,880,45.0
0,0,881,17.0
0,1,881,21.0
0,2,881,39.0
0,3,881,43.0
0,4,881,26.0
0,0,882,20.0
0,1,882,58.0
0,2,882,10.0
0,3,882,62.0
0,4,882,28.0
0,0,883,36.0
0,1,883,26.0
0,2,883,20.0
0,3,883,64.0
0,4,883,11.0
0,0,884,23.0
0,1,884,75.0
0,2,884,20.0
0,3,884,21.0
0,4,884,43.0
0,0,885,20.0
0,1,885,40.0
0,2,885,11.0
0,3,885,40.0
0,4,885,44.0
0,0,886,47.0
0,1,886,18.0
0,2,886,26.0
0,3,886,18.0
0,4,886,31.0
0,0,887,41.0
0,1,887,40.0
0,2,887,11.0
0,3,887,54.0
0,4,887,22.0
0,0,888,30.0
0,1,888,151.0
0,2,888,47.0
0,3,888,54.0
0,4,888,29.0
0,0,889,54.0
0,1,889,40.0
0,2,889,20.0
0,3,889,33.0
0,4,889,55.0
0,0,890,15.0
0,1,890,36.0
0,2,890,80.0
0,3,890,40.0
0,4,890,25.0
0,0,891,18.0
0,1,891,54.0
0,2,891,63.0
0,3,891,36.0
0,4,891,42.0
0,0,892,37.0
0,1,892,21.0
0,2,892,10.0
0,3,892,18.0
0,4,892,25.0
0,0,893,28.0
0,1,893,24.0
0,2,893,16.0
0,3,893,23.0
0,4,893,27.0
0,0,894,21.0
0,1,894,56.0
0,2,894,39.0
0,3,894,25.0
0,4,894,53.0
0,0,895,44.0
0,1,895,35.0
0,2,895,46.0
0,3,895,31.0
0,4,895,35.0
0,0,896,53.0
0,1,896,10.0
0,2,896,23.0
0,3,896,49.0
0,4,896,34.0
0,0,897,25.0
0,1,897,23.0
0,2,897,12.0
0,3,897,76.0
0,4,897,38.0
0,0,898,19.0
0,1,898,13.0
0,2,898,14.0
0,3,898,73.0
0,4,898,45.0
0,0,899,25.0
0,1,899,33.0
0,2,899,84.0
0,3,899,54.0
0,4,899,30.0
0,0,900,54.0
0,1,900,117.0
0,2,900,37.0
0,3,900,22.0
0,4,900,29.0
0,0,901,18.0
0,1,901,14.0
0,2,901,35.0
0,3,901,90.0
0,4,901,26.0
0,0,902,11.0
0,1,902,23.0
0,2,902,16.0
0,3,902,39.0
0,4,902,50.0
0,0,903,51.0
0,1,903,43.0
0,2,903,16.0
0,3,903,43.0
0,4,903,24.0
0,0,904,16.0
0,1,904,83.0
0,2,904,30.0
0,3,904,54.0
0,4,904,19.0
0,0,905,27.0
0,1,905,51.0
0,2,905,24.0
0,3,905,40.0
0,4,905,61.0
0,0,906,74.0
0,1,906,19.0
0,2,906,44.0
0,3,906,27.0
0,4,906,89.0
0,0,907,16.0
0,1,907,104.0
0,2,907,18.0
0,3,907,49.0
0,4,907,31.0
0,0,908,52.0
0,1,908,55.0
0,2,908,12.0
0,3,908,24.0
0,4,908,14.0
0,0,909,24.0
0,1,909,101.0
0,2,909,32.0
0,3,909,39.0
0,4,909,37.0
0,0,910,30.0
0,1,910,19.0
0,2,910,44.0
0,3,910,57.0
0,4,910,38.0
0,0,911,32.0
0,1,911,41.0
0,2,911,46.0
0,3,911,20.0
0,4,911,54.0
0,0,912,22.0
0,1,912,34.0
0,2,912,37.0
0,3,912,42.0
0,4,912,42.0
0,0,913,15.0
0,1,913,37.0
0,2,913,15.0
0,3,913,37.0
0,4,913,17.0
0,0,914,21.0
0,1,914,48.0
0,2,914,31.0
0,3,914,32.0
0,4,914,33.0
0,0,915,17.0
0,1,915,31.0
0,2,915,28.0
0,3,915,61.0
0,4,915,43.0
0,0,916,27.0
0,1,916,52.0
0,2,916,56.0
0,3,916,20.0
0,4,916,31.0
0,0,917,43.0
0,1,917,21.0
0,2,917,20.0
0,3,917,26.0
0,4,917,34.0
0,0,918,57.0
0,1,918,34.0
0,2,918,54.0
0,3,918,13.0
0,4,918,31.0
0,0,919,16.0
0,1,919,36.0
0,2,919,27.0
0,3,919,97.0
0,4,919,57.0
0,0,920,60.0
0,1,920,41.0
0,2,920,31.0
0,3,920,143.0
0,4,920,11.0
0,0,921,17.0
0,1,921,17.0
0,2,921,25.0
0,3,921,22.0
0,4,921,17.0
0,0,922,18.0
0,1,922,27.0
0,2,922,49.0
0,3,922,82.0
0,4,922,28.0
0,0,923,32.0
0,1,923,30.0
0,2,923,18.0
0,3,923,22.0
0,4,923,49.0
0,0,924,16.0
0,1,924,61.0
0,2,924,24.0
0,3,924,53.0
0,4,924,17.0
0,0,925,19.0
0,1,925,16.0
0,2,925,33.0
0,3,925,21.0
0,4,925,40.0
0,0,926,13.0
0,1,926,71.0
0,2,926,25.0
0,3,926,20.0
0,4,926,51.0
0,0,927,19.0
0,1,927,34.0
0,2,927,76.0
0,3,927,74.0
0,4,927,53.0
0,0,928,14.0
0,1,928,42.0
0,2,928,18.0
0,3,928,37.0
0,4,928,25.0
0,0,929,30.0
0,1,929,34.0
0,2,929,11.0
0,3,929,49.0
0,4,929,45.0
0,0,930,17.0
0,1,930,21.0
0,2,930,15.0
0,3,930,62.0
0,4,930,23.0
0,0,931,68.0
0,1,931,49.0
0,2,931,22.0
0,3,931,49.0
0,4,931,16.0
0,0,932,16.0
0,1,932,66.0
0,2,932,20.0
0,3,932,50.0
0,4,932,31.0
0,0,933,33.0
0,1,933,11.0
0,2,933,16.0
0,3,933,30.0
0,4,933,16.0
0,0,934,18.0
0,1,934,20.0
0,2,934,20.0
0,3,934,23.0
0,4,934,28.0
0,0,935,73.0
0,1,935,50.0
0,2,935,37.0
0,3,935,61.0
0,4,935,52.0
0,0,936,31.0
0,1,936,72.0
0,2,936,60.0
0,3,936,102.0
0,4,936,22.0
0,0,937,36.0
0,1,937,16.0
0,2,937,41.0
0,3,937,48.0
0,4,937,54.0
0,0,938,115.0
0,1,938,18.0
0,2,938,17.0
0,3,938,48.0
0,4,938,61.0
0,0,939,13.0
0,1,939,45.0
0,2,939,58.0
0,3,939,31.0
0,4,939,51.0
0,0,940,22.0
0,1,940,17.0
0,2,940,16.0
0,3,940,34.0
0,4,940,41.0
0,0,941,24.0
0,1,941,45.0
0,2,941,41.0
0,3,941,30.0
0,4,941,37.0
0,0,942,16.0
0,1,942,111.0
0,2,942,38.0
0,3,942,38.0
0,4,942,76.0
0,0,943,21.0
0,1,943,21.0
0,2,943,37.0
0,3,943,75.0
0,4,943,35.0
0,0,944,27.0
0,1,944,14.0
0,2,944,32.0
0,3,944,32.0
0,4,944,35.0
0,0,945,26.0
0,1,945,60.0
0,2,945,32.0
0,3,945,42.0
0,4,945,41.0
0,0,946,29.0
0,1,946,38.0
0,2,946,30.0
0,3,946,31.0
0,4,946,58.0
0,0,947,27.0
0,1,947,60.0
0,2,947,22.0
0,3,947,25.0
0,4,947,34.0
0,0,948,88.0
0,1,948,31.0
0,2,948,40.0
0,3,948,47.0
0,4,948,33.0
0,0,949,47.0
0,1,949,41.0
0,2,949,15.0
0,3,949,27.0
0,4,949,28.0
0,0,950,24.0
0,1,950,27.0
0,2,950,38.0
0,3,950,103.0
0,4,950,47.0
0,0,951,24.0
0,1,951,27.0
0,2,951,34.0
0,3,951,29.0
0,4,951,52.0
0,0,952,39.0
0,1,952,141.0
0,2,952,39.0
0,3,952,43.0
0,4,952,38.0
0,0,953,15.0
0,1,953,58.0
0,2,953,20.0
0,3,953,43.0
0,4,953,23.0
0,0,954,18.0
0,1,954,32.0
0,2,954,64.0
0,3,954,25.0
0,4,954,93.0
0,0,955,16.0
0,1,955,124.0
0,2,955,19.0
0,3,955,89.0
0,4,955,34.0
0,0,956,17.0
0,1,956,19.0
0,2,956,20.0
0,3,956,104.0
0,4,956,99.0
0,0,957,37.0
0,1,957,52.0
0,2,957,28.0
0,3,957,48.0
0,4,957,99.0
0,0,958,44.0
0,1,958,23.0
0,2,958,61.0
0,3,958,19.0
0,4,958,66.0
0,0,959,39.0
0,1,959,46.0
0,2,959,20.0
0,3,959,46.0
0,4,959,40.0
0,0,960,23.0
0,1,960,42.0
0,2,960,27.0
0,3,960,26.0
0,4,960,34.0
0,0,961,45.0
0,1,961,26.0
0,2,961,43.0
0,3,961,34.0
0,4,961,38.0
0,0,962,26.0
0,1,962,37.0
0,2,962,42.0
0,3,962,94.0
0,4,962,87.0
0,0,963,16.0
0,1,963,71.0
0,2,963,21.0
0,3,963,73.0
0,4,963,17.0
0,0,964,17.0
0,1,964,53.0
0,2,964,29.0
0,3,964,46.0
0,4,964,23.0
0,0,965,24.0
0,1,965,20.0
0,2,965,14.0
0,3,965,47.0
0,4,965,53.0
0,0,966,32.0
0,1,966,135.0
0,2,966,25.0
0,3,966,24.0
0,4,966,22.0
0,0,967,68.0
0,1,967,25.0
0,2,967,18.0
0,3,967,29.0
0,4,967,29.0
0,0,968,55.0
0,1,968,75.0
0,2,968,59.0
0,3,968,78.0
0,4,968,40.0
0,0,969,36.0
0,1,969,56.0
0,2,969,31.0
0,3,969,78.0
0,4,969,22.0
0,0,970,31.0
0,1,970,58.0
0,2,970,34.0
0,3,970,25.0
0,4,970,24.0
0,0,971,55.0
0,1,971,18.0
0,2,971,34.0
0,3,971,22.0
0,4,971,32.0
0,0,972,15.0
0,1,972,30.0
0,2,972,25.0
0,3,972,41.0
0,4,972,50.0
0,0,973,24.0
0,1,973,40.0
0,2,973,26.0
0,3,973,58.0
0,4,973,32.0
0,0,974,24.0
0,1,974,37.0
0,2,974,44.0
0,3,974,52.0
0,4,974,30.0
0,0,975,47.0
0,1,975,45.0
0,2,975,53.0
0,3,975,29.0
0,4,975,27.0
0,0,976,15.0
0,1,976,72.0
0,2,976,22.0
0,3,976,22.0
0,4,976,19.0
0,0,977,26.0
0,1,977,76.0
0,2,977,131.0
0,3,977,35.0
0,4,977,36.0
0,0,978,29.0
0,1,978,31.0
0,2,978,76.0
0,3,978,25.0
0,4,978,24.0
0,0,979,18.0
0,1,979,43.0
0,2,979,12.0
0,3,979,68.0
0,4,979,16.0
0,0,980,48.0
0,1,980,30.0
0,2,980,46.0
0,3,980,27.0
0,4,980,97.0
0,0,981,18.0
0,1,981,60.0
0,2,981,43.0
0,3,981,45.0
0,4,981,85.0
0,0,982,40.0
0,1,982,18.0
0,2,982,23.0
0,3,982,70.0
0,4,982,43.0
0,0,983,31.0
0,1,983,18.0
0,2,983,20.0
0,3,983,30.0
0,4,983,18.0
0,0,984,44.0
0,1,984,46.0
0,2,984,60.0
0,3,984,52.0
0,4,984,29.0
0,0,985,62.0
0,1,985,48.0
0,2,985,45.0
0,3,985,23.0
0,4,985,20.0
0,0,986,24.0
0,1,986,95.0
0,2,986,46.0
0,3,986,143.0
0,4,986,20.0
0,0,987,71.0
0,1,987,24.0
0,2,987,61.0
0,3,987,57.0
0,4,987,53.0
0,0,988,32.0
0,1,988,56.0
0,2,988,18.0
0,3,988,36.0
0,4,988,30.0
0,0,989,20.0
0,1,989,26.0
0,2,989,28.0
0,3,989,80.0
0,4,989,48.0
0,0,990,12.0
0,1,990,59.0
0,2,990,39.0
0,3,990,66.0
0,4,990,72.0
0,0,991,50.0
0,1,991,49.0
0,2,991,38.0
0,3,991,93.0
0,4,991,38.0
0,0,992,41.0
0,1,992,26.0
0,2,992,43.0
0,3,992,37.0
0,4,992,30.0
0,0,993,17.0
0,1,993,19.0
0,2,993,37.0
0,3,993,29.0
0,4,993,46.0
0,0,994,28.0
0,1,994,16.0
0,2,994,29.0
0,3,994,38.0
0,4,994,16.0
0,0,995,10.0
0,1,995,31.0
0,2,995,29.0
0,3,995,32.0
0,4,995,33.0
0,0,996,61.0
0,1,996,30.0
0,2,996,42.0
0,3,996,30.0
0,4,996,48.0
0,0,997,20.0
0,1,997,23.0
0,2,997,50.0
0,3,997,25.0
0,4,997,191.0
0,0,998,34.0
0,1,998,28.0
0,2,998,39.0
0,3,998,65.0
0,4,998,84.0
0,0,999,55.0
0,1,999,20.0
0,2,999,51.0
0,3,999,44.0
0,4,999,39.0
0,0,1000,77.0
0,1,1000,41.0
0,2,1000,18.0
0,3,1000,12.0
0,4,1000,82.0
0,0,1001,37.0
0,1,1001,36.0
0,2,1001,91.0
0,3,1001,55.0
0,4,1001,59.0
0,0,1002,33.0
0,1,1002,32.0
0,2,1002,34.0
0,3,1002,43.0
0,4,1002,49.0
0,0,1003,30.0
0,1,1003,36.0
0,2,1003,28.0
0,3,1003,44.0
0,4,1003,25.0
0,0,1004,83.0
0,1,1004,27.0
0,2,1004,23.0
0,3,1004,26.0
0,4,1004,65.0
0,0,1005,70.0
0,1,1005,33.0
0,2,1005,15.0
0,3,1005,38.0
0,4,1005,34.0
0,0,1006,54.0
0,1,1006,23.0
0,2,1006,29.0
0,3,1006,59.0
0,4,1006,18.0
0,0,1007,12.0
0,1,1007,65.0
0,2,1007,26.0
0,3,1007,54.0
0,4,1007,45.0
0,0,1008,30.0
0,1,1008,42.0
0,2,1008,39.0
0,3,1008,75.0
0,4,1008,45.0
0,0,1009,16.0
0,1,1009,22.0
0,2,1009,39.0
0,3,1009,53.0
0,4,1009,88.0
0,0,1010,23.0
0,1,1010,48.0
0,2,1010,25.0
0,3,1010,27.0
0,4,1010,30.0
0,0,1011,70.0
0,1,1011,42.0
0,2,1011,55.0
0,3,1011,100.0
0,4,1011,75.0
0,0,1012,14.0
0,1,1012,46.0
0,2,1012,90.0
0,3,1012,35.0
0,4,1012,27.0
0,0,1013,26.0
0,1,1013,78.0
0,2,1013,38.0
0,3,1013,25.0
0,4,1013,20.0
0,0,1014,21.0
0,1,1014,78.0
0,2,1014,24.0
0,3,1014,48.0
0,4,1014,38.0
0,0,1015,15.0
0,1,1015,21.0
0,2,1015,24.0
0,3,1015,71.0
0,4,1015,22.0
0,0,1016,28.0
0,1,1016,45.0
0,2,1016,22.0
0,3,1016,56.0
0,4,1016,80.0
0,0,1017,12.0
0,1,1017,10.0
0,2,1017,15.0
0,3,1017,102.0
0,4,1017,61.0
0,0,1018,59.0
0,1,1018,68.0
0,2,1018,26.0
0,3,1018,73.0
0,4,1018,74.0
0,0,1019,32.0
0,1,1019,55.0
0,2,1019,97.0
0,3,1019,39.0
0,4,1019,30.0
0,0,1020,74.0
0,1,1020,47.0
0,2,1020,25.0
0,3,1020,137.0
0,4,1020,37.0
0,0,1021,19.0
0,1,1021,27.0
0,2,1021,29.0
0,3,1021,46.0
0,4,1021,84.0
0,0,1022,27.0
0,1,1022,40.0
0,2,1022,80.0
0,3,1022,125.0
0,4,1022,40.0
0,0,1023,38.0
0,1,1023,25.0
0,2,1023,27.0
0,3,1023,27.0
0,4,1023,75.0
0,0,1024,39.0
0,1,1024,33.0
0,2,1024,115.0
0,3,1024,24.0
0,4,1024,84.0
0,0,1025,51.0
0,1,1025,24.0
0,2,1025,27.0
0,3,1025,27.0
0,4,1025,57.0
0,0,1026,21.0
0,1,1026,31.0
0,2,1026,34.0
0,3,1026,72.0
0,4,1026,37.0
0,0,1027,28.0
0,1,1027,35.0
0,2,1027,54.0
0,3,1027,83.0
0,4,1027,30.0
0,0,1028,41.0
0,1,1028,48.0
0,2,1028,37.0
0,3,1028,16.0
0,4,1028,66.0
0,0,1029,46.0
0,1,1029,28.0
0,2,1029,27.0
0,3,1029,72.0
0,4,1029,39.0
0,0,1030,26.0
0,1,1030,59.0
0,2,1030,38.0
0,3,1030,15.0
0,4,1030,104.0
0,0,1031,88.0
0,1,1031,21.0
0,2,1031,25.0
0,3,1031,172.0
0,4,1031,39.0
0,0,1032,93.0
0,1,1032,33.0
0,2,1032,30.0
0,3,1032,38.0
0,4,1032,36.0
0,0,1033,52.0
0,1,1033,15.0
0,2,1033,74.0
0,3,1033,52.0
0,4,1033,30.0
0,0,1034,23.0
0,1,1034,35.0
0,2,1034,31.0
0,3,1034,108.0
0,4,1034,24.0
0,0,1035,28.0
0,1,1035,51.0
0,2,1035,29.0
0,3,1035,91.0
0,4,1035,28.0
0,0,1036,74.0
0,1,1036,24.0
0,2,1036,50.0
0,3,1036,22.0
0,4,1036,30.0
0,0,1037,16.0
0,1,1037,32.0
0,2,1037,24.0
0,3,1037,82.0
0,4,1037,67.0
0,0,1038,16.0
0,1,1038,41.0
0,2,1038,73.0
0,3,1038,37.0
0,4,1038,37.0
0,0,1039,95.0
0,1,1039,31.0
0,2,1039,51.0
0,3,1039,18.0
0,4,1039,24.0
0,0,1040,29.0
0,1,1040,175.0
0,2,1040,47.0
0,3,1040,65.0
0,4,1040,33.0
0,0,1041,14.0
0,1,1041,64.0
0,2,1041,25.0
0,3,1041,87.0
0,4,1041,22.0
0,0,1042,95.0
0,1,1042,105.0
0,2,1042,102.0
0,3,1042,13.0
0,4,1042,29.0
0,0,1043,25.0
0,1,1043,43.0
0,2,1043,24.0
0,3,1043,29.0
0,4,1043,56.0
0,0,1044,50.0
0,1,1044,67.0
0,2,1044,107.0
0,3,1044,33.0
0,4,1044,141.0
0,0,1045,93.0
0,1,1045,29.0
0,2,1045,22.0
0,3,1045,67.0
0,4,1045,48.0
0,0,1046,50.0
0,1,1046,28.0
0,2,1046,71.0
0,3,1046,84.0
0,4,1046,83.0
0,0,1047,96.0
0,1,1047,58.0
0,2,1047,47.0
0,3,1047,32.0
0,4,1047,62.0
0,0,1048,26.0
0,1,1048,92.0
0,2,1048,29.0
0,3,1048,19.0
0,4,1048,46.0
0,0,1049,18.0
0,1,1049,17.0
0,2,1049,45.0
0,3,1049,186.0
0,4,1049,72.0
0,0,1050,34.0
0,1,1050,23.0
0,2,1050,47.0
0,3,1050,34.0
0,4,1050,28.0
0,0,1051,12.0
0,1,1051,55.0
0,2,1051,40.0
0,3,1051,130.0
0,4,1051,21.0
0,0,1052,32.0
0,1,1052,28.0
0,2,1052,79.0
0,3,1052,28.0
0,4,1052,57.0
0,0,1053,99.0
0,1,1053,15.0
0,2,1053,83.0
0,3,1053,43.0
0,4,1053,36.0
0,0,1054,44.0
0,1,1054,40.0
0,2,1054,20.0
0,3,1054,44.0
0,4,1054,128.0
0,0,1055,115.0
0,1,1055,57.0
0,2,1055,41.0
0,3,1055,41.0
0,4,1055,33.0
0,0,1056,59.0
0,1,1056,30.0
0,2,1056,33.0
0,3,1056,38.0
0,4,1056,40.0
0,0,1057,16.0
0,1,1057,69.0
0,2,1057,20.0
0,3,1057,127.0
0,4,1057,38.0
0,0,1058,71.0
0,1,1058,42.0
0,2,1058,53.0
0,3,1058,41.0
0,4,1058,69.0
0,0,1059,49.0
0,1,1059,39.0
0,2,1059,42.0
0,3,1059,104.0
0,4,1059,45.0
0,0,1060,33.0
0,1,1060,25.0
0,2,1060,36.0
0,3,1060,31.0
0,4,1060,39.0
0,0,1061,34.0
0,1,1061,86.0
0,2,1061,16.0
0,3,1061,20.0
0,4,1061,14.0
0,0,1062,76.0
0,1,1062,39.0
0,2,1062,34.0
0,3,1062,22.0
0,4,1062,40.0
0,0,1063,12.0
0,1,1063,85.0
0,2,1063,16.0
0,3,1063,40.0
0,4,1063,32.0
0,0,1064,59.0
0,1,1064,38.0
0,2,1064,29.0
0,3,1064,80.0
0,4,1064,139.0
0,0,1065,31.0
0,1,1065,14.0
0,2,1065,25.0
0,3,1065,73.0
0,4,1065,61.0
0,0,1066,31.0
0,1,1066,50.0
0,2,1066,44.0
0,3,1066,45.0
0,4,1066,62.0
0,0,1067,92.0
0,1,1067,22.0
0,2,1067,34.0
0,3,1067,45.0
0,4,1067,115.0
0,0,1068,33.0
0,1,1068,66.0
0,2,1068,30.0
0,3,1068,27.0
0,4,1068,37.0
0,0,1069,27.0
0,1,1069,26.0
0,2,1069,26.0
0,3,1069,82.0
0,4,1069,36.0
0,0,1070,33.0
0,1,1070,85.0
0,2,1070,21.0
0,3,1070,22.0
0,4,1070,78.0
0,0,1071,22.0
0,1,1071,21.0
0,2,1071,24.0
0,3,1071,25.0
0,4,1071,29.0
0,0,1072,28.0
0,1,1072,26.0
0,2,1072,14.0
0,3,1072,20.0
0,4,1072,125.0
0,0,1073,40.0
0,1,1073,25.0
0,2,1073,15.0
0,3,1073,45.0
0,4,1073,48.0
0,0,1074,50.0
0,1,1074,91.0
0,2,1074,29.0
0,3,1074,100.0
0,4,1074,79.0
0,0,1075,27.0
0,1,1075,27.0
0,2,1075,13.0
0,3,1075,44.0
0,4,1075,105.0
0,0,1076,50.0
0,1,1076,85.0
0,2,1076,60.0
0,3,1076,63.0
0,4,1076,87.0
0,0,1077,81.0
0,1,1077,75.0
0,2,1077,25.0
0,3,1077,84.0
0,4,1077,33.0
0,0,1078,85.0
0,1,1078,32.0
0,2,1078,28.0
0,3,1078,114.0
0,4,1078,72.0
0,0,1079,54.0
0,1,1079,20.0
0,2,1079,147.0
0,3,1079,137.0
0,4,1079,53.0
0,0,1080,132.0
0,1,1080,48.0
0,2,1080,50.0
0,3,1080,29.0
0,4,1080,24.0
0,0,1081,32.0
0,1,1081,32.0
0,2,1081,51.0
0,3,1081,36.0
0,4,1081,40.0
0,0,1082,32.0
0,1,1082,30.0
0,2,1082,54.0
0,3,1082,116.0
0,4,1082,29.0
0,0,1083,158.0
0,1,1083,19.0
0,2,1083,28.0
0,3,1083,57.0
0,4,1083,25.0
0,0,1084,53.0
0,1,1084,19.0
0,2,1084,54.0
0,3,1084,64.0
0,4,1084,26.0
0,0,1085,40.0
0,1,1085,40.0
0,2,1085,70.0
0,3,1085,100.0
0,4,1085,33.0
0,0,1086,105.0
0,1,1086,34.0
0,2,1086,45.0
0,3,1086,32.0
0,4,1086,35.0
0,0,1087,36.0
0,1,1087,51.0
0,2,1087,81.0
0,3,1087,108.0
0,4,1087,45.0
0,0,1088,75.0
0,1,1088,39.0
0,2,1088,36.0
0,3,1088,159.0
0,4,1088,100.0
0,0,1089,21.0
0,1,1089,93.0
0,2,1089,31.0
0,3,1089,54.0
0,4,1089,39.0
0,0,1090,80.0
0,1,1090,111.0
0,2,1090,24.0
0,3,1090,53.0
0,4,1090,90.0
0,0,1091,96.0
0,1,1091,37.0
0,2,1091,56.0
0,3,1091,19.0
0,4,1091,30.0
0,0,1092,28.0
0,1,1092,38.0
0,2,1092,89.0
0,3,1092,43.0
0,4,1092,82.0
0,0,1093,73.0
0,1,1093,83.0
0,2,1093,39.0
0,3,1093,47.0
0,4,1093,78.0
0,0,1094,50.0
0,1,1094,56.0
0,2,1094,36.0
0,3,1094,22.0
0,4,1094,61.0
0,0,1095,82.0
0,1,1095,97.0
0,2,1095,65.0
0,3,1095,61.0
0,4,1095,38.0
0,0,1096,13.0
0,1,1096,46.0
0,2,1096,74.0
0,3,1096,29.0
0,4,1096,172.0
0,0,1097,119.0
0,1,1097,60.0
0,2,1097,101.0
0,3,1097,77.0
0,4,1097,80.0
0,0,1098,89.0
0,1,1098,69.0
0,2,1098,118.0
0,3,1098,124.0
0,4,1098,118.0
0,0,1099,26.0
0,1,1099,49.0
0,2,1099,46.0
0,3,1099,124.0
0,4,1099,58.0
0,0,1100,28.0
0,1,1100,32.0
0,2,1100,39.0
0,3,1100,168.0
0,4,1100,30.0
0,0,1101,26.0
0,1,1101,25.0
0,2,1101,57.0
0,3,1101,85.0
0,4,1101,45.0
0,0,1102,110.0
0,1,1102,75.0
0,2,1102,44.0
0,3,1102,148.0
0,4,1102,135.0
0,0,1103,152.0
0,1,1103,29.0
0,2,1103,60.0
0,3,1103,45.0
0,4,1103,115.0
0,0,1104,99.0
0,1,1104,32.0
0,2,1104,37.0
0,3,1104,48.0
0,4,1104,34.0
0,0,1105,190.0
0,1,1105,70.0
0,2,1105,35.0
0,3,1105,51.0
0,4,1105,100.0
0,0,1106,46.0
0,1,1106,24.0
0,2,1106,54.0
0,3,1106,149.0
0,4,1106,56.0
0,0,1107,47.0
0,1,1107,83.0
0,2,1107,61.0
0,3,1107,40.0
0,4,1107,97.0
0,0,1108,36.0
0,1,1108,48.0
0,2,1108,43.0
0,3,1108,122.0
0,4,1108,70.0
0,0,1109,36.0
0,1,1109,52.0
0,2,1109,41.0
0,3,1109,61.0
0,4,1109,94.0
0,0,1110,33.0
0,1,1110,51.0
0,2,1110,29.0
0,3,1110,129.0
0,4,1110,102.0
0,0,1111,20.0
0,1,1111,38.0
0,2,1111,48.0
0,3,1111,116.0
0,4,1111,118.0
0,0,1112,46.0
0,1,1112,62.0
0,2,1112,35.0
0,3,1112,29.0
0,4,1112,16.0
0,0,1113,103.0
0,1,1113,51.0
0,2,1113,29.0
0,3,1113,35.0
0,4,1113,122.0
0,0,1114,183.0
0,1,1114,41.0
0,2,1114,47.0
0,3,1114,102.0
0,4,1114,62.0
0,0,1115,121.0
0,1,1115,33.0
0,2,1115,72.0
0,3,1115,102.0
0,4,1115,55.0
0,0,1116,36.0
0,1,1116,17.0
0,2,1116,32.0
0,3,1116,32.0
0,4,1116,125.0
0,0,1117,90.0
0,1,1117,69.0
0,2,1117,58.0
0,3,1117,153.0
0,4,1117,39.0
0,0,1118,27.0
0,1,1118,54.0
0,2,1118,59.0
0,3,1118,44.0
0,4,1118,59.0
0,0,1119,46.0
0,1,1119,31.0
0,2,1119,38.0
0,3,1119,167.0
0,4,1119,47.0
0,0,1120,76.0
0,1,1120,77.0
0,2,1120,77.0
0,3,1120,107.0
0,4,1120,73.0
0,0,1121,40.0
0,1,1121,59.0
0,2,1121,110.0
0,3,1121,52.0
0,4,1121,88.0
0,0,1122,187.0
0,1,1122,34.0
0,2,1122,125.0
0,3,1122,215.0
0,4,1122,193.0
0,0,1123,111.0
0,1,1123,33.0
0,2,1123,58.0
0,3,1123,222.0
0,4,1123,71.0
0,0,1124,117.0
0,1,1124,48.0
0,2,1124,41.0
0,3,1124,127.0
0,4,1124,77.0
0,0,1125,138.0
0,1,1125,60.0
0,2,1125,49.0
0,3,1125,27.0
0,4,1125,165.0
0,0,1126,124.0
0,1,1126,99.0
0,2,1126,62.0
0,3,1126,23.0
0,4,1126,182.0
0,0,1127,82.0
0,1,1127,65.0
0,2,1127,16.0
0,3,1127,59.0
0,4,1127,32.0
0,0,1128,44.0
0,1,1128,26.0
0,2,1128,139.0
0,3,1128,243.0
0,4,1128,128.0
0,0,1129,189.0
0,1,1129,24.0
0,2,1129,20.0
0,3,1129,255.0
0,4,1129,45.0
0,0,1130,62.0
0,1,1130,68.0
0,2,1130,68.0
0,3,1130,58.0
0,4,1130,130.0
0,0,1131,107.0
0,1,1131,75.0
0,2,1131,63.0
0,3,1131,149.0
0,4,1131,25.0
0,0,1132,80.0
0,1,1132,83.0
0,2,1132,21.0
0,3,1132,100.0
0,4,1132,20.0
0,0,1133,54.0
0,1,1133,40.0
0,2,1133,154.0
0,3,1133,122.0
0,4,1133,132.0
0,0,1134,169.0
0,1,1134,30.0
0,2,1134,67.0
0,3,1134,140.0
0,4,1134,213.0
0,0,1135,112.0
0,1,1135,60.0
0,2,1135,37.0
0,3,1135,135.0
0,4,1135,290.0
0,0,1136,201.0
0,1,1136,60.0
0,2,1136,19.0
0,3,1136,94.0
0,4,1136,29.0
0,0,1137,126.0
0,1,1137,42.0
0,2,1137,56.0
0,3,1137,79.0
0,4,1137,51.0
0,0,1138,87.0
0,1,1138,80.0
0,2,1138,121.0
0,3,1138,102.0
0,4,1138,210.0
0,0,1139,54.0
0,1,1139,24.0
0,2,1139,46.0
0,3,1139,105.0
0,4,1139,99.0
0,0,1140,42.0
0,1,1140,120.0
0,2,1140,57.0
0,3,1140,61.0
0,4,1140,96.0
0,0,1141,109.0
0,1,1141,23.0
0,2,1141,100.0
0,3,1141,56.0
0,4,1141,198.0
0,0,1142,33.0
0,1,1142,22.0
0,2,1142,66.0
0,3,1142,257.0
0,4,1142,104.0
0,0,1143,120.0
0,1,1143,36.0
0,2,1143,51.0
0,3,1143,191.0
0,4,1143,239.0
0,0,1144,128.0
0,1,1144,114.0
0,2,1144,99.0
0,3,1144,122.0
0,4,1144,105.0
0,0,1145,148.0
0,1,1145,90.0
0,2,1145,22.0
0,3,1145,65.0
0,4,1145,184.0
0,0,1146,73.0
0,1,1146,35.0
0,2,1146,69.0
0,3,1146,461.0
0,4,1146,80.0
0,0,1147,84.0
0,1,1147,81.0
0,2,1147,49.0
0,3,1147,212.0
0,4,1147,110.0
0,0,1148,88.0
0,1,1148,50.0
0,2,1148,70.0
0,3,1148,129.0
0,4,1148,56.0
0,0,1149,211.0
0,1,1149,51.0
0,2,1149,28.0
0,3,1149,87.0
0,4,1149,159.0
0,0,1150,77.0
0,1,1150,78.0
0,2,1150,79.0
0,3,1150,228.0
0,4,1150,91.0
0,0,1151,106.0
0,1,1151,46.0
0,2,1151,61.0
0,3,1151,186.0
0,4,1151,184.0
0,0,1152,112.0
0,1,1152,59.0
0,2,1152,28.0
0,3,1152,121.0
0,4,1152,106.0
0,0,1153,91.0
0,1,1153,56.0
0,2,1153,70.0
0,3,1153,171.0
0,4,1153,119.0
0,0,1154,165.0
0,1,1154,193.0
0,2,1154,67.0
0,3,1154,140.0
0,4,1154,190.0
0,0,1155,146.0
0,1,1155,41.0
0,2,1155,36.0
0,3,1155,76.0
0,4,1155,102.0
0,0,1156,151.0
0,1,1156,39.0
0,2,1156,33.0
0,3,1156,288.0
0,4,1156,92.0
0,0,1157,156.0
0,1,1157,96.0
0,2,1157,56.0
0,3,1157,215.0
0,4,1157,201.0
0,0,1158,88.0
0,1,1158,85.0
0,2,1158,56.0
0,3,1158,118.0
0,4,1158,60.0
0,0,1159,29.0
0,1,1159,66.0
0,2,1159,22.0
0,3,1159,70.0
0,4,1159,156.0
0,0,1160,118.0
0,1,1160,46.0
0,2,1160,126.0
0,3,1160,139.0
0,4,1160,224.0
0,0,1161,128.0
0,1,1161,158.0
0,2,1161,25.0
0,3,1161,148.0
0,4,1161,75.0
0,0,1162,208.0
0,1,1162,72.0
0,2,1162,149.0
0,3,1162,348.0
0,4,1162,77.0
0,0,1163,124.0
0,1,1163,43.0
0,2,1163,39.0
0,3,1163,95.0
0,4,1163,93.0
0,0,1164,26.0
0,1,1164,36.0
0,2,1164,34.0
0,3,1164,403.0
0,4,1164,78.0
0,0,1165,189.0
0,1,1165,49.0
0,2,1165,79.0
0,3,1165,165.0
0,4,1165,108.0
0,0,1166,261.0
0,1,1166,58.0
0,2,1166,53.0
0,3,1166,337.0
0,4,1166,68.0
0,0,1167,35.0
0,1,1167,164.0
0,2,1167,177.0
0,3,1167,41.0
0,4,1167,75.0
0,0,1168,122.0
0,1,1168,139.0
0,2,1168,67.0
0,3,1168,92.0
0,4,1168,125.0
0,0,1169,162.0
0,1,1169,37.0
0,2,1169,49.0
0,3,1169,93.0
0,4,1169,101.0
0,0,1170,154.0
0,1,1170,81.0
0,2,1170,54.0
0,3,1170,199.0
0,4,1170,94.0
0,0,1171,121.0
0,1,1171,76.0
0,2,1171,53.0
0,3,1171,209.0
0,4,1171,107.0
0,0,1172,227.0
0,1,1172,124.0
0,2,1172,40.0
0,3,1172,194.0
0,4,1172,203.0
0,0,1173,226.0
0,1,1173,105.0
0,2,1173,93.0
0,3,1173,243.0
0,4,1173,95.0
0,0,1174,227.0
0,1,1174,54.0
0,2,1174,37.0
0,3,1174,322.0
0,4,1174,136.0
0,0,1175,99.0
0,1,1175,39.0
0,2,1175,31.0
0,3,1175,257.0
0,4,1175,155.0
0,0,1176,125.0
0,1,1176,75.0
0,2,1176,26.0
0,3,1176,254.0
0,4,1176,268.0
0,0,1177,176.0
0,1,1177,46.0
0,2,1177,23.0
0,3,1177,73.0
0,4,1177,52.0
0,0,1178,21.0
0,1,1178,94.0
0,2,1178,93.0
0,3,1178,215.0
0,4,1178,37.0
0,0,1179,216.0
0,1,1179,75.0
0,2,1179,113.0
0,3,1179,142.0
0,4,1179,48.0
0,0,1180,45.0
0,1,1180,35.0
0,2,1180,25.0
0,3,1180,134.0
0,4,1180,274.0
0,0,1181,179.0
0,1,1181,205.0
0,2,1181,151.0
0,3,1181,236.0
0,4,1181,214.0
0,0,1182,70.0
0,1,1182,128.0
0,2,1182,87.0
0,3,1182,195.0
0,4,1182,326.0
0,0,1183,106.0
0,1,1183,81.0
0,2,1183,18.0
0,3,1183,317.0
0,4,1183,121.0
0,0,1184,97.0
0,1,1184,60.0
0,2,1184,27.0
0,3,1184,134.0
0,4,1184,332.0
0,0,1185,152.0
0,1,1185,78.0
0,2,1185,53.0
0,3,1185,222.0
0,4,1185,119.0
0,0,1186,104.0
0,1,1186,165.0
0,2,1186,72.0
0,3,1186,250.0
0,4,1186,67.0
0,0,1187,87.0
0,1,1187,88.0
0,2,1187,68.0
0,3,1187,266.0
0,4,1187,98.0
0,0,1188,109.0
0,1,1188,210.0
0,2,1188,113.0
0,3,1188,214.0
0,4,1188,80.0
0,0,1189,203.0
0,1,1189,155.0
0,2,1189,133.0
0,3,1189,324.0
0,4,1189,214.0
0,0,1190,180.0
0,1,1190,119.0
0,2,1190,102.0
0,3,1190,290.0
0,4,1190,103.0
0,0,1191,114.0
0,1,1191,201.0
0,2,1191,39.0
0,3,1191,240.0
0,4,1191,203.0
0,0,1192,188.0
0,1,1192,157.0
0,2,1192,25.0
0,3,1192,132.0
0,4,1192,86.0
0,0,1193,183.0
0,1,1193,159.0
0,2,1193,47.0
0,3,1193,215.0
0,4,1193,141.0
0,0,1194,191.0
0,1,1194,142.0
0,2,1194,82.0
0,3,1194,360.0
0,4,1194,143.0
0,0,1195,30.0
0,1,1195,295.0
0,2,1195,42.0
0,3,1195,220.0
0,4,1195,380.0
0,0,1196,170.0
0,1,1196,241.0
0,2,1196,81.0
0,3,1196,300.0
0,4,1196,237.0
0,0,1197,91.0
0,1,1197,119.0
0,2,1197,82.0
0,3,1197,391.0
0,4,1197,133.0
0,0,1198,84.0
0,1,1198,21.0
0,2,1198,43.0
0,3,1198,79.0
0,4,1198,209.0
0,0,1199,162.0
0,1,1199,177.0
0,2,1199,174.0
0,3,1199,344.0
0,4,1199,247.0
0,0,1200,111.0
0,1,1200,202.0
0,2,1200,73.0
0,3,1200,195.0
0,4,1200,132.0
0,0,1201,137.0
0,1,1201,89.0
0,2,1201,32.0
0,3,1201,268.0
0,4,1201,199.0
0,0,1202,46.0
0,1,1202,150.0
0,2,1202,75.0
0,3,1202,310.0
0,4,1202,299.0
0,0,1203,197.0
0,1,1203,184.0
0,2,1203,222.0
0,3,1203,224.0
0,4,1203,266.0
0,0,1204,164.0
0,1,1204,148.0
0,2,1204,128.0
0,3,1204,273.0
0,4,1204,162.0
0,0,1205,186.0
0,1,1205,208.0
0,2,1205,52.0
0,3,1205,193.0
0,4,1205,116.0
0,0,1206,105.0
0,1,1206,222.0
0,2,1206,136.0
0,3,1206,200.0
0,4,1206,185.0
0,0,1207,162.0
0,1,1207,87.0
0,2,1207,81.0
0,3,1207,297.0
0,4,1207,404.0
0,0,1208,153.0
0,1,1208,243.0
0,2,1208,46.0
0,3,1208,226.0
0,4,1208,133.0
0,0,1209,52.0
0,1,1209,331.0
0,2,1209,29.0
0,3,1209,198.0
0,4,1209,127.0
0,0,1210,255.0
0,1,1210,291.0
0,2,1210,52.0
0,3,1210,153.0
0,4,1210,226.0
0,0,1211,185.0
0,1,1211,404.0
0,2,1211,54.0
0,3,1211,249.0
0,4,1211,221.0
0,0,1212,216.0
0,1,1212,187.0
0,2,1212,182.0
0,3,1212,226.0
0,4,1212,210.0
0,0,1213,222.0
0,1,1213,170.0
0,2,1213,217.0
0,3,1213,236.0
0,4,1213,133.0
0,0,1214,210.0
0,1,1214,243.0
0,2,1214,31.0
0,3,1214,66.0
0,4,1214,194.0
0,0,1215,192.0
0,1,1215,340.0
0,2,1215,90.0
0,3,1215,284.0
0,4,1215,190.0
0,0,1216,65.0
0,1,1216,371.0
0,2,1216,82.0
0,3,1216,431.0
0,4,1216,172.0
0,0,1217,357.0
0,1,1217,315.0
0,2,1217,64.0
0,3,1217,267.0
0,4,1217,121.0
0,0,1218,244.0
0,1,1218,357.0
0,2,1218,87.0
0,3,1218,150.0
0,4,1218,179.0
0,0,1219,203.0
0,1,1219,162.0
0,2,1219,77.0
0,3,1219,223.0
0,4,1219,234.0
0,0,1220,226.0
0,1,1220,188.0
0,2,1220,28.0
0,3,1220,171.0
0,4,1220,301.0
0,0,1221,102.0
0,1,1221,154.0
0,2,1221,82.0
0,3,1221,176.0
0,4,1221,193.0
0,0,1222,213.0
0,1,1222,205.0
0,2,1222,83.0
0,3,1222,311.0
0,4,1222,219.0
0,0,1223,105.0
0,1,1223,373.0
0,2,1223,141.0
0,3,1223,63.0
0,4,1223,235.0
0,0,1224,218.0
0,1,1224,109.0
0,2,1224,82.0
0,3,1224,102.0
0,4,1224,361.0
0,0,1225,244.0
0,1,1225,255.0
0,2,1225,68.0
0,3,1225,197.0
0,4,1225,297.0
0,0,1226,200.0
0,1,1226,436.0
0,2,1226,69.0
0,3,1226,229.0
0,4,1226,426.0
0,0,1227,204.0
0,1,1227,201.0
0,2,1227,292.0
0,3,1227,146.0
0,4,1227,313.0
0,0,1228,163.0
0,1,1228,91.0
0,2,1228,105.0
0,3,1228,188.0
0,4,1228,248.0
0,0,1229,62.0
0,1,1229,155.0
0,2,1229,39.0
0,3,1229,199.0
0,4,1229,207.0
0,0,1230,126.0
0,1,1230,216.0
0,2,1230,28.0
0,3,1230,345.0
0,4,1230,230.0
0,0,1231,393.0
0,1,1231,392.0
0,2,1231,132.0
0,3,1231,232.0
0,4,1231,238.0
0,0,1232,192.0
0,1,1232,147.0
0,2,1232,56.0
0,3,1232,281.0
0,4,1232,230.0
0,0,1233,229.0
0,1,1233,383.0
0,2,1233,70.0
0,3,1233,214.0
0,4,1233,166.0
0,0,1234,208.0
0,1,1234,243.0
0,2,1234,49.0
0,3,1234,259.0
0,4,1234,296.0
0,0,1235,221.0
0,1,1235,455.0
0,2,1235,152.0
0,3,1235,104.0
0,4,1235,140.0
0,0,1236,162.0
0,1,1236,277.0
0,2,1236,71.0
0,3,1236,249.0
0,4,1236,220.0
0,0,1237,131.0
0,1,1237,163.0
0,2,1237,219.0
0,3,1237,317.0
0,4,1237,182.0
0,0,1238,144.0
0,1,1238,429.0
0,2,1238,172.0
0,3,1238,213.0
0,4,1238,449.0
0,0,1239,286.0
0,1,1239,310.0
0,2,1239,210.0
0,3,1239,180.0
0,4,1239,225.0
0,0,1240,141.0
0,1,1240,154.0
0,2,1240,82.0
0,3,1240,47.0
0,4,1240,260.0
0,0,1241,23.0
0,1,1241,320.0
0,2,1241,94.0
0,3,1241,348.0
0,4,1241,203.0
0,0,1242,77.0
0,1,1242,118.0
0,2,1242,154.0
0,3,1242,340.0
0,4,1242,131.0
0,0,1243,136.0
0,1,1243,283.0
0,2,1243,253.0
0,3,1243,199.0
0,4,1243,177.0
0,0,1244,203.0
0,1,1244,202.0
0,2,1244,29.0
0,3,1244,395.0
0,4,1244,197.0
0,0,1245,196.0
0,1,1245,239.0
0,2,1245,88.0
0,3,1245,249.0
0,4,1245,347.0
0,0,1246,48.0
0,1,1246,137.0
0,2,1246,178.0
0,3,1246,274.0
0,4,1246,202.0
0,0,1247,78.0
0,1,1247,343.0
0,2,1247,72.0
0,3,1247,311.0
0,4,1247,199.0
0,0,1248,74.0
0,1,1248,286.0
0,2,1248,166.0
0,3,1248,252.0
0,4,1248,345.0
0,0,1249,134.0
0,1,1249,306.0
0,2,1249,24.0
0,3,1249,390.0
0,4,1249,131.0
0,0,1250,156.0
0,1,1250,184.0
0,2,1250,204.0
0,3,1250,172.0
0,4,1250,191.0
0,0,1251,158.0
0,1,1251,208.0
0,2,1251,411.0
0,3,1251,241.0
0,4,1251,221.0
0,0,1252,136.0
0,1,1252,313.0
0,2,1252,63.0
0,3,1252,379.0
0,4,1252,500.0
0,0,1253,254.0
0,1,1253,185.0
0,2,1253,242.0
0,3,1253,280.0
0,4,1253,346.0
0,0,1254,105.0
0,1,1254,163.0
0,2,1254,112.0
0,3,1254,303.0
0,4,1254,202.0
0,0,1255,239.0
0,1,1255,309.0
0,2,1255,74.0
0,3,1255,244.0
0,4,1255,212.0
0,0,1256,368.0
0,1,1256,256.0
0,2,1256,99.0
0,3,1256,349.0
0,4,1256,268.0
0,0,1257,68.0
0,1,1257,270.0
0,2,1257,67.0
0,3,1257,251.0
0,4,1257,234.0
0,0,1258,228.0
0,1,1258,236.0
0,2,1258,107.0
0,3,1258,275.0
0,4,1258,210.0
0,0,1259,251.0
0,1,1259,211.0
0,2,1259,139.0
0,3,1259,205.0
0,4,1259,198.0
0,0,1260,91.0
0,1,1260,323.0
0,2,1260,207.0
0,3,1260,191.0
0,4,1260,148.0
0,0,1261,314.0
0,1,1261,307.0
0,2,1261,14.0
0,3,1261,261.0
0,4,1261,379.0
0,0,1262,495.0
0,1,1262,76.0
0,2,1262,255.0
0,3,1262,196.0
0,4,1262,203.0
0,0,1263,246.0
0,1,1263,439.0
0,2,1263,197.0
0,3,1263,133.0
0,4,1263,207.0
0,0,1264,49.0
0,1,1264,251.0
0,2,1264,206.0
0,3,1264,289.0
0,4,1264,446.0
0,0,1265,43.0
0,1,1265,156.0
0,2,1265,238.0
0,3,1265,207.0
0,4,1265,273.0
0,0,1266,123.0
0,1,1266,214.0
0,2,1266,76.0
0,3,1266,248.0
0,4,1266,225.0
0,0,1267,58.0
0,1,1267,235.0
0,2,1267,115.0
0,3,1267,282.0
0,4,1267,337.0
0,0,1268,172.0
0,1,1268,142.0
0,2,1268,68.0
0,3,1268,172.0
0,4,1268,207.0
0,0,1269,30.0
0,1,1269,157.0
0,2,1269,268.0
0,3,1269,334.0
0,4,1269,315.0
0,0,1270,44.0
0,1,1270,223.0
0,2,1270,243.0
0,3,1270,124.0
0,4,1270,229.0
0,0,1271,137.0
0,1,1271,242.0
0,2,1271,186.0
0,3,1271,354.0
0,4,1271,130.0
0,0,1272,202.0
0,1,1272,160.0
0,2,1272,302.0
0,3,1272,193.0
0,4,1272,316.0
0,0,1273,138.0
0,1,1273,113.0
0,2,1273,43.0
0,3,1273,336.0
0,4,1273,92.0
0,0,1274,117.0
0,1,1274,359.0
0,2,1274,98.0
0,3,1274,201.0
0,4,1274,212.0
0,0,1275,375.0
0,1,1275,227.0
0,2,1275,298.0
0,3,1275,24.0
0,4,1275,277.0
0,0,1276,172.0
0,1,1276,220.0
0,2,1276,178.0
0,3,1276,496.0
0,4,1276,196.0
0,0,1277,360.0
0,1,1277,374.0
0,2,1277,83.0
0,3,1277,69.0
0,4,1277,202.0
0,0,1278,398.0
0,1,1278,374.0
0,2,1278,303.0
0,3,1278,268.0
0,4,1278,227.0
0,0,1279,125.0
0,1,1279,189.0
0,2,1279,309.0
0,3,1279,273.0
0,4,1279,87.0
0,0,1280,184.0
0,1,1280,325.0
0,2,1280,130.0
0,3,1280,180.0
0,4,1280,329.0
0,0,1281,133.0
0,1,1281,105.0
0,2,1281,275.0
0,3,1281,235.0
0,4,1281,166.0
0,0,1282,290.0
0,1,1282,279.0
0,2,1282,53.0
0,3,1282,207.0
0,4,1282,174.0
0,0,1283,213.0
0,1,1283,409.0
0,2,1283,352.0
0,3,1283,156.0
0,4,1283,68.0
0,0,1284,289.0
0,1,1284,85.0
0,2,1284,136.0
0,3,1284,275.0
0,4,1284,285.0
0,0,1285,338.0
0,1,1285,500.0
0,2,1285,140.0
0,3,1285,182.0
0,4,1285,444.0
0,0,1286,221.0
0,1,1286,141.0
0,2,1286,272.0
0,3,1286,223.0
0,4,1286,153.0
0,0,1287,98.0
0,1,1287,132.0
0,2,1287,114.0
0,3,1287,121.0
0,4,1287,129.0
0,0,1288,411.0
0,1,1288,174.0
0,2,1288,120.0
0,3,1288,230.0
0,4,1288,95.0
0,0,1289,287.0
0,1,1289,154.0
0,2,1289,49.0
0,3,1289,198.0
0,4,1289,152.0
0,0,1290,134.0
0,1,1290,253.0
0,2,1290,128.0
0,3,1290,68.0
0,4,1290,79.0
0,0,1291,417.0
0,1,1291,341.0
0,2,1291,191.0
0,3,1291,69.0
0,4,1291,158.0
0,0,1292,213.0
0,1,1292,208.0
0,2,1292,260.0
0,3,1292,267.0
0,4,1292,491.0
0,0,1293,467.0
0,1,1293,498.0
0,2,1293,121.0
0,3,1293,109.0
0,4,1293,167.0
0,0,1294,85.0
0,1,1294,500.0
0,2,1294,243.0
0,3,1294,333.0
0,4,1294,209.0
0,0,1295,383.0
0,1,1295,297.0
0,2,1295,364.0
0,3,1295,246.0
0,4,1295,187.0
0,0,1296,319.0
0,1,1296,292.0
0,2,1296,115.0
0,3,1296,164.0
0,4,1296,109.0
0,0,1297,129.0
0,1,1297,250.0
0,2,1297,500.0
0,3,1297,467.0
0,4,1297,191.0
0,0,1298,321.0
0,1,1298,221.0
0,2,1298,274.0
0,3,1298,118.0
0,4,1298,180.0
0,0,1299,459.0
0,1,1299,327.0
0,2,1299,129.0
0,3,1299,310.0
0,4,1299,36.0
0,0,1300,166.0
0,1,1300,218.0
0,2,1300,262.0
0,3,1300,218.0
0,4,1300,211.0
0,0,1301,419.0
0,1,1301,500.0
0,2,1301,145.0
0,3,1301,90.0
0,4,1301,192.0
0,0,1302,360.0
0,1,1302,134.0
0,2,1302,379.0
0,3,1302,70.0
0,4,1302,70.0
0,0,1303,362.0
0,1,1303,184.0
0,2,1303,170.0
0,3,1303,196.0
0,4,1303,141.0
0,0,1304,500.0
0,1,1304,391.0
0,2,1304,281.0
0,3,1304,500.0
0,4,1304,338.0
0,0,1305,305.0
0,1,1305,211.0
0,2,1305,88.0
0,3,1305,272.0
0,4,1305,362.0
0,0,1306,378.0
0,1,1306,500.0
0,2,1306,123.0
0,3,1306,244.0
0,4,1306,183.0
0,0,1307,365.0
0,1,1307,133.0
0,2,1307,118.0
0,3,1307,116.0
0,4,1307,234.0
0,0,1308,266.0
0,1,1308,134.0
0,2,1308,141.0
0,3,1308,231.0
0,4,1308,239.0
0,0,1309,172.0
0,1,1309,446.0
0,2,1309,145.0
0,3,1309,215.0
0,4,1309,195.0
0,0,1310,153.0
0,1,1310,157.0
0,2,1310,134.0
0,3,1310,152.0
0,4,1310,108.0
0,0,1311,173.0
0,1,1311,321.0
0,2,1311,191.0
0,3,1311,396.0
0,4,1311,100.0
0,0,1312,199.0
0,1,1312,266.0
0,2,1312,130.0
0,3,1312,185.0
0,4,1312,163.0
0,0,1313,180.0
0,1,1313,438.0
0,2,1313,174.0
0,3,1313,146.0
0,4,1313,221.0
0,0,1314,200.0
0,1,1314,200.0
0,2,1314,172.0
0,3,1314,178.0
0,4,1314,271.0
0,0,1315,303.0
0,1,1315,310.0
0,2,1315,148.0
0,3,1315,144.0
0,4,1315,192.0
0,0,1316,313.0
0,1,1316,434.0
0,2,1316,131.0
0,3,1316,285.0
0,4,1316,121.0
0,0,1317,214.0
0,1,1317,179.0
0,2,1317,185.0
0,3,1317,167.0
0,4,1317,178.0
0,0,1318,285.0
0,1,1318,349.0
0,2,1318,210.0
0,3,1318,217.0
0,4,1318,214.0
0,0,1319,258.0
0,1,1319,396.0
0,2,1319,120.0
0,3,1319,215.0
0,4,1319,265.0
0,0,1320,352.0
0,1,1320,371.0
0,2,1320,138.0
0,3,1320,260.0
0,4,1320,68.0
0,0,1321,256.0
0,1,1321,500.0
0,2,1321,170.0
0,3,1321,263.0
0,4,1321,170.0
0,0,1322,394.0
0,1,1322,500.0
0,2,1322,110.0
0,3,1322,141.0
0,4,1322,176.0
0,0,1323,255.0
0,1,1323,374.0
0,2,1323,120.0
0,3,1323,110.0
0,4,1323,158.0
0,0,1324,333.0
0,1,1324,500.0
0,2,1324,126.0
0,3,1324,203.0
0,4,1324,201.0
0,0,1325,317.0
0,1,1325,349.0
0,2,1325,142.0
0,3,1325,192.0
0,4,1325,351.0
0,0,1326,268.0
0,1,1326,450.0
0,2,1326,270.0
0,3,1326,217.0
0,4,1326,260.0
0,0,1327,114.0
0,1,1327,500.0
0,2,1327,187.0
0,3,1327,85.0
0,4,1327,49.0
0,0,1328,324.0
0,1,1328,500.0
0,2,1328,130.0
0,3,1328,179.0
0,4,1328,252.0
0,0,1329,339.0
0,1,1329,475.0
0,2,1329,167.0
0,3,1329,232.0
0,4,1329,303.0
0,0,1330,360.0
0,1,1330,395.0
0,2,1330,149.0
0,3,1330,177.0
0,4,1330,110.0
0,0,1331,75.0
0,1,1331,75.0
0,2,1331,235.0
0,3,1331,224.0
0,4,1331,188.0
0,0,1332,138.0
0,1,1332,434.0
0,2,1332,140.0
0,3,1332,237.0
0,4,1332,204.0
0,0,1333,271.0
0,1,1333,402.0
0,2,1333,210.0
0,3,1333,191.0
0,4,1333,179.0
0,0,1334,124.0
0,1,1334,131.0
0,2,1334,150.0
0,3,1334,240.0
0,4,1334,288.0
0,0,1335,346.0
0,1,1335,381.0
0,2,1335,176.0
0,3,1335,242.0
0,4,1335,266.0
0,0,1336,193.0
0,1,1336,246.0
0,2,1336,255.0
0,3,1336,260.0
0,4,1336,292.0
0,0,1337,396.0
0,1,1337,466.0
0,2,1337,255.0
0,3,1337,256.0
0,4,1337,399.0
0,0,1338,144.0
0,1,1338,500.0
0,2,1338,183.0
0,3,1338,163.0
0,4,1338,117.0
0,0,1339,250.0
0,1,1339,500.0
0,2,1339,179.0
0,3,1339,193.0
0,4,1339,258.0
0,0,1340,376.0
0,1,1340,500.0
0,2,1340,93.0
0,3,1340,282.0
0,4,1340,291.0
0,0,1341,219.0
0,1,1341,333.0
0,2,1341,225.0
0,3,1341,478.0
0,4,1341,259.0
0,0,1342,253.0
0,1,1342,225.0
0,2,1342,107.0
0,3,1342,85.0
0,4,1342,94.0
0,0,1343,112.0
0,1,1343,441.0
0,2,1343,324.0
0,3,1343,216.0
0,4,1343,331.0
0,0,1344,308.0
0,1,1344,500.0
0,2,1344,350.0
0,3,1344,303.0
0,4,1344,220.0
0,0,1345,343.0
0,1,1345,500.0
0,2,1345,272.0
0,3,1345,250.0
0,4,1345,282.0
0,0,1346,476.0
0,1,1346,324.0
0,2,1346,230.0
0,3,1346,198.0
0,4,1346,427.0
0,0,1347,256.0
0,1,1347,482.0
0,2,1347,190.0
0,3,1347,228.0
0,4,1347,229.0
0,0,1348,288.0
0,1,1348,500.0
0,2,1348,215.0
0,3,1348,248.0
0,4,1348,263.0
0,0,1349,366.0
0,1,1349,432.0
0,2,1349,253.0
0,3,1349,237.0
0,4,1349,232.0
0,0,1350,316.0
0,1,1350,414.0
0,2,1350,252.0
0,3,1350,198.0
0,4,1350,297.0
0,0,1351,175.0
0,1,1351,342.0
0,2,1351,325.0
0,3,1351,142.0
0,4,1351,118.0
0,0,1352,347.0
0,1,1352,500.0
0,2,1352,255.0
0,3,1352,254.0
0,4,1352,169.0
0,0,1353,395.0
0,1,1353,468.0
0,2,1353,214.0
0,3,1353,225.0
0,4,1353,271.0
0,0,1354,352.0
0,1,1354,500.0
0,2,1354,272.0
0,3,1354,234.0
0,4,1354,205.0
0,0,1355,300.0
0,1,1355,500.0
0,2,1355,347.0
0,3,1355,206.0
0,4,1355,199.0
0,0,1356,278.0
0,1,1356,247.0
0,2,1356,500.0
0,3,1356,363.0
0,4,1356,346.0
0,0,1357,405.0
0,1,1357,357.0
0,2,1357,367.0
0,3,1357,209.0
0,4,1357,221.0
0,0,1358,326.0
0,1,1358,500.0
0,2,1358,233.0
0,3,1358,234.0
0,4,1358,215.0
0,0,1359,305.0
0,1,1359,496.0
0,2,1359,400.0
0,3,1359,282.0
0,4,1359,272.0
0,0,1360,290.0
0,1,1360,465.0
0,2,1360,359.0
0,3,1360,244.0
0,4,1360,230.0
0,0,1361,361.0
0,1,1361,500.0
0,2,1361,277.0
0,3,1361,328.0
0,4,1361,94.0
0,0,1362,327.0
0,1,1362,394.0
0,2,1362,110.0
0,3,1362,237.0
0,4,1362,263.0
0,0,1363,388.0
0,1,1363,379.0
0,2,1363,318.0
0,3,1363,308.0
0,4,1363,271.0
0,0,1364,348.0
0,1,1364,445.0
0,2,1364,26.0
0,3,1364,125.0
0,4,1364,268.0
0,0,1365,104.0
0,1,1365,500.0
0,2,1365,362.0
0,3,1365,95.0
0,4,1365,242.0
0,0,1366,315.0
0,1,1366,500.0
0,2,1366,188.0
0,3,1366,270.0
0,4,1366,287.0
0,0,1367,300.0
0,1,1367,500.0
0,2,1367,253.0
0,3,1367,203.0
0,4,1367,276.0
0,0,1368,282.0
0,1,1368,419.0
0,2,1368,336.0
0,3,1368,203.0
0,4,1368,424.0
0,0,1369,418.0
0,1,1369,500.0
0,2,1369,272.0
0,3,1369,184.0
0,4,1369,258.0
0,0,1370,333.0
0,1,1370,500.0
0,2,1370,403.0
0,3,1370,242.0
0,4,1370,392.0
0,0,1371,462.0
0,1,1371,362.0
0,2,1371,59.0
0,3,1371,203.0
0,4,1371,236.0
0,0,1372,375.0
0,1,1372,348.0
0,2,1372,208.0
0,3,1372,238.0
0,4,1372,267.0
0,0,1373,385.0
0,1,1373,500.0
0,2,1373,458.0
0,3,1373,168.0
0,4,1373,262.0
0,0,1374,343.0
0,1,1374,500.0
0,2,1374,334.0
0,3,1374,205.0
0,4,1374,346.0
0,0,1375,67.0
0,1,1375,500.0
0,2,1375,500.0
0,3,1375,242.0
0,4,1375,205.0
0,0,1376,376.0
0,1,1376,500.0
0,2,1376,412.0
0,3,1376,246.0
0,4,1376,227.0
0,0,1377,73.0
0,1,1377,417.0
0,2,1377,285.0
0,3,1377,271.0
0,4,1377,210.0
0,0,1378,96.0
0,1,1378,370.0
0,2,1378,120.0
0,3,1378,233.0
0,4,1378,243.0
0,0,1379,398.0
0,1,1379,393.0
0,2,1379,436.0
0,3,1379,274.0
0,4,1379,357.0
0,0,1380,317.0
0,1,1380,253.0
0,2,1380,315.0
0,3,1380,290.0
0,4,1380,149.0
0,0,1381,267.0
0,1,1381,500.0
0,2,1381,313.0
0,3,1381,224.0
0,4,1381,253.0
0,0,1382,287.0
0,1,1382,72.0
0,2,1382,148.0
0,3,1382,287.0
0,4,1382,268.0
0,0,1383,257.0
0,1,1383,269.0
0,2,1383,332.0
0,3,1383,287.0
0,4,1383,250.0
0,0,1384,62.0
0,1,1384,180.0
0,2,1384,49.0
0,3,1384,271.0
0,4,1384,211.0
0,0,1385,151.0
0,1,1385,108.0
0,2,1385,196.0
0,3,1385,226.0
0,4,1385,392.0
0,0,1386,244.0
0,1,1386,500.0
0,2,1386,90.0
0,3,1386,496.0
0,4,1386,280.0
0,0,1387,114.0
0,1,1387,500.0
0,2,1387,73.0
0,3,1387,255.0
0,4,1387,301.0
0,0,1388,325.0
0,1,1388,500.0
0,2,1388,217.0
0,3,1388,259.0
0,4,1388,351.0
0,0,1389,270.0
0,1,1389,500.0
0,2,1389,198.0
0,3,1389,353.0
0,4,1389,262.0
0,0,1390,216.0
0,1,1390,472.0
0,2,1390,189.0
0,3,1390,256.0
0,4,1390,295.0
0,0,1391,180.0
0,1,1391,500.0
0,2,1391,32.0
0,3,1391,286.0
0,4,1391,245.0
0,0,1392,180.0
0,1,1392,500.0
0,2,1392,224.0
0,3,1392,243.0
0,4,1392,265.0
0,0,1393,300.0
0,1,1393,500.0
0,2,1393,166.0
0,3,1393,252.0
0,4,1393,299.0
0,0,1394,68.0
0,1,1394,500.0
0,2,1394,133.0
0,3,1394,296.0
0,4,1394,383.0
0,0,1395,127.0
0,1,1395,500.0
0,2,1395,46.0
0,3,1395,265.0
0,4,1395,214.0
0,0,1396,51.0
0,1,1396,464.0
0,2,1396,445.0
0,3,1396,263.0
0,4,1396,263.0
0,0,1397,106.0
0,1,1397,162.0
0,2,1397,236.0
0,3,1397,333.0
0,4,1397,204.0
0,0,1398,297.0
0,1,1398,500.0
0,2,1398,210.0
0,3,1398,312.0
0,4,1398,261.0
0,0,1399,311.0
0,1,1399,95.0
0,2,1399,120.0
0,3,1399,304.0
0,4,1399,248.0
0,0,1400,467.0
0,1,1400,500.0
0,2,1400,157.0
0,3,1400,282.0
0,4,1400,357.0
0,0,1401,65.0
0,1,1401,376.0
0,2,1401,81.0
0,3,1401,276.0
0,4,1401,500.0
0,0,1402,119.0
0,1,1402,500.0
0,2,1402,243.0
0,3,1402,312.0
0,4,1402,366.0
0,0,1403,95.0
0,1,1403,500.0
0,2,1403,190.0
0,3,1403,314.0
0,4,1403,233.0
0,0,1404,416.0
0,1,1404,500.0
0,2,1404,61.0
0,3,1404,204.0
0,4,1404,360.0
0,0,1405,96.0
0,1,1405,500.0
0,2,1405,54.0
0,3,1405,296.0
0,4,1405,285.0
0,0,1406,162.0
0,1,1406,500.0
0,2,1406,41.0
0,3,1406,341.0
0,4,1406,352.0
0,0,1407,349.0
0,1,1407,497.0
0,2,1407,108.0
0,3,1407,312.0
0,4,1407,500.0
0,0,1408,102.0
0,1,1408,496.0
0,2,1408,111.0
0,3,1408,203.0
0,4,1408,362.0
0,0,1409,256.0
0,1,1409,469.0
0,2,1409,196.0
0,3,1409,275.0
0,4,1409,250.0
0,0,1410,106.0
0,1,1410,209.0
0,2,1410,112.0
0,3,1410,398.0
0,4,1410,203.0
0,0,1411,206.0
0,1,1411,500.0
0,2,1411,175.0
0,3,1411,322.0
0,4,1411,229.0
0,0,1412,281.0
0,1,1412,477.0
0,2,1412,210.0
0,3,1412,344.0
0,4,1412,249.0
0,0,1413,252.0
0,1,1413,500.0
0,2,1413,309.0
0,3,1413,421.0
0,4,1413,461.0
0,0,1414,82.0
0,1,1414,500.0
0,2,1414,207.0
0,3,1414,369.0
0,4,1414,358.0
0,0,1415,303.0
0,1,1415,337.0
0,2,1415,500.0
0,3,1415,464.0
0,4,1415,210.0
0,0,1416,97.0
0,1,1416,500.0
0,2,1416,139.0
0,3,1416,254.0
0,4,1416,161.0
0,0,1417,108.0
0,1,1417,500.0
0,2,1417,351.0
0,3,1417,332.0
0,4,1417,288.0
0,0,1418,256.0
0,1,1418,331.0
0,2,1418,343.0
0,3,1418,459.0
0,4,1418,314.0
0,0,1419,247.0
0,1,1419,500.0
0,2,1419,421.0
0,3,1419,460.0
0,4,1419,385.0
0,0,1420,118.0
0,1,1420,184.0
0,2,1420,248.0
0,3,1420,327.0
0,4,1420,234.0
0,0,1421,238.0
0,1,1421,459.0
0,2,1421,283.0
0,3,1421,450.0
0,4,1421,194.0
0,0,1422,287.0
0,1,1422,500.0
0,2,1422,279.0
0,3,1422,441.0
0,4,1422,282.0
0,0,1423,278.0
0,1,1423,202.0
0,2,1423,500.0
0,3,1423,203.0
0,4,1423,268.0
0,0,1424,128.0
0,1,1424,245.0
0,2,1424,138.0
0,3,1424,419.0
0,4,1424,305.0
0,0,1425,278.0
0,1,1425,352.0
0,2,1425,395.0
0,3,1425,215.0
0,4,1425,363.0
0,0,1426,66.0
0,1,1426,421.0
0,2,1426,500.0
0,3,1426,500.0
0,4,1426,335.0
0,0,1427,283.0
0,1,1427,210.0
0,2,1427,220.0
0,3,1427,500.0
0,4,1427,200.0
0,0,1428,230.0
0,1,1428,500.0
0,2,1428,392.0
0,3,1428,246.0
0,4,1428,200.0
0,0,1429,202.0
0,1,1429,319.0
0,2,1429,500.0
0,3,1429,500.0
0,4,1429,321.0
0,0,1430,247.0
0,1,1430,71.0
0,2,1430,500.0
0,3,1430,198.0
0,4,1430,306.0
0,0,1431,265.0
0,1,1431,292.0
0,2,1431,500.0
0,3,1431,500.0
0,4,1431,142.0
0,0,1432,376.0
0,1,1432,140.0
0,2,1432,384.0
0,3,1432,500.0
0,4,1432,411.0
0,0,1433,279.0
0,1,1433,142.0
0,2,1433,500.0
0,3,1433,379.0
0,4,1433,327.0
0,0,1434,247.0
0,1,1434,199.0
0,2,1434,178.0
0,3,1434,209.0
0,4,1434,242.0
0,0,1435,355.0
0,1,1435,150.0
0,2,1435,301.0
0,3,1435,269.0
0,4,1435,197.0
0,0,1436,290.0
0,1,1436,443.0
0,2,1436,193.0
0,3,1436,500.0
0,4,1436,295.0
0,0,1437,265.0
0,1,1437,448.0
0,2,1437,500.0
0,3,1437,500.0
0,4,1437,237.0
0,0,1438,264.0
0,1,1438,326.0
0,2,1438,448.0
0,3,1438,301.0
0,4,1438,228.0
0,0,1439,253.0
0,1,1439,215.0
0,2,1439,407.0
0,3,1439,390.0
0,4,1439,317.0
0,0,1440,100.0
0,1,1440,243.0
0,2,1440,500.0
0,3,1440,500.0
0,4,1440,328.0
0,0,1441,287.0
0,1,1441,290.0
0,2,1441,500.0
0,3,1441,110.0
0,4,1441,264.0
0,0,1442,250.0
0,1,1442,266.0
0,2,1442,456.0
0,3,1442,237.0
0,4,1442,287.0
0,0,1443,291.0
0,1,1443,185.0
0,2,1443,500.0
0,3,1443,300.0
0,4,1443,350.0
0,0,1444,259.0
0,1,1444,453.0
0,2,1444,500.0
0,3,1444,192.0
0,4,1444,500.0
0,0,1445,248.0
0,1,1445,389.0
0,2,1445,500.0
0,3,1445,182.0
0,4,1445,272.0
0,0,1446,255.0
0,1,1446,387.0
0,2,1446,385.0
0,3,1446,377.0
0,4,1446,256.0
0,0,1447,126.0
0,1,1447,297.0
0,2,1447,500.0
0,3,1447,265.0
0,4,1447,256.0
0,0,1448,212.0
0,1,1448,352.0
0,2,1448,398.0
0,3,1448,220.0
0,4,1448,273.0
0,0,1449,300.0
0,1,1449,500.0
0,2,1449,500.0
0,3,1449,282.0
0,4,1449,278.0
0,0,1450,290.0
0,1,1450,311.0
0,2,1450,500.0
0,3,1450,220.0
0,4,1450,246.0
0,0,1451,273.0
0,1,1451,389.0
0,2,1451,500.0
0,3,1451,228.0
0,4,1451,338.0
0,0,1452,302.0
0,1,1452,338.0
0,2,1452,465.0
0,3,1452,143.0
0,4,1452,300.0
0,0,1453,257.0
0,1,1453,194.0
0,2,1453,452.0
0,3,1453,189.0
0,4,1453,270.0
0,0,1454,272.0
0,1,1454,228.0
0,2,1454,494.0
0,3,1454,229.0
0,4,1454,377.0
0,0,1455,208.0
0,1,1455,252.0
0,2,1455,349.0
0,3,1455,293.0
0,4,1455,283.0
0,0,1456,259.0
0,1,1456,240.0
0,2,1456,495.0
0,3,1456,224.0
0,4,1456,246.0
0,0,1457,199.0
0,1,1457,500.0
0,2,1457,427.0
0,3,1457,176.0
0,4,1457,325.0
0,0,1458,254.0
0,1,1458,210.0
0,2,1458,385.0
0,3,1458,272.0
0,4,1458,294.0
0,0,1459,282.0
0,1,1459,441.0
0,2,1459,499.0
0,3,1459,151.0
0,4,1459,134.0
0,0,1460,236.0
0,1,1460,369.0
0,2,1460,261.0
0,3,1460,261.0
0,4,1460,306.0
0,0,1461,249.0
0,1,1461,301.0
0,2,1461,264.0
0,3,1461,154.0
0,4,1461,273.0
0,0,1462,294.0
0,1,1462,450.0
0,2,1462,273.0
0,3,1462,332.0
0,4,1462,258.0
0,0,1463,274.0
0,1,1463,233.0
0,2,1463,320.0
0,3,1463,256.0
0,4,1463,484.0
0,0,1464,213.0
0,1,1464,460.0
0,2,1464,323.0
0,3,1464,241.0
0,4,1464,364.0
0,0,1465,288.0
0,1,1465,262.0
0,2,1465,249.0
0,3,1465,484.0
0,4,1465,272.0
0,0,1466,272.0
0,1,1466,254.0
0,2,1466,272.0
0,3,1466,323.0
0,4,1466,272.0
0,0,1467,301.0
0,1,1467,303.0
0,2,1467,218.0
0,3,1467,220.0
0,4,1467,274.0
0,0,1468,293.0
0,1,1468,368.0
0,2,1468,357.0
0,3,1468,245.0
0,4,1468,237.0
0,0,1469,230.0
0,1,1469,500.0
0,2,1469,500.0
0,3,1469,222.0
0,4,1469,134.0
0,0,1470,319.0
0,1,1470,331.0
0,2,1470,381.0
0,3,1470,182.0
0,4,1470,297.0
0,0,1471,206.0
0,1,1471,299.0
0,2,1471,348.0
0,3,1471,204.0
0,4,1471,335.0
0,0,1472,109.0
0,1,1472,500.0
0,2,1472,315.0
0,3,1472,189.0
0,4,1472,285.0
0,0,1473,302.0
0,1,1473,404.0
0,2,1473,282.0
0,3,1473,149.0
0,4,1473,440.0
0,0,1474,254.0
0,1,1474,467.0
0,2,1474,352.0
0,3,1474,199.0
0,4,1474,337.0
0,0,1475,341.0
0,1,1475,341.0
0,2,1475,353.0
0,3,1475,170.0
0,4,1475,293.0
0,0,1476,248.0
0,1,1476,500.0
0,2,1476,221.0
0,3,1476,251.0
0,4,1476,377.0
0,0,1477,257.0
0,1,1477,500.0
0,2,1477,303.0
0,3,1477,184.0
0,4,1477,291.0
0,0,1478,323.0
0,1,1478,500.0
0,2,1478,472.0
0,3,1478,500.0
0,4,1478,274.0
0,0,1479,277.0
0,1,1479,500.0
0,2,1479,273.0
0,3,1479,446.0
0,4,1479,436.0
0,0,1480,370.0
0,1,1480,467.0
0,2,1480,427.0
0,3,1480,314.0
0,4,1480,416.0
0,0,1481,52.0
0,1,1481,500.0
0,2,1481,341.0
0,3,1481,266.0
0,4,1481,409.0
0,0,1482,333.0
0,1,1482,500.0
0,2,1482,480.0
0,3,1482,500.0
0,4,1482,350.0
0,0,1483,371.0
0,1,1483,500.0
0,2,1483,292.0
0,3,1483,214.0
0,4,1483,500.0
0,0,1484,304.0
0,1,1484,500.0
0,2,1484,323.0
0,3,1484,500.0
0,4,1484,381.0
0,0,1485,417.0
0,1,1485,390.0
0,2,1485,193.0
0,3,1485,289.0
0,4,1485,500.0
0,0,1486,349.0
0,1,1486,500.0
0,2,1486,192.0
0,3,1486,235.0
0,4,1486,341.0
0,0,1487,359.0
0,1,1487,411.0
0,2,1487,475.0
0,3,1487,230.0
0,4,1487,361.0
0,0,1488,227.0
0,1,1488,500.0
0,2,1488,500.0
0,3,1488,331.0
0,4,1488,443.0
0,0,1489,117.0
0,1,1489,500.0
0,2,1489,279.0
0,3,1489,500.0
0,4,1489,378.0
0,0,1490,320.0
0,1,1490,500.0
0,2,1490,450.0
0,3,1490,256.0
0,4,1490,403.0
0,0,1491,409.0
0,1,1491,425.0
0,2,1491,500.0
0,3,1491,263.0
0,4,1491,155.0
0,0,1492,346.0
0,1,1492,500.0
0,2,1492,254.0
0,3,1492,500.0
0,4,1492,490.0
0,0,1493,355.0
0,1,1493,212.0
0,2,1493,429.0
0,3,1493,500.0
0,4,1493,410.0
0,0,1494,294.0
0,1,1494,349.0
0,2,1494,322.0
0,3,1494,459.0
0,4,1494,387.0
0,0,1495,427.0
0,1,1495,500.0
0,2,1495,337.0
0,3,1495,301.0
0,4,1495,500.0
0,0,1496,406.0
0,1,1496,500.0
0,2,1496,500.0
0,3,1496,479.0
0,4,1496,259.0
0,0,1497,392.0
0,1,1497,176.0
0,2,1497,447.0
0,3,1497,500.0
0,4,1497,227.0
0,0,1498,348.0
0,1,1498,451.0
0,2,1498,500.0
0,3,1498,500.0
0,4,1498,500.0
0,0,1499,151.0
0,1,1499,500.0
0,2,1499,454.0
0,3,1499,393.0
0,4,1499,500.0
0,0,1500,249.0
0,1,1500,458.0
0,2,1500,470.0
0,3,1500,500.0
0,4,1500,500.0
0,0,1501,360.0
0,1,1501,500.0
0,2,1501,462.0
0,3,1501,231.0
0,4,1501,500.0
0,0,1502,406.0
0,1,1502,222.0
0,2,1502,500.0
0,3,1502,500.0
0,4,1502,465.0
0,0,1503,295.0
0,1,1503,387.0
0,2,1503,500.0
0,3,1503,255.0
0,4,1503,474.0
0,0,1504,418.0
0,1,1504,445.0
0,2,1504,380.0
0,3,1504,500.0
0,4,1504,212.0
0,0,1505,430.0
0,1,1505,207.0
0,2,1505,341.0
0,3,1505,483.0
0,4,1505,244.0
0,0,1506,342.0
0,1,1506,137.0
0,2,1506,288.0
0,3,1506,302.0
0,4,1506,500.0
0,0,1507,500.0
0,1,1507,351.0
0,2,1507,264.0
0,3,1507,426.0
0,4,1507,500.0
0,0,1508,451.0
0,1,1508,396.0
0,2,1508,294.0
0,3,1508,500.0
0,4,1508,320.0
0,0,1509,376.0
0,1,1509,165.0
0,2,1509,391.0
0,3,1509,500.0
0,4,1509,500.0
0,0,1510,489.0
0,1,1510,343.0
0,2,1510,500.0
0,3,1510,500.0
0,4,1510,96.0
0,0,1511,500.0
0,1,1511,251.0
0,2,1511,500.0
0,3,1511,500.0
0,4,1511,500.0
0,0,1512,442.0
0,1,1512,255.0
0,2,1512,500.0
0,3,1512,149.0
0,4,1512,500.0
0,0,1513,500.0
0,1,1513,376.0
0,2,1513,500.0
0,3,1513,500.0
0,4,1513,413.0
0,0,1514,480.0
0,1,1514,327.0
0,2,1514,369.0
0,3,1514,500.0
0,4,1514,500.0
0,0,1515,500.0
0,1,1515,318.0
0,2,1515,141.0
0,3,1515,500.0
0,4,1515,500.0
0,0,1516,500.0
0,1,1516,317.0
0,2,1516,500.0
0,3,1516,500.0
0,4,1516,500.0
0,0,1517,113.0
0,1,1517,219.0
0,2,1517,500.0
0,3,1517,500.0
0,4,1517,500.0
0,0,1518,500.0
0,1,1518,190.0
0,2,1518,500.0
0,3,1518,500.0
0,4,1518,500.0
0,0,1519,500.0
0,1,1519,316.0
0,2,1519,291.0
0,3,1519,323.0
0,4,1519,432.0
0,0,1520,500.0
0,1,1520,211.0
0,2,1520,475.0
0,3,1520,296.0
0,4,1520,465.0
0,0,1521,500.0
0,1,1521,291.0
0,2,1521,316.0
0,3,1521,500.0
0,4,1521,500.0
0,0,1522,500.0
0,1,1522,173.0
0,2,1522,337.0
0,3,1522,500.0
0,4,1522,500.0
0,0,1523,499.0
0,1,1523,233.0
0,2,1523,273.0
0,3,1523,500.0
0,4,1523,500.0
0,0,1524,500.0
0,1,1524,268.0
0,2,1524,476.0
0,3,1524,250.0
0,4,1524,463.0
0,0,1525,484.0
0,1,1525,286.0
0,2,1525,312.0
0,3,1525,439.0
0,4,1525,500.0
0,0,1526,93.0
0,1,1526,182.0
0,2,1526,328.0
0,3,1526,500.0
0,4,1526,467.0
0,0,1527,500.0
0,1,1527,211.0
0,2,1527,341.0
0,3,1527,250.0
0,4,1527,451.0
0,0,1528,500.0
0,1,1528,136.0
0,2,1528,500.0
0,3,1528,313.0
0,4,1528,500.0
0,0,1529,269.0
0,1,1529,309.0
0,2,1529,317.0
0,3,1529,276.0
0,4,1529,455.0
0,0,1530,500.0
0,1,1530,219.0
0,2,1530,381.0
0,3,1530,370.0
0,4,1530,500.0
0,0,1531,500.0
0,1,1531,207.0
0,2,1531,500.0
0,3,1531,252.0
0,4,1531,500.0
0,0,1532,500.0
0,1,1532,212.0
0,2,1532,500.0
0,3,1532,236.0
0,4,1532,477.0
0,0,1533,500.0
0,1,1533,207.0
0,2,1533,268.0
0,3,1533,500.0
0,4,1533,500.0
0,0,1534,500.0
0,1,1534,206.0
0,2,1534,158.0
0,3,1534,250.0
0,4,1534,500.0
0,0,1535,500.0
0,1,1535,176.0
0,2,1535,384.0
0,3,1535,500.0
0,4,1535,500.0
0,0,1536,500.0
0,1,1536,154.0
0,2,1536,414.0
0,3,1536,306.0
0,4,1536,500.0
0,0,1537,500.0
0,1,1537,171.0
0,2,1537,490.0
0,3,1537,500.0
0,4,1537,500.0
0,0,1538,500.0
0,1,1538,222.0
0,2,1538,273.0
0,3,1538,326.0
0,4,1538,500.0
0,0,1539,500.0
0,1,1539,251.0
0,2,1539,500.0
0,3,1539,195.0
0,4,1539,500.0
0,0,1540,500.0
0,1,1540,151.0
0,2,1540,500.0
0,3,1540,163.0
0,4,1540,108.0
0,0,1541,500.0
0,1,1541,206.0
0,2,1541,500.0
0,3,1541,344.0
0,4,1541,500.0
0,0,1542,492.0
0,1,1542,170.0
0,2,1542,500.0
0,3,1542,355.0
0,4,1542,500.0
0,0,1543,424.0
0,1,1543,205.0
0,2,1543,497.0
0,3,1543,500.0
0,4,1543,500.0
0,0,1544,500.0
0,1,1544,123.0
0,2,1544,500.0
0,3,1544,291.0
0,4,1544,500.0
0,0,1545,380.0
0,1,1545,173.0
0,2,1545,408.0
0,3,1545,500.0
0,4,1545,500.0
0,0,1546,500.0
0,1,1546,202.0
0,2,1546,500.0
0,3,1546,268.0
0,4,1546,90.0
0,0,1547,500.0
0,1,1547,167.0
0,2,1547,232.0
0,3,1547,500.0
0,4,1547,299.0
0,0,1548,500.0
0,1,1548,116.0
0,2,1548,500.0
0,3,1548,239.0
0,4,1548,346.0
0,0,1549,500.0
0,1,1549,54.0
0,2,1549,500.0
0,3,1549,322.0
0,4,1549,457.0
0,0,1550,500.0
0,1,1550,190.0
0,2,1550,500.0
0,3,1550,400.0
0,4,1550,500.0
0,0,1551,135.0
0,1,1551,152.0
0,2,1551,500.0
0,3,1551,441.0
0,4,1551,254.0
0,0,1552,500.0
0,1,1552,165.0
0,2,1552,390.0
0,3,1552,239.0
0,4,1552,195.0
0,0,1553,500.0
0,1,1553,198.0
0,2,1553,500.0
0,3,1553,234.0
0,4,1553,236.0
0,0,1554,88.0
0,1,1554,148.0
0,2,1554,500.0
0,3,1554,283.0
0,4,1554,324.0
0,0,1555,500.0
0,1,1555,172.0
0,2,1555,500.0
0,3,1555,500.0
0,4,1555,343.0
0,0,1556,500.0
0,1,1556,154.0
0,2,1556,500.0
0,3,1556,455.0
0,4,1556,183.0
0,0,1557,500.0
0,1,1557,167.0
0,2,1557,500.0
0,3,1557,248.0
0,4,1557,144.0
0,0,1558,500.0
0,1,1558,196.0
0,2,1558,500.0
0,3,1558,307.0
0,4,1558,188.0
0,0,1559,155.0
0,1,1559,151.0
0,2,1559,500.0
0,3,1559,282.0
0,4,1559,500.0
0,0,1560,500.0
0,1,1560,187.0
0,2,1560,495.0
0,3,1560,442.0
0,4,1560,500.0
0,0,1561,500.0
0,1,1561,167.0
0,2,1561,500.0
0,3,1561,280.0
0,4,1561,161.0
0,0,1562,500.0
0,1,1562,151.0
0,2,1562,500.0
0,3,1562,500.0
0,4,1562,199.0
0,0,1563,481.0
0,1,1563,164.0
0,2,1563,500.0
0,3,1563,371.0
0,4,1563,350.0
0,0,1564,500.0
0,1,1564,189.0
0,2,1564,163.0
0,3,1564,253.0
0,4,1564,500.0
0,0,1565,500.0
0,1,1565,181.0
0,2,1565,500.0
0,3,1565,500.0
0,4,1565,170.0
0,0,1566,500.0
0,1,1566,151.0
0,2,1566,500.0
0,3,1566,500.0
0,4,1566,179.0
0,0,1567,500.0
0,1,1567,176.0
0,2,1567,67.0
0,3,1567,500.0
0,4,1567,347.0
0,0,1568,500.0
0,1,1568,159.0
0,2,1568,500.0
0,3,1568,500.0
0,4,1568,233.0
0,0,1569,500.0
0,1,1569,145.0
0,2,1569,209.0
0,3,1569,500.0
0,4,1569,500.0
0,0,1570,500.0
0,1,1570,132.0
0,2,1570,500.0
0,3,1570,305.0
0,4,1570,500.0
0,0,1571,500.0
0,1,1571,148.0
0,2,1571,320.0
0,3,1571,500.0
0,4,1571,237.0
0,0,1572,500.0
0,1,1572,128.0
0,2,1572,500.0
0,3,1572,500.0
0,4,1572,227.0
0,0,1573,500.0
0,1,1573,130.0
0,2,1573,500.0
0,3,1573,500.0
0,4,1573,500.0
0,0,1574,500.0
0,1,1574,158.0
0,2,1574,500.0
0,3,1574,439.0
0,4,1574,150.0
0,0,1575,500.0
0,1,1575,198.0
0,2,1575,500.0
0,3,1575,429.0
0,4,1575,170.0
0,0,1576,500.0
0,1,1576,159.0
0,2,1576,500.0
0,3,1576,500.0
0,4,1576,190.0
0,0,1577,500.0
0,1,1577,158.0
0,2,1577,500.0
0,3,1577,500.0
0,4,1577,254.0
0,0,1578,500.0
0,1,1578,143.0
0,2,1578,500.0
0,3,1578,441.0
0,4,1578,185.0
0,0,1579,500.0
0,1,1579,167.0
0,2,1579,500.0
0,3,1579,500.0
0,4,1579,210.0
0,0,1580,500.0
0,1,1580,179.0
0,2,1580,500.0
0,3,1580,500.0
0,4,1580,500.0
0,0,1581,500.0
0,1,1581,165.0
0,2,1581,100.0
0,3,1581,500.0
0,4,1581,225.0
0,0,1582,500.0
0,1,1582,175.0
0,2,1582,500.0
0,3,1582,500.0
0,4,1582,142.0
0,0,1583,500.0
0,1,1583,142.0
0,2,1583,500.0
0,3,1583,500.0
0,4,1583,205.0
0,0,1584,500.0
0,1,1584,163.0
0,2,1584,500.0
0,3,1584,500.0
0,4,1584,166.0
0,0,1585,500.0
0,1,1585,127.0
0,2,1585,312.0
0,3,1585,500.0
0,4,1585,166.0
0,0,1586,500.0
0,1,1586,170.0
0,2,1586,500.0
0,3,1586,500.0
0,4,1586,335.0
0,0,1587,500.0
0,1,1587,133.0
0,2,1587,500.0
0,3,1587,500.0
0,4,1587,173.0
0,0,1588,500.0
0,1,1588,162.0
0,2,1588,319.0
0,3,1588,500.0
0,4,1588,245.0
0,0,1589,500.0
0,1,1589,142.0
0,2,1589,500.0
0,3,1589,500.0
0,4,1589,202.0
0,0,1590,500.0
0,1,1590,180.0
0,2,1590,500.0
0,3,1590,500.0
0,4,1590,500.0
0,0,1591,61.0
0,1,1591,233.0
0,2,1591,500.0
0,3,1591,487.0
0,4,1591,218.0
0,0,1592,500.0
0,1,1592,167.0
0,2,1592,500.0
0,3,1592,500.0
0,4,1592,500.0
0,0,1593,500.0
0,1,1593,152.0
0,2,1593,500.0
0,3,1593,500.0
0,4,1593,500.0
0,0,1594,500.0
0,1,1594,158.0
0,2,1594,500.0
0,3,1594,500.0
0,4,1594,500.0
0,0,1595,500.0
0,1,1595,187.0
0,2,1595,500.0
0,3,1595,500.0
0,4,1595,207.0
0,0,1596,500.0
0,1,1596,217.0
0,2,1596,500.0
0,3,1596,500.0
0,4,1596,256.0
0,0,1597,500.0
0,1,1597,199.0
0,2,1597,500.0
0,3,1597,500.0
0,4,1597,349.0
0,0,1598,500.0
0,1,1598,195.0
0,2,1598,500.0
0,3,1598,500.0
0,4,1598,188.0
0,0,1599,500.0
0,1,1599,160.0
0,2,1599,500.0
0,3,1599,500.0
0,4,1599,370.0
0,0,1600,500.0
0,1,1600,132.0
0,2,1600,500.0
0,3,1600,102.0
0,4,1600,178.0
0,0,1601,500.0
0,1,1601,181.0
0,2,1601,500.0
0,3,1601,500.0
0,4,1601,207.0
0,0,1602,500.0
0,1,1602,157.0
0,2,1602,500.0
0,3,1602,500.0
0,4,1602,422.0
0,0,1603,500.0
0,1,1603,224.0
0,2,1603,500.0
0,3,1603,412.0
0,4,1603,500.0
0,0,1604,12.0
0,1,1604,148.0
0,2,1604,500.0
0,3,1604,335.0
0,4,1604,500.0
0,0,1605,16.0
0,1,1605,169.0
0,2,1605,500.0
0,3,1605,500.0
0,4,1605,500.0
0,0,1606,23.0
0,1,1606,226.0
0,2,1606,458.0
0,3,1606,359.0
0,4,1606,500.0
0,0,1607,500.0
0,1,1607,179.0
0,2,1607,500.0
0,3,1607,500.0
0,4,1607,500.0
0,0,1608,56.0
0,1,1608,186.0
0,2,1608,500.0
0,3,1608,500.0
0,4,1608,500.0
0,0,1609,500.0
0,1,1609,136.0
0,2,1609,500.0
0,3,1609,354.0
0,4,1609,500.0
0,0,1610,17.0
0,1,1610,165.0
0,2,1610,500.0
0,3,1610,500.0
0,4,1610,500.0
0,0,1611,18.0
0,1,1611,172.0
0,2,1611,500.0
0,3,1611,500.0
0,4,1611,233.0
0,0,1612,500.0
0,1,1612,159.0
0,2,1612,500.0
0,3,1612,500.0
0,4,1612,500.0
0,0,1613,17.0
0,1,1613,162.0
0,2,1613,500.0
0,3,1613,201.0
0,4,1613,500.0
0,0,1614,500.0
0,1,1614,198.0
0,2,1614,500.0
0,3,1614,500.0
0,4,1614,500.0
0,0,1615,500.0
0,1,1615,151.0
0,2,1615,500.0
0,3,1615,500.0
0,4,1615,357.0
0,0,1616,25.0
0,1,1616,189.0
0,2,1616,500.0
0,3,1616,269.0
0,4,1616,500.0
0,0,1617,52.0
0,1,1617,199.0
0,2,1617,500.0
0,3,1617,410.0
0,4,1617,243.0
0,0,1618,500.0
0,1,1618,219.0
0,2,1618,500.0
0,3,1618,329.0
0,4,1618,500.0
0,0,1619,18.0
0,1,1619,217.0
0,2,1619,500.0
0,3,1619,438.0
0,4,1619,369.0
0,0,1620,500.0
0,1,1620,224.0
0,2,1620,500.0
0,3,1620,379.0
0,4,1620,500.0
0,0,1621,22.0
0,1,1621,213.0
0,2,1621,500.0
0,3,1621,500.0
0,4,1621,500.0
0,0,1622,500.0
0,1,1622,190.0
0,2,1622,500.0
0,3,1622,500.0
0,4,1622,500.0
0,0,1623,19.0
0,1,1623,186.0
0,2,1623,500.0
0,3,1623,500.0
0,4,1623,500.0
0,0,1624,26.0
0,1,1624,188.0
0,2,1624,500.0
0,3,1624,456.0
0,4,1624,500.0
0,0,1625,21.0
0,1,1625,161.0
0,2,1625,500.0
0,3,1625,368.0
0,4,1625,500.0
0,0,1626,53.0
0,1,1626,199.0
0,2,1626,500.0
0,3,1626,318.0
0,4,1626,500.0
0,0,1627,19.0
0,1,1627,175.0
0,2,1627,500.0
0,3,1627,428.0
0,4,1627,500.0
0,0,1628,20.0
0,1,1628,180.0
0,2,1628,500.0
0,3,1628,435.0
0,4,1628,500.0
0,0,1629,16.0
0,1,1629,187.0
0,2,1629,500.0
0,3,1629,500.0
0,4,1629,500.0
0,0,1630,24.0
0,1,1630,222.0
0,2,1630,500.0
0,3,1630,227.0
0,4,1630,500.0
0,0,1631,500.0
0,1,1631,213.0
0,2,1631,321.0
0,3,1631,477.0
0,4,1631,500.0
0,0,1632,54.0
0,1,1632,209.0
0,2,1632,500.0
0,3,1632,500.0
0,4,1632,67.0
0,0,1633,14.0
0,1,1633,216.0
0,2,1633,500.0
0,3,1633,500.0
0,4,1633,500.0
0,0,1634,58.0
0,1,1634,262.0
0,2,1634,500.0
0,3,1634,500.0
0,4,1634,500.0
0,0,1635,20.0
0,1,1635,184.0
0,2,1635,500.0
0,3,1635,500.0
0,4,1635,500.0
0,0,1636,17.0
0,1,1636,220.0
0,2,1636,500.0
0,3,1636,500.0
0,4,1636,500.0
0,0,1637,57.0
0,1,1637,180.0
0,2,1637,500.0
0,3,1637,500.0
0,4,1637,500.0
0,0,1638,14.0
0,1,1638,232.0
0,2,1638,424.0
0,3,1638,500.0
0,4,1638,184.0
0,0,1639,27.0
0,1,1639,210.0
0,2,1639,500.0
0,3,1639,500.0
0,4,1639,500.0
0,0,1640,12.0
0,1,1640,217.0
0,2,1640,500.0
0,3,1640,500.0
0,4,1640,500.0
0,0,1641,55.0
0,1,1641,207.0
0,2,1641,500.0
0,3,1641,500.0
0,4,1641,238.0
0,0,1642,19.0
0,1,1642,196.0
0,2,1642,118.0
0,3,1642,433.0
0,4,1642,500.0
0,0,1643,500.0
0,1,1643,195.0
0,2,1643,500.0
0,3,1643,500.0
0,4,1643,305.0
0,0,1644,49.0
0,1,1644,222.0
0,2,1644,500.0
0,3,1644,457.0
0,4,1644,354.0
0,0,1645,47.0
0,1,1645,227.0
0,2,1645,492.0
0,3,1645,500.0
0,4,1645,500.0
0,0,1646,500.0
0,1,1646,215.0
0,2,1646,500.0
0,3,1646,500.0
0,4,1646,500.0
0,0,1647,500.0
0,1,1647,209.0
0,2,1647,407.0
0,3,1647,500.0
0,4,1647,500.0
0,0,1648,500.0
0,1,1648,241.0
0,2,1648,500.0
0,3,1648,500.0
0,4,1648,500.0
0,0,1649,500.0
0,1,1649,227.0
0,2,1649,212.0
0,3,1649,500.0
0,4,1649,500.0
0,0,1650,500.0
0,1,1650,268.0
0,2,1650,232.0
0,3,1650,500.0
0,4,1650,500.0
0,0,1651,51.0
0,1,1651,236.0
0,2,1651,500.0
0,3,1651,500.0
0,4,1651,148.0
0,0,1652,500.0
0,1,1652,235.0
0,2,1652,500.0
0,3,1652,500.0
0,4,1652,500.0
0,0,1653,500.0
0,1,1653,202.0
0,2,1653,500.0
0,3,1653,500.0
0,4,1653,500.0
0,0,1654,500.0
0,1,1654,233.0
0,2,1654,500.0
0,3,1654,500.0
0,4,1654,500.0
0,0,1655,500.0
0,1,1655,214.0
0,2,1655,49.0
0,3,1655,500.0
0,4,1655,500.0
0,0,1656,500.0
0,1,1656,248.0
0,2,1656,79.0
0,3,1656,500.0
0,4,1656,500.0
0,0,1657,500.0
0,1,1657,255.0
0,2,1657,82.0
0,3,1657,500.0
0,4,1657,500.0
0,0,1658,500.0
0,1,1658,267.0
0,2,1658,500.0
0,3,1658,500.0
0,4,1658,500.0
0,0,1659,500.0
0,1,1659,250.0
0,2,1659,500.0
0,3,1659,500.0
0,4,1659,500.0
0,0,1660,500.0
0,1,1660,254.0
0,2,1660,500.0
0,3,1660,500.0
0,4,1660,170.0
0,0,1661,500.0
0,1,1661,274.0
0,2,1661,500.0
0,3,1661,500.0
0,4,1661,500.0
0,0,1662,500.0
0,1,1662,244.0
0,2,1662,500.0
0,3,1662,500.0
0,4,1662,500.0
0,0,1663,500.0
0,1,1663,255.0
0,2,1663,500.0
0,3,1663,500.0
0,4,1663,500.0
0,0,1664,500.0
0,1,1664,293.0
0,2,1664,500.0
0,3,1664,500.0
0,4,1664,500.0
0,0,1665,500.0
0,1,1665,274.0
0,2,1665,500.0
0,3,1665,500.0
0,4,1665,90.0
0,0,1666,500.0
0,1,1666,243.0
0,2,1666,500.0
0,3,1666,500.0
0,4,1666,500.0
0,0,1667,500.0
0,1,1667,281.0
0,2,1667,500.0
0,3,1667,500.0
0,4,1667,500.0
0,0,1668,500.0
0,1,1668,276.0
0,2,1668,500.0
0,3,1668,500.0
0,4,1668,500.0
0,0,1669,500.0
0,1,1669,293.0
0,2,1669,500.0
0,3,1669,500.0
0,4,1669,500.0
0,0,1670,500.0
0,1,1670,260.0
0,2,1670,500.0
0,3,1670,500.0
0,4,1670,51.0
0,0,1671,500.0
0,1,1671,304.0
0,2,1671,500.0
0,3,1671,500.0
0,4,1671,500.0
0,0,1672,156.0
0,1,1672,290.0
0,2,1672,500.0
0,3,1672,500.0
0,4,1672,500.0
0,0,1673,500.0
0,1,1673,302.0
0,2,1673,500.0
0,3,1673,500.0
0,4,1673,500.0
0,0,1674,500.0
0,1,1674,281.0
0,2,1674,500.0
0,3,1674,500.0
0,4,1674,500.0
0,0,1675,500.0
0,1,1675,376.0
0,2,1675,500.0
0,3,1675,500.0
0,4,1675,500.0
0,0,1676,56.0
0,1,1676,292.0
0,2,1676,500.0
0,3,1676,500.0
0,4,1676,500.0
0,0,1677,500.0
0,1,1677,333.0
0,2,1677,500.0
0,3,1677,500.0
0,4,1677,500.0
0,0,1678,500.0
0,1,1678,373.0
0,2,1678,500.0
0,3,1678,500.0
0,4,1678,500.0
0,0,1679,500.0
0,1,1679,346.0
0,2,1679,500.0
0,3,1679,500.0
0,4,1679,500.0
0,0,1680,500.0
0,1,1680,370.0
0,2,1680,500.0
0,3,1680,500.0
0,4,1680,500.0
0,0,1681,500.0
0,1,1681,471.0
0,2,1681,500.0
0,3,1681,500.0
0,4,1681,500.0
0,0,1682,500.0
0,1,1682,430.0
0,2,1682,500.0
0,3,1682,500.0
0,4,1682,500.0
0,0,1683,500.0
0,1,1683,444.0
0,2,1683,500.0
0,3,1683,500.0
0,4,1683,500.0
0,0,1684,500.0
0,1,1684,500.0
0,2,1684,500.0
0,3,1684,500.0
0,4,1684,500.0
0,0,1685,49.0
0,1,1685,446.0
0,2,1685,500.0
0,3,1685,500.0
0,4,1685,500.0
0,0,1686,500.0
0,1,1686,465.0
0,2,1686,500.0
0,3,1686,500.0
0,4,1686,255.0
0,0,1687,500.0
0,1,1687,418.0
0,2,1687,500.0
0,3,1687,500.0
0,4,1687,500.0
0,0,1688,500.0
0,1,1688,500.0
0,2,1688,500.0
0,3,1688,500.0
0,4,1688,500.0
0,0,1689,500.0
0,1,1689,500.0
0,2,1689,500.0
0,3,1689,500.0
0,4,1689,500.0
0,0,1690,500.0
0,1,1690,500.0
0,2,1690,500.0
0,3,1690,500.0
0,4,1690,500.0
0,0,1691,500.0
0,1,1691,500.0
0,2,1691,500.0
0,3,1691,500.0
0,4,1691,500.0
0,0,1692,500.0
0,1,1692,500.0
0,2,1692,500.0
0,3,1692,500.0
0,4,1692,500.0
0,0,1693,500.0
0,1,1693,313.0
0,2,1693,500.0
0,3,1693,68.0
0,4,1693,500.0
0,0,1694,500.0
0,1,1694,151.0
0,2,1694,500.0
0,3,1694,312.0
0,4,1694,500.0
0,0,1695,500.0
0,1,1695,500.0
0,2,1695,500.0
0,3,1695,500.0
0,4,1695,500.0
0,0,1696,500.0
0,1,1696,500.0
0,2,1696,500.0
0,3,1696,500.0
0,4,1696,500.0
0,0,1697,500.0
0,1,1697,500.0
0,2,1697,500.0
0,3,1697,500.0
0,4,1697,303.0
0,0,1698,500.0
0,1,1698,500.0
0,2,1698,500.0
0,3,1698,500.0
0,4,1698,366.0
0,0,1699,56.0
0,1,1699,500.0
0,2,1699,500.0
0,3,1699,500.0
0,4,1699,500.0
0,0,1700,500.0
0,1,1700,359.0
0,2,1700,28.0
0,3,1700,500.0
0,4,1700,500.0
0,0,1701,500.0
0,1,1701,500.0
0,2,1701,102.0
0,3,1701,500.0
0,4,1701,500.0
0,0,1702,500.0
0,1,1702,500.0
0,2,1702,500.0
0,3,1702,500.0
0,4,1702,500.0
0,0,1703,500.0
0,1,1703,500.0
0,2,1703,500.0
0,3,1703,500.0
0,4,1703,500.0
0,0,1704,500.0
0,1,1704,500.0
0,2,1704,500.0
0,3,1704,226.0
0,4,1704,500.0
0,0,1705,500.0
0,1,1705,500.0
0,2,1705,500.0
0,3,1705,300.0
0,4,1705,500.0
0,0,1706,500.0
0,1,1706,500.0
0,2,1706,500.0
0,3,1706,500.0
0,4,1706,500.0
0,0,1707,500.0
0,1,1707,500.0
0,2,1707,500.0
0,3,1707,114.0
0,4,1707,500.0
0,0,1708,500.0
0,1,1708,447.0
0,2,1708,500.0
0,3,1708,500.0
0,4,1708,500.0
0,0,1709,500.0
0,1,1709,251.0
0,2,1709,500.0
0,3,1709,500.0
0,4,1709,500.0
0,0,1710,500.0
0,1,1710,391.0
0,2,1710,500.0
0,3,1710,139.0
0,4,1710,500.0
0,0,1711,500.0
0,1,1711,447.0
0,2,1711,500.0
0,3,1711,500.0
0,4,1711,500.0
0,0,1712,500.0
0,1,1712,500.0
0,2,1712,500.0
0,3,1712,270.0
0,4,1712,500.0
0,0,1713,500.0
0,1,1713,500.0
0,2,1713,500.0
0,3,1713,334.0
0,4,1713,500.0
0,0,1714,500.0
0,1,1714,500.0
0,2,1714,500.0
0,3,1714,72.0
0,4,1714,500.0
0,0,1715,500.0
0,1,1715,445.0
0,2,1715,500.0
0,3,1715,177.0
0,4,1715,500.0
0,0,1716,500.0
0,1,1716,500.0
0,2,1716,500.0
0,3,1716,76.0
0,4,1716,500.0
0,0,1717,500.0
0,1,1717,303.0
0,2,1717,500.0
0,3,1717,246.0
0,4,1717,500.0
0,0,1718,500.0
0,1,1718,490.0
0,2,1718,500.0
0,3,1718,83.0
0,4,1718,500.0
0,0,1719,500.0
0,1,1719,294.0
0,2,1719,500.0
0,3,1719,149.0
0,4,1719,500.0
0,0,1720,500.0
0,1,1720,393.0
0,2,1720,500.0
0,3,1720,500.0
0,4,1720,500.0
0,0,1721,500.0
0,1,1721,258.0
0,2,1721,479.0
0,3,1721,421.0
0,4,1721,500.0
0,0,1722,500.0
0,1,1722,415.0
0,2,1722,500.0
0,3,1722,421.0
0,4,1722,500.0
0,0,1723,500.0
0,1,1723,251.0
0,2,1723,500.0
0,3,1723,72.0
0,4,1723,500.0
0,0,1724,500.0
0,1,1724,350.0
0,2,1724,500.0
0,3,1724,119.0
0,4,1724,500.0
0,0,1725,500.0
0,1,1725,352.0
0,2,1725,500.0
0,3,1725,293.0
0,4,1725,500.0
0,0,1726,500.0
0,1,1726,275.0
0,2,1726,500.0
0,3,1726,106.0
0,4,1726,500.0
0,0,1727,500.0
0,1,1727,310.0
0,2,1727,500.0
0,3,1727,485.0
0,4,1727,500.0
0,0,1728,500.0
0,1,1728,242.0
0,2,1728,500.0
0,3,1728,345.0
0,4,1728,500.0
0,0,1729,52.0
0,1,1729,250.0
0,2,1729,500.0
0,3,1729,118.0
0,4,1729,500.0
0,0,1730,500.0
0,1,1730,220.0
0,2,1730,500.0
0,3,1730,199.0
0,4,1730,500.0
0,0,1731,500.0
0,1,1731,245.0
0,2,1731,500.0
0,3,1731,119.0
0,4,1731,500.0
0,0,1732,500.0
0,1,1732,254.0
0,2,1732,500.0
0,3,1732,252.0
0,4,1732,157.0
0,0,1733,500.0
0,1,1733,259.0
0,2,1733,500.0
0,3,1733,500.0
0,4,1733,500.0
0,0,1734,500.0
0,1,1734,259.0
0,2,1734,500.0
0,3,1734,500.0
0,4,1734,500.0
0,0,1735,500.0
0,1,1735,194.0
0,2,1735,500.0
0,3,1735,500.0
0,4,1735,500.0
0,0,1736,500.0
0,1,1736,138.0
0,2,1736,500.0
0,3,1736,72.0
0,4,1736,500.0
0,0,1737,500.0
0,1,1737,171.0
0,2,1737,500.0
0,3,1737,500.0
0,4,1737,500.0
0,0,1738,500.0
0,1,1738,310.0
0,2,1738,500.0
0,3,1738,500.0
0,4,1738,500.0
0,0,1739,500.0
0,1,1739,268.0
0,2,1739,500.0
0,3,1739,152.0
0,4,1739,500.0
0,0,1740,500.0
0,1,1740,230.0
0,2,1740,500.0
0,3,1740,500.0
0,4,1740,500.0
0,0,1741,500.0
0,1,1741,355.0
0,2,1741,500.0
0,3,1741,122.0
0,4,1741,500.0
0,0,1742,500.0
0,1,1742,283.0
0,2,1742,500.0
0,3,1742,63.0
0,4,1742,500.0
0,0,1743,500.0
0,1,1743,329.0
0,2,1743,500.0
0,3,1743,56.0
0,4,1743,500.0
0,0,1744,500.0
0,1,1744,315.0
0,2,1744,500.0
0,3,1744,500.0
0,4,1744,500.0
0,0,1745,500.0
0,1,1745,383.0
0,2,1745,500.0
0,3,1745,500.0
0,4,1745,500.0
0,0,1746,500.0
0,1,1746,257.0
0,2,1746,500.0
0,3,1746,52.0
0,4,1746,500.0
0,0,1747,500.0
0,1,1747,281.0
0,2,1747,500.0
0,3,1747,500.0
0,4,1747,500.0
0,0,1748,500.0
0,1,1748,370.0
0,2,1748,500.0
0,3,1748,500.0
0,4,1748,500.0
0,0,1749,500.0
0,1,1749,357.0
0,2,1749,500.0
0,3,1749,500.0
0,4,1749,500.0
0,0,1750,500.0
0,1,1750,348.0
0,2,1750,500.0
0,3,1750,455.0
0,4,1750,500.0
0,0,1751,462.0
0,1,1751,409.0
0,2,1751,500.0
0,3,1751,52.0
0,4,1751,500.0
0,0,1752,500.0
0,1,1752,395.0
0,2,1752,500.0
0,3,1752,500.0
0,4,1752,500.0
0,0,1753,500.0
0,1,1753,384.0
0,2,1753,500.0
0,3,1753,61.0
0,4,1753,500.0
0,0,1754,500.0
0,1,1754,324.0
0,2,1754,500.0
0,3,1754,500.0
0,4,1754,500.0
0,0,1755,500.0
0,1,1755,329.0
0,2,1755,500.0
0,3,1755,65.0
0,4,1755,500.0
0,0,1756,500.0
0,1,1756,261.0
0,2,1756,500.0
0,3,1756,53.0
0,4,1756,500.0
0,0,1757,37.0
0,1,1757,423.0
0,2,1757,500.0
0,3,1757,500.0
0,4,1757,500.0
0,0,1758,500.0
0,1,1758,372.0
0,2,1758,500.0
0,3,1758,57.0
0,4,1758,500.0
0,0,1759,500.0
0,1,1759,500.0
0,2,1759,500.0
0,3,1759,24.0
0,4,1759,500.0
0,0,1760,500.0
0,1,1760,500.0
0,2,1760,500.0
0,3,1760,22.0
0,4,1760,500.0
0,0,1761,18.0
0,1,1761,500.0
0,2,1761,500.0
0,3,1761,62.0
0,4,1761,500.0
0,0,1762,500.0
0,1,1762,500.0
0,2,1762,500.0
0,3,1762,15.0
0,4,1762,500.0
0,0,1763,500.0
0,1,1763,500.0
0,2,1763,500.0
0,3,1763,14.0
0,4,1763,500.0
0,0,1764,500.0
0,1,1764,500.0
0,2,1764,500.0
0,3,1764,12.0
0,4,1764,500.0
0,0,1765,500.0
0,1,1765,500.0
0,2,1765,500.0
0,3,1765,64.0
0,4,1765,500.0
0,0,1766,500.0
0,1,1766,398.0
0,2,1766,500.0
0,3,1766,16.0
0,4,1766,500.0
0,0,1767,500.0
0,1,1767,500.0
0,2,1767,500.0
0,3,1767,69.0
0,4,1767,500.0
0,0,1768,500.0
0,1,1768,500.0
0,2,1768,500.0
0,3,1768,20.0
0,4,1768,500.0
0,0,1769,500.0
0,1,1769,500.0
0,2,1769,500.0
0,3,1769,74.0
0,4,1769,500.0
0,0,1770,500.0
0,1,1770,500.0
0,2,1770,500.0
0,3,1770,19.0
0,4,1770,500.0
0,0,1771,500.0
0,1,1771,500.0
0,2,1771,500.0
0,3,1771,59.0
0,4,1771,500.0
0,0,1772,500.0
0,1,1772,500.0
0,2,1772,500.0
0,3,1772,21.0
0,4,1772,500.0
0,0,1773,500.0
0,1,1773,500.0
0,2,1773,500.0
0,3,1773,22.0
0,4,1773,500.0
0,0,1774,500.0
0,1,1774,500.0
0,2,1774,500.0
0,3,1774,22.0
0,4,1774,500.0
0,0,1775,19.0
0,1,1775,500.0
0,2,1775,500.0
0,3,1775,26.0
0,4,1775,500.0
0,0,1776,500.0
0,1,1776,500.0
0,2,1776,500.0
0,3,1776,25.0
0,4,1776,500.0
0,0,1777,500.0
0,1,1777,500.0
0,2,1777,500.0
0,3,1777,500.0
0,4,1777,500.0
0,0,1778,500.0
0,1,1778,500.0
0,2,1778,500.0
0,3,1778,21.0
0,4,1778,500.0
0,0,1779,500.0
0,1,1779,500.0
0,2,1779,500.0
0,3,1779,77.0
0,4,1779,500.0
0,0,1780,500.0
0,1,1780,500.0
0,2,1780,500.0
0,3,1780,26.0
0,4,1780,500.0
0,0,1781,500.0
0,1,1781,500.0
0,2,1781,500.0
0,3,1781,67.0
0,4,1781,500.0
0,0,1782,500.0
0,1,1782,500.0
0,2,1782,500.0
0,3,1782,20.0
0,4,1782,500.0
0,0,1783,500.0
0,1,1783,500.0
0,2,1783,500.0
0,3,1783,72.0
0,4,1783,500.0
0,0,1784,500.0
0,1,1784,500.0
0,2,1784,500.0
0,3,1784,17.0
0,4,1784,500.0
0,0,1785,500.0
0,1,1785,500.0
0,2,1785,500.0
0,3,1785,18.0
0,4,1785,500.0
0,0,1786,500.0
0,1,1786,500.0
0,2,1786,500.0
0,3,1786,71.0
0,4,1786,500.0
0,0,1787,500.0
0,1,1787,500.0
0,2,1787,500.0
0,3,1787,88.0
0,4,1787,500.0
0,0,1788,500.0
0,1,1788,500.0
0,2,1788,42.0
0,3,1788,83.0
0,4,1788,500.0
0,0,1789,183.0
0,1,1789,500.0
0,2,1789,402.0
0,3,1789,13.0
0,4,1789,500.0
0,0,1790,500.0
0,1,1790,500.0
0,2,1790,500.0
0,3,1790,21.0
0,4,1790,500.0
0,0,1791,500.0
0,1,1791,500.0
0,2,1791,115.0
0,3,1791,67.0
0,4,1791,500.0
0,0,1792,500.0
0,1,1792,500.0
0,2,1792,500.0
0,3,1792,500.0
0,4,1792,500.0
0,0,1793,500.0
0,1,1793,500.0
0,2,1793,500.0
0,3,1793,92.0
0,4,1793,389.0
0,0,1794,500.0
0,1,1794,445.0
0,2,1794,415.0
0,3,1794,18.0
0,4,1794,112.0
0,0,1795,500.0
0,1,1795,355.0
0,2,1795,498.0
0,3,1795,83.0
0,4,1795,86.0
0,0,1796,500.0
0,1,1796,323.0
0,2,1796,27.0
0,3,1796,269.0
0,4,1796,500.0
0,0,1797,500.0
0,1,1797,332.0
0,2,1797,335.0
0,3,1797,201.0
0,4,1797,457.0
0,0,1798,500.0
0,1,1798,281.0
0,2,1798,500.0
0,3,1798,22.0
0,4,1798,500.0
0,0,1799,500.0
0,1,1799,312.0
0,2,1799,500.0
0,3,1799,81.0
0,4,1799,500.0
